province,hour_bin,weekday_name_th,season,accident_count,deaths,injuries,severity_sum,accidents_per_year,risk_score_raw,risk_level
กระบี่,กลางดึก (00:00-05:59),จันทร์,rainy,14,1.0,7.0,11.0,1.75,2.4375,ปานกลาง
กระบี่,กลางดึก (00:00-05:59),จันทร์,summer,5,0.0,3.0,2.0,0.625,0.75,ต่ำ
กระบี่,กลางดึก (00:00-05:59),จันทร์,winter,9,1.0,19.0,28.0,1.125,2.875,ปานกลาง
กระบี่,กลางดึก (00:00-05:59),พฤหัสบดี,rainy,9,1.0,8.0,11.0,1.125,1.8125,ปานกลาง
กระบี่,กลางดึก (00:00-05:59),พฤหัสบดี,summer,5,1.0,3.0,6.0,0.625,1.0,ต่ำ
กระบี่,กลางดึก (00:00-05:59),พฤหัสบดี,winter,10,0.0,8.0,7.0,1.25,1.6875,ปานกลาง
กระบี่,กลางดึก (00:00-05:59),พุธ,rainy,9,0.0,3.0,3.0,1.125,1.3125,ต่ำ
กระบี่,กลางดึก (00:00-05:59),พุธ,summer,6,0.0,5.0,5.0,0.75,1.0625,ต่ำ
กระบี่,กลางดึก (00:00-05:59),พุธ,winter,7,0.0,5.0,6.0,0.875,1.25,ต่ำ
กระบี่,กลางดึก (00:00-05:59),ศุกร์,rainy,10,1.0,9.0,16.0,1.25,2.25,ปานกลาง
กระบี่,กลางดึก (00:00-05:59),ศุกร์,summer,8,1.0,3.0,6.0,1.0,1.375,ต่ำ
กระบี่,กลางดึก (00:00-05:59),ศุกร์,winter,6,0.0,6.0,6.0,0.75,1.125,ต่ำ
กระบี่,กลางดึก (00:00-05:59),อังคาร,rainy,10,0.0,8.0,8.0,1.25,1.75,ปานกลาง
กระบี่,กลางดึก (00:00-05:59),อังคาร,summer,9,0.0,6.0,5.0,1.125,1.4375,ต่ำ
กระบี่,กลางดึก (00:00-05:59),อังคาร,winter,14,2.0,11.0,17.0,1.75,2.8125,ปานกลาง
กระบี่,กลางดึก (00:00-05:59),อาทิตย์,rainy,14,0.0,8.0,8.0,1.75,2.25,ปานกลาง
กระบี่,กลางดึก (00:00-05:59),อาทิตย์,summer,14,5.0,22.0,30.0,1.75,3.625,สูง
กระบี่,กลางดึก (00:00-05:59),อาทิตย์,winter,11,0.0,9.0,9.0,1.375,1.9375,ปานกลาง
กระบี่,กลางดึก (00:00-05:59),เสาร์,rainy,13,1.0,6.0,9.0,1.625,2.1875,ปานกลาง
กระบี่,กลางดึก (00:00-05:59),เสาร์,summer,8,1.0,5.0,5.0,1.0,1.3125,ต่ำ
กระบี่,กลางดึก (00:00-05:59),เสาร์,winter,7,0.0,5.0,5.0,0.875,1.1875,ต่ำ
กระบี่,กลางวัน (09:00-15:59),จันทร์,rainy,25,1.0,20.0,24.0,3.125,4.625,สูง
กระบี่,กลางวัน (09:00-15:59),จันทร์,summer,13,1.0,17.0,18.0,1.625,2.75,ปานกลาง
กระบี่,กลางวัน (09:00-15:59),จันทร์,winter,35,3.0,32.0,45.0,4.375,7.1875,สูงมาก
กระบี่,กลางวัน (09:00-15:59),พฤหัสบดี,rainy,26,3.0,52.0,73.0,3.25,7.8125,สูงมาก
กระบี่,กลางวัน (09:00-15:59),พฤหัสบดี,summer,14,0.0,27.0,29.0,1.75,3.5625,สูง
กระบี่,กลางวัน (09:00-15:59),พฤหัสบดี,winter,28,7.0,72.0,109.0,3.5,10.3125,สูงมาก
กระบี่,กลางวัน (09:00-15:59),พุธ,rainy,26,2.0,36.0,30.0,3.25,5.125,สูงมาก
กระบี่,กลางวัน (09:00-15:59),พุธ,summer,17,2.0,13.0,18.0,2.125,3.25,สูง
กระบี่,กลางวัน (09:00-15:59),พุธ,winter,15,2.0,11.0,17.0,1.875,2.9375,ปานกลาง
กระบี่,กลางวัน (09:00-15:59),ศุกร์,rainy,18,8.0,22.0,49.0,2.25,5.3125,สูงมาก
กระบี่,กลางวัน (09:00-15:59),ศุกร์,summer,18,1.0,31.0,36.0,2.25,4.5,สูง
กระบี่,กลางวัน (09:00-15:59),ศุกร์,winter,31,2.0,32.0,39.0,3.875,6.3125,สูงมาก
กระบี่,กลางวัน (09:00-15:59),อังคาร,rainy,25,4.0,17.0,36.0,3.125,5.375,สูงมาก
กระบี่,กลางวัน (09:00-15:59),อังคาร,summer,24,1.0,22.0,27.0,3.0,4.6875,สูง
กระบี่,กลางวัน (09:00-15:59),อังคาร,winter,20,3.0,16.0,17.0,2.5,3.5625,สูง
กระบี่,กลางวัน (09:00-15:59),อาทิตย์,rainy,17,1.0,10.0,15.0,2.125,3.0625,สูง
กระบี่,กลางวัน (09:00-15:59),อาทิตย์,summer,20,2.0,27.0,25.0,2.5,4.0625,สูง
กระบี่,กลางวัน (09:00-15:59),อาทิตย์,winter,23,3.0,24.0,29.0,2.875,4.6875,สูง
กระบี่,กลางวัน (09:00-15:59),เสาร์,rainy,18,1.0,14.0,17.0,2.25,3.3125,สูง
กระบี่,กลางวัน (09:00-15:59),เสาร์,summer,17,3.0,25.0,30.0,2.125,4.0,สูง
กระบี่,กลางวัน (09:00-15:59),เสาร์,winter,26,1.0,37.0,35.0,3.25,5.4375,สูงมาก
กระบี่,หัวค่ำ-ดึก (19:00-23:59),จันทร์,rainy,16,6.0,21.0,51.0,2.0,5.1875,สูงมาก
กระบี่,หัวค่ำ-ดึก (19:00-23:59),จันทร์,summer,10,1.0,8.0,9.0,1.25,1.8125,ปานกลาง
กระบี่,หัวค่ำ-ดึก (19:00-23:59),จันทร์,winter,15,2.0,15.0,25.0,1.875,3.4375,สูง
กระบี่,หัวค่ำ-ดึก (19:00-23:59),พฤหัสบดี,rainy,8,2.0,4.0,12.0,1.0,1.75,ปานกลาง
กระบี่,หัวค่ำ-ดึก (19:00-23:59),พฤหัสบดี,summer,15,4.0,27.0,39.0,1.875,4.3125,สูง
กระบี่,หัวค่ำ-ดึก (19:00-23:59),พฤหัสบดี,winter,11,0.0,18.0,12.0,1.375,2.125,ปานกลาง
กระบี่,หัวค่ำ-ดึก (19:00-23:59),พุธ,rainy,14,2.0,26.0,22.0,1.75,3.125,สูง
กระบี่,หัวค่ำ-ดึก (19:00-23:59),พุธ,summer,9,1.0,8.0,10.0,1.125,1.75,ปานกลาง
กระบี่,หัวค่ำ-ดึก (19:00-23:59),พุธ,winter,18,3.0,12.0,26.0,2.25,3.875,สูง
กระบี่,หัวค่ำ-ดึก (19:00-23:59),ศุกร์,rainy,6,1.0,12.0,16.0,0.75,1.75,ปานกลาง
กระบี่,หัวค่ำ-ดึก (19:00-23:59),ศุกร์,summer,6,3.0,7.0,15.0,0.75,1.6875,ปานกลาง
กระบี่,หัวค่ำ-ดึก (19:00-23:59),ศุกร์,winter,16,4.0,13.0,28.0,2.0,3.75,สูง
กระบี่,หัวค่ำ-ดึก (19:00-23:59),อังคาร,rainy,7,6.0,8.0,26.0,0.875,2.5,ปานกลาง
กระบี่,หัวค่ำ-ดึก (19:00-23:59),อังคาร,summer,12,5.0,8.0,18.0,1.5,2.625,ปานกลาง
กระบี่,หัวค่ำ-ดึก (19:00-23:59),อังคาร,winter,13,0.0,12.0,7.0,1.625,2.0625,ปานกลาง
กระบี่,หัวค่ำ-ดึก (19:00-23:59),อาทิตย์,rainy,13,0.0,8.0,8.0,1.625,2.125,ปานกลาง
กระบี่,หัวค่ำ-ดึก (19:00-23:59),อาทิตย์,summer,15,1.0,12.0,15.0,1.875,2.8125,ปานกลาง
กระบี่,หัวค่ำ-ดึก (19:00-23:59),อาทิตย์,winter,10,2.0,11.0,16.0,1.25,2.25,ปานกลาง
กระบี่,หัวค่ำ-ดึก (19:00-23:59),เสาร์,rainy,13,3.0,17.0,24.0,1.625,3.125,สูง
กระบี่,หัวค่ำ-ดึก (19:00-23:59),เสาร์,summer,6,0.0,7.0,9.0,0.75,1.3125,ต่ำ
กระบี่,หัวค่ำ-ดึก (19:00-23:59),เสาร์,winter,21,3.0,27.0,32.0,2.625,4.625,สูง
กระบี่,เร่งด่วนเช้า (06:00-08:59),จันทร์,rainy,11,0.0,9.0,9.0,1.375,1.9375,ปานกลาง
กระบี่,เร่งด่วนเช้า (06:00-08:59),จันทร์,summer,2,0.0,4.0,4.0,0.25,0.5,ต่ำ
กระบี่,เร่งด่วนเช้า (06:00-08:59),จันทร์,winter,5,1.0,4.0,9.0,0.625,1.1875,ต่ำ
กระบี่,เร่งด่วนเช้า (06:00-08:59),พฤหัสบดี,rainy,9,6.0,5.0,23.0,1.125,2.5625,ปานกลาง
กระบี่,เร่งด่วนเช้า (06:00-08:59),พฤหัสบดี,summer,7,3.0,6.0,14.0,0.875,1.75,ปานกลาง
กระบี่,เร่งด่วนเช้า (06:00-08:59),พฤหัสบดี,winter,9,0.0,4.0,4.0,1.125,1.375,ต่ำ
กระบี่,เร่งด่วนเช้า (06:00-08:59),พุธ,rainy,10,1.0,10.0,13.0,1.25,2.0625,ปานกลาง
กระบี่,เร่งด่วนเช้า (06:00-08:59),พุธ,summer,10,3.0,14.0,22.0,1.25,2.625,ปานกลาง
กระบี่,เร่งด่วนเช้า (06:00-08:59),พุธ,winter,9,4.0,6.0,18.0,1.125,2.25,ปานกลาง
กระบี่,เร่งด่วนเช้า (06:00-08:59),ศุกร์,rainy,11,2.0,9.0,16.0,1.375,2.375,ปานกลาง
กระบี่,เร่งด่วนเช้า (06:00-08:59),ศุกร์,summer,6,1.0,9.0,15.0,0.75,1.6875,ปานกลาง
กระบี่,เร่งด่วนเช้า (06:00-08:59),ศุกร์,winter,6,0.0,17.0,20.0,0.75,2.0,ปานกลาง
กระบี่,เร่งด่วนเช้า (06:00-08:59),อังคาร,rainy,14,1.0,13.0,16.0,1.75,2.75,ปานกลาง
กระบี่,เร่งด่วนเช้า (06:00-08:59),อังคาร,summer,7,2.0,3.0,9.0,0.875,1.4375,ต่ำ
กระบี่,เร่งด่วนเช้า (06:00-08:59),อังคาร,winter,2,0.0,3.0,3.0,0.25,0.4375,ต่ำ
กระบี่,เร่งด่วนเช้า (06:00-08:59),อาทิตย์,rainy,6,1.0,7.0,11.0,0.75,1.4375,ต่ำ
กระบี่,เร่งด่วนเช้า (06:00-08:59),อาทิตย์,summer,6,0.0,9.0,7.0,0.75,1.1875,ต่ำ
กระบี่,เร่งด่วนเช้า (06:00-08:59),อาทิตย์,winter,5,1.0,5.0,12.0,0.625,1.375,ต่ำ
กระบี่,เร่งด่วนเช้า (06:00-08:59),เสาร์,rainy,5,0.0,2.0,2.0,0.625,0.75,ต่ำ
กระบี่,เร่งด่วนเช้า (06:00-08:59),เสาร์,summer,6,0.0,4.0,1.0,0.75,0.8125,ต่ำ
กระบี่,เร่งด่วนเช้า (06:00-08:59),เสาร์,winter,5,2.0,3.0,7.0,0.625,1.0625,ต่ำ
กระบี่,เร่งด่วนเย็น (16:00-18:59),จันทร์,rainy,12,3.0,7.0,15.0,1.5,2.4375,ปานกลาง
กระบี่,เร่งด่วนเย็น (16:00-18:59),จันทร์,summer,7,1.0,4.0,4.0,0.875,1.125,ต่ำ
กระบี่,เร่งด่วนเย็น (16:00-18:59),จันทร์,winter,7,1.0,10.0,12.0,0.875,1.625,ต่ำ
กระบี่,เร่งด่วนเย็น (16:00-18:59),พฤหัสบดี,rainy,12,0.0,3.0,3.0,1.5,1.6875,ปานกลาง
กระบี่,เร่งด่วนเย็น (16:00-18:59),พฤหัสบดี,summer,14,0.0,19.0,16.0,1.75,2.75,ปานกลาง
กระบี่,เร่งด่วนเย็น (16:00-18:59),พฤหัสบดี,winter,8,2.0,6.0,12.0,1.0,1.75,ปานกลาง
กระบี่,เร่งด่วนเย็น (16:00-18:59),พุธ,rainy,8,1.0,23.0,24.0,1.0,2.5,ปานกลาง
กระบี่,เร่งด่วนเย็น (16:00-18:59),พุธ,summer,15,2.0,11.0,15.0,1.875,2.8125,ปานกลาง
กระบี่,เร่งด่วนเย็น (16:00-18:59),พุธ,winter,11,0.0,10.0,10.0,1.375,2.0,ปานกลาง
กระบี่,เร่งด่วนเย็น (16:00-18:59),ศุกร์,rainy,11,1.0,20.0,25.0,1.375,2.9375,ปานกลาง
กระบี่,เร่งด่วนเย็น (16:00-18:59),ศุกร์,summer,8,2.0,4.0,11.0,1.0,1.6875,ปานกลาง
กระบี่,เร่งด่วนเย็น (16:00-18:59),ศุกร์,winter,13,2.0,14.0,22.0,1.625,3.0,สูง
กระบี่,เร่งด่วนเย็น (16:00-18:59),อังคาร,rainy,13,1.0,15.0,23.0,1.625,3.0625,สูง
กระบี่,เร่งด่วนเย็น (16:00-18:59),อังคาร,summer,8,1.0,6.0,9.0,1.0,1.5625,ต่ำ
กระบี่,เร่งด่วนเย็น (16:00-18:59),อังคาร,winter,10,2.0,12.0,19.0,1.25,2.4375,ปานกลาง
กระบี่,เร่งด่วนเย็น (16:00-18:59),อาทิตย์,rainy,5,2.0,6.0,15.0,0.625,1.5625,ต่ำ
กระบี่,เร่งด่วนเย็น (16:00-18:59),อาทิตย์,summer,11,2.0,21.0,24.0,1.375,2.875,ปานกลาง
กระบี่,เร่งด่วนเย็น (16:00-18:59),อาทิตย์,winter,10,1.0,15.0,18.0,1.25,2.375,ปานกลาง
กระบี่,เร่งด่วนเย็น (16:00-18:59),เสาร์,rainy,8,1.0,6.0,9.0,1.0,1.5625,ต่ำ
กระบี่,เร่งด่วนเย็น (16:00-18:59),เสาร์,summer,9,3.0,4.0,15.0,1.125,2.0625,ปานกลาง
กระบี่,เร่งด่วนเย็น (16:00-18:59),เสาร์,winter,15,1.0,21.0,20.0,1.875,3.125,สูง
กรุงเทพมหานคร,กลางดึก (00:00-05:59),จันทร์,rainy,113,9.0,57.0,82.0,14.125,19.25,สูงมาก
กรุงเทพมหานคร,กลางดึก (00:00-05:59),จันทร์,summer,89,3.0,57.0,70.0,11.125,15.5,สูงมาก
กรุงเทพมหานคร,กลางดึก (00:00-05:59),จันทร์,winter,110,5.0,70.0,82.0,13.75,18.875,สูงมาก
กรุงเทพมหานคร,กลางดึก (00:00-05:59),พฤหัสบดี,rainy,126,6.0,94.0,95.0,15.75,21.6875,สูงมาก
กรุงเทพมหานคร,กลางดึก (00:00-05:59),พฤหัสบดี,summer,89,3.0,58.0,66.0,11.125,15.25,สูงมาก
กรุงเทพมหานคร,กลางดึก (00:00-05:59),พฤหัสบดี,winter,91,5.0,56.0,75.0,11.375,16.0625,สูงมาก
กรุงเทพมหานคร,กลางดึก (00:00-05:59),พุธ,rainy,126,11.0,72.0,100.0,15.75,22.0,สูงมาก
กรุงเทพมหานคร,กลางดึก (00:00-05:59),พุธ,summer,85,6.0,55.0,73.0,10.625,15.1875,สูงมาก
กรุงเทพมหานคร,กลางดึก (00:00-05:59),พุธ,winter,97,5.0,54.0,69.0,12.125,16.4375,สูงมาก
กรุงเทพมหานคร,กลางดึก (00:00-05:59),ศุกร์,rainy,124,6.0,71.0,96.0,15.5,21.5,สูงมาก
กรุงเทพมหานคร,กลางดึก (00:00-05:59),ศุกร์,summer,93,7.0,66.0,86.0,11.625,17.0,สูงมาก
กรุงเทพมหานคร,กลางดึก (00:00-05:59),ศุกร์,winter,123,4.0,89.0,102.0,15.375,21.75,สูงมาก
กรุงเทพมหานคร,กลางดึก (00:00-05:59),อังคาร,rainy,118,4.0,71.0,87.0,14.75,20.1875,สูงมาก
กรุงเทพมหานคร,กลางดึก (00:00-05:59),อังคาร,summer,78,3.0,50.0,58.0,9.75,13.375,สูงมาก
กรุงเทพมหานคร,กลางดึก (00:00-05:59),อังคาร,winter,85,7.0,88.0,107.0,10.625,17.3125,สูงมาก
กรุงเทพมหานคร,กลางดึก (00:00-05:59),อาทิตย์,rainy,156,6.0,114.0,126.0,19.5,27.375,สูงมาก
กรุงเทพมหานคร,กลางดึก (00:00-05:59),อาทิตย์,summer,96,2.0,70.0,74.0,12.0,16.625,สูงมาก
กรุงเทพมหานคร,กลางดึก (00:00-05:59),อาทิตย์,winter,138,8.0,83.0,104.0,17.25,23.75,สูงมาก
กรุงเทพมหานคร,กลางดึก (00:00-05:59),เสาร์,rainy,189,4.0,135.0,136.0,23.625,32.125,สูงมาก
กรุงเทพมหานคร,กลางดึก (00:00-05:59),เสาร์,summer,113,9.0,72.0,95.0,14.125,20.0625,สูงมาก
กรุงเทพมหานคร,กลางดึก (00:00-05:59),เสาร์,winter,144,13.0,78.0,116.0,18.0,25.25,สูงมาก
กรุงเทพมหานคร,กลางวัน (09:00-15:59),จันทร์,rainy,325,5.0,150.0,163.0,40.625,50.8125,สูงมาก
กรุงเทพมหานคร,กลางวัน (09:00-15:59),จันทร์,summer,222,4.0,95.0,106.0,27.75,34.375,สูงมาก
กรุงเทพมหานคร,กลางวัน (09:00-15:59),จันทร์,winter,263,4.0,128.0,135.0,32.875,41.3125,สูงมาก
กรุงเทพมหานคร,กลางวัน (09:00-15:59),พฤหัสบดี,rainy,311,0.0,121.0,119.0,38.875,46.3125,สูงมาก
กรุงเทพมหานคร,กลางวัน (09:00-15:59),พฤหัสบดี,summer,200,4.0,91.0,103.0,25.0,31.4375,สูงมาก
กรุงเทพมหานคร,กลางวัน (09:00-15:59),พฤหัสบดี,winter,251,6.0,125.0,140.0,31.375,40.125,สูงมาก
กรุงเทพมหานคร,กลางวัน (09:00-15:59),พุธ,rainy,303,2.0,131.0,131.0,37.875,46.0625,สูงมาก
กรุงเทพมหานคร,กลางวัน (09:00-15:59),พุธ,summer,226,2.0,100.0,99.0,28.25,34.4375,สูงมาก
กรุงเทพมหานคร,กลางวัน (09:00-15:59),พุธ,winter,291,1.0,165.0,161.0,36.375,46.4375,สูงมาก
กรุงเทพมหานคร,กลางวัน (09:00-15:59),ศุกร์,rainy,352,2.0,170.0,160.0,44.0,54.0,สูงมาก
กรุงเทพมหานคร,กลางวัน (09:00-15:59),ศุกร์,summer,214,2.0,125.0,132.0,26.75,35.0,สูงมาก
กรุงเทพมหานคร,กลางวัน (09:00-15:59),ศุกร์,winter,312,0.0,145.0,140.0,39.0,47.75,สูงมาก
กรุงเทพมหานคร,กลางวัน (09:00-15:59),อังคาร,rainy,332,3.0,149.0,156.0,41.5,51.25,สูงมาก
กรุงเทพมหานคร,กลางวัน (09:00-15:59),อังคาร,summer,233,1.0,102.0,99.0,29.125,35.3125,สูงมาก
กรุงเทพมหานคร,กลางวัน (09:00-15:59),อังคาร,winter,259,5.0,131.0,153.0,32.375,41.9375,สูงมาก
กรุงเทพมหานคร,กลางวัน (09:00-15:59),อาทิตย์,rainy,238,3.0,104.0,104.0,29.75,36.25,สูงมาก
กรุงเทพมหานคร,กลางวัน (09:00-15:59),อาทิตย์,summer,173,6.0,72.0,86.0,21.625,27.0,สูงมาก
กรุงเทพมหานคร,กลางวัน (09:00-15:59),อาทิตย์,winter,209,5.0,128.0,140.0,26.125,34.875,สูงมาก
กรุงเทพมหานคร,กลางวัน (09:00-15:59),เสาร์,rainy,418,6.0,219.0,218.0,52.25,65.875,สูงมาก
กรุงเทพมหานคร,กลางวัน (09:00-15:59),เสาร์,summer,237,0.0,114.0,119.0,29.625,37.0625,สูงมาก
กรุงเทพมหานคร,กลางวัน (09:00-15:59),เสาร์,winter,323,3.0,184.0,193.0,40.375,52.4375,สูงมาก
กรุงเทพมหานคร,หัวค่ำ-ดึก (19:00-23:59),จันทร์,rainy,201,6.0,88.0,107.0,25.125,31.8125,สูงมาก
กรุงเทพมหานคร,หัวค่ำ-ดึก (19:00-23:59),จันทร์,summer,111,2.0,79.0,87.0,13.875,19.3125,สูงมาก
กรุงเทพมหานคร,หัวค่ำ-ดึก (19:00-23:59),จันทร์,winter,147,4.0,89.0,95.0,18.375,24.3125,สูงมาก
กรุงเทพมหานคร,หัวค่ำ-ดึก (19:00-23:59),พฤหัสบดี,rainy,200,6.0,115.0,131.0,25.0,33.1875,สูงมาก
กรุงเทพมหานคร,หัวค่ำ-ดึก (19:00-23:59),พฤหัสบดี,summer,120,2.0,60.0,64.0,15.0,19.0,สูงมาก
กรุงเทพมหานคร,หัวค่ำ-ดึก (19:00-23:59),พฤหัสบดี,winter,149,2.0,73.0,78.0,18.625,23.5,สูงมาก
กรุงเทพมหานคร,หัวค่ำ-ดึก (19:00-23:59),พุธ,rainy,170,3.0,120.0,126.0,21.25,29.125,สูงมาก
กรุงเทพมหานคร,หัวค่ำ-ดึก (19:00-23:59),พุธ,summer,108,8.0,77.0,104.0,13.5,20.0,สูงมาก
กรุงเทพมหานคร,หัวค่ำ-ดึก (19:00-23:59),พุธ,winter,159,11.0,102.0,138.0,19.875,28.5,สูงมาก
กรุงเทพมหานคร,หัวค่ำ-ดึก (19:00-23:59),ศุกร์,rainy,291,7.0,172.0,194.0,36.375,48.5,สูงมาก
กรุงเทพมหานคร,หัวค่ำ-ดึก (19:00-23:59),ศุกร์,summer,151,4.0,86.0,105.0,18.875,25.4375,สูงมาก
กรุงเทพมหานคร,หัวค่ำ-ดึก (19:00-23:59),ศุกร์,winter,200,2.0,105.0,111.0,25.0,31.9375,สูงมาก
กรุงเทพมหานคร,หัวค่ำ-ดึก (19:00-23:59),อังคาร,rainy,195,6.0,130.0,140.0,24.375,33.125,สูงมาก
กรุงเทพมหานคร,หัวค่ำ-ดึก (19:00-23:59),อังคาร,summer,115,1.0,81.0,82.0,14.375,19.5,สูงมาก
กรุงเทพมหานคร,หัวค่ำ-ดึก (19:00-23:59),อังคาร,winter,132,2.0,75.0,80.0,16.5,21.5,สูงมาก
กรุงเทพมหานคร,หัวค่ำ-ดึก (19:00-23:59),อาทิตย์,rainy,201,4.0,136.0,142.0,25.125,34.0,สูงมาก
กรุงเทพมหานคร,หัวค่ำ-ดึก (19:00-23:59),อาทิตย์,summer,133,3.0,99.0,107.0,16.625,23.3125,สูงมาก
กรุงเทพมหานคร,หัวค่ำ-ดึก (19:00-23:59),อาทิตย์,winter,144,2.0,109.0,111.0,18.0,24.9375,สูงมาก
กรุงเทพมหานคร,หัวค่ำ-ดึก (19:00-23:59),เสาร์,rainy,260,2.0,155.0,162.0,32.5,42.625,สูงมาก
กรุงเทพมหานคร,หัวค่ำ-ดึก (19:00-23:59),เสาร์,summer,129,5.0,93.0,110.0,16.125,23.0,สูงมาก
กรุงเทพมหานคร,หัวค่ำ-ดึก (19:00-23:59),เสาร์,winter,175,8.0,131.0,158.0,21.875,31.75,สูงมาก
กรุงเทพมหานคร,เร่งด่วนเช้า (06:00-08:59),จันทร์,rainy,168,1.0,64.0,66.0,21.0,25.125,สูงมาก
กรุงเทพมหานคร,เร่งด่วนเช้า (06:00-08:59),จันทร์,summer,96,2.0,41.0,45.0,12.0,14.8125,สูงมาก
กรุงเทพมหานคร,เร่งด่วนเช้า (06:00-08:59),จันทร์,winter,146,2.0,72.0,78.0,18.25,23.125,สูงมาก
กรุงเทพมหานคร,เร่งด่วนเช้า (06:00-08:59),พฤหัสบดี,rainy,105,1.0,53.0,52.0,13.125,16.375,สูงมาก
กรุงเทพมหานคร,เร่งด่วนเช้า (06:00-08:59),พฤหัสบดี,summer,82,0.0,43.0,45.0,10.25,13.0625,สูงมาก
กรุงเทพมหานคร,เร่งด่วนเช้า (06:00-08:59),พฤหัสบดี,winter,96,0.0,47.0,46.0,12.0,14.875,สูงมาก
กรุงเทพมหานคร,เร่งด่วนเช้า (06:00-08:59),พุธ,rainy,120,1.0,64.0,64.0,15.0,19.0,สูงมาก
กรุงเทพมหานคร,เร่งด่วนเช้า (06:00-08:59),พุธ,summer,85,2.0,73.0,74.0,10.625,15.25,สูงมาก
กรุงเทพมหานคร,เร่งด่วนเช้า (06:00-08:59),พุธ,winter,100,0.0,62.0,60.0,12.5,16.25,สูงมาก
กรุงเทพมหานคร,เร่งด่วนเช้า (06:00-08:59),ศุกร์,rainy,148,2.0,110.0,116.0,18.5,25.75,สูงมาก
กรุงเทพมหานคร,เร่งด่วนเช้า (06:00-08:59),ศุกร์,summer,80,3.0,34.0,39.0,10.0,12.4375,สูงมาก
กรุงเทพมหานคร,เร่งด่วนเช้า (06:00-08:59),ศุกร์,winter,105,3.0,48.0,58.0,13.125,16.75,สูงมาก
กรุงเทพมหานคร,เร่งด่วนเช้า (06:00-08:59),อังคาร,rainy,141,3.0,87.0,88.0,17.625,23.125,สูงมาก
กรุงเทพมหานคร,เร่งด่วนเช้า (06:00-08:59),อังคาร,summer,87,0.0,44.0,40.0,10.875,13.375,สูงมาก
กรุงเทพมหานคร,เร่งด่วนเช้า (06:00-08:59),อังคาร,winter,96,3.0,50.0,53.0,12.0,15.3125,สูงมาก
กรุงเทพมหานคร,เร่งด่วนเช้า (06:00-08:59),อาทิตย์,rainy,92,3.0,54.0,61.0,11.5,15.3125,สูงมาก
กรุงเทพมหานคร,เร่งด่วนเช้า (06:00-08:59),อาทิตย์,summer,60,3.0,32.0,42.0,7.5,10.125,สูงมาก
กรุงเทพมหานคร,เร่งด่วนเช้า (06:00-08:59),อาทิตย์,winter,63,2.0,37.0,35.0,7.875,10.0625,สูงมาก
กรุงเทพมหานคร,เร่งด่วนเช้า (06:00-08:59),เสาร์,rainy,138,3.0,85.0,92.0,17.25,23.0,สูงมาก
กรุงเทพมหานคร,เร่งด่วนเช้า (06:00-08:59),เสาร์,summer,84,2.0,47.0,51.0,10.5,13.6875,สูงมาก
กรุงเทพมหานคร,เร่งด่วนเช้า (06:00-08:59),เสาร์,winter,84,2.0,41.0,47.0,10.5,13.4375,สูงมาก
กรุงเทพมหานคร,เร่งด่วนเย็น (16:00-18:59),จันทร์,rainy,139,1.0,71.0,72.0,17.375,21.875,สูงมาก
กรุงเทพมหานคร,เร่งด่วนเย็น (16:00-18:59),จันทร์,summer,92,1.0,48.0,49.0,11.5,14.5625,สูงมาก
กรุงเทพมหานคร,เร่งด่วนเย็น (16:00-18:59),จันทร์,winter,105,1.0,50.0,45.0,13.125,15.9375,สูงมาก
กรุงเทพมหานคร,เร่งด่วนเย็น (16:00-18:59),พฤหัสบดี,rainy,139,0.0,78.0,68.0,17.375,21.625,สูงมาก
กรุงเทพมหานคร,เร่งด่วนเย็น (16:00-18:59),พฤหัสบดี,summer,74,1.0,36.0,40.0,9.25,11.75,สูงมาก
กรุงเทพมหานคร,เร่งด่วนเย็น (16:00-18:59),พฤหัสบดี,winter,126,0.0,79.0,80.0,15.75,20.75,สูงมาก
กรุงเทพมหานคร,เร่งด่วนเย็น (16:00-18:59),พุธ,rainy,141,1.0,75.0,77.0,17.625,22.4375,สูงมาก
กรุงเทพมหานคร,เร่งด่วนเย็น (16:00-18:59),พุธ,summer,90,0.0,43.0,39.0,11.25,13.6875,สูงมาก
กรุงเทพมหานคร,เร่งด่วนเย็น (16:00-18:59),พุธ,winter,126,1.0,48.0,51.0,15.75,18.9375,สูงมาก
กรุงเทพมหานคร,เร่งด่วนเย็น (16:00-18:59),ศุกร์,rainy,190,2.0,86.0,89.0,23.75,29.3125,สูงมาก
กรุงเทพมหานคร,เร่งด่วนเย็น (16:00-18:59),ศุกร์,summer,127,2.0,61.0,64.0,15.875,19.875,สูงมาก
กรุงเทพมหานคร,เร่งด่วนเย็น (16:00-18:59),ศุกร์,winter,141,0.0,62.0,59.0,17.625,21.3125,สูงมาก
กรุงเทพมหานคร,เร่งด่วนเย็น (16:00-18:59),อังคาร,rainy,136,2.0,79.0,84.0,17.0,22.25,สูงมาก
กรุงเทพมหานคร,เร่งด่วนเย็น (16:00-18:59),อังคาร,summer,108,1.0,58.0,57.0,13.5,17.0625,สูงมาก
กรุงเทพมหานคร,เร่งด่วนเย็น (16:00-18:59),อังคาร,winter,107,0.0,49.0,50.0,13.375,16.5,สูงมาก
กรุงเทพมหานคร,เร่งด่วนเย็น (16:00-18:59),อาทิตย์,rainy,121,0.0,40.0,38.0,15.125,17.5,สูงมาก
กรุงเทพมหานคร,เร่งด่วนเย็น (16:00-18:59),อาทิตย์,summer,80,0.0,46.0,44.0,10.0,12.75,สูงมาก
กรุงเทพมหานคร,เร่งด่วนเย็น (16:00-18:59),อาทิตย์,winter,117,2.0,65.0,49.0,14.625,17.6875,สูงมาก
กรุงเทพมหานคร,เร่งด่วนเย็น (16:00-18:59),เสาร์,rainy,153,2.0,103.0,104.0,19.125,25.625,สูงมาก
กรุงเทพมหานคร,เร่งด่วนเย็น (16:00-18:59),เสาร์,summer,105,1.0,38.0,43.0,13.125,15.8125,สูงมาก
กรุงเทพมหานคร,เร่งด่วนเย็น (16:00-18:59),เสาร์,winter,128,1.0,55.0,57.0,16.0,19.5625,สูงมาก
กาญจนบุรี,กลางดึก (00:00-05:59),จันทร์,rainy,18,4.0,13.0,32.0,2.25,4.25,สูง
กาญจนบุรี,กลางดึก (00:00-05:59),จันทร์,summer,14,0.0,9.0,11.0,1.75,2.4375,ปานกลาง
กาญจนบุรี,กลางดึก (00:00-05:59),จันทร์,winter,19,1.0,24.0,23.0,2.375,3.8125,สูง
กาญจนบุรี,กลางดึก (00:00-05:59),พฤหัสบดี,rainy,18,1.0,7.0,12.0,2.25,3.0,สูง
กาญจนบุรี,กลางดึก (00:00-05:59),พฤหัสบดี,summer,6,2.0,4.0,11.0,0.75,1.4375,ต่ำ
กาญจนบุรี,กลางดึก (00:00-05:59),พฤหัสบดี,winter,16,5.0,18.0,36.0,2.0,4.25,สูง
กาญจนบุรี,กลางดึก (00:00-05:59),พุธ,rainy,16,2.0,13.0,23.0,2.0,3.4375,สูง
กาญจนบุรี,กลางดึก (00:00-05:59),พุธ,summer,14,1.0,17.0,22.0,1.75,3.125,สูง
กาญจนบุรี,กลางดึก (00:00-05:59),พุธ,winter,25,8.0,12.0,37.0,3.125,5.4375,สูงมาก
กาญจนบุรี,กลางดึก (00:00-05:59),ศุกร์,rainy,19,0.0,18.0,26.0,2.375,4.0,สูง
กาญจนบุรี,กลางดึก (00:00-05:59),ศุกร์,summer,13,3.0,9.0,19.0,1.625,2.8125,ปานกลาง
กาญจนบุรี,กลางดึก (00:00-05:59),ศุกร์,winter,16,2.0,30.0,39.0,2.0,4.4375,สูง
กาญจนบุรี,กลางดึก (00:00-05:59),อังคาร,rainy,17,3.0,10.0,20.0,2.125,3.375,สูง
กาญจนบุรี,กลางดึก (00:00-05:59),อังคาร,summer,14,4.0,20.0,33.0,1.75,3.8125,สูง
กาญจนบุรี,กลางดึก (00:00-05:59),อังคาร,winter,23,5.0,15.0,29.0,2.875,4.6875,สูง
กาญจนบุรี,กลางดึก (00:00-05:59),อาทิตย์,rainy,25,7.0,20.0,50.0,3.125,6.25,สูงมาก
กาญจนบุรี,กลางดึก (00:00-05:59),อาทิตย์,summer,18,7.0,13.0,38.0,2.25,4.625,สูง
กาญจนบุรี,กลางดึก (00:00-05:59),อาทิตย์,winter,26,5.0,22.0,39.0,3.25,5.6875,สูงมาก
กาญจนบุรี,กลางดึก (00:00-05:59),เสาร์,rainy,15,2.0,11.0,18.0,1.875,3.0,สูง
กาญจนบุรี,กลางดึก (00:00-05:59),เสาร์,summer,19,4.0,31.0,63.0,2.375,6.3125,สูงมาก
กาญจนบุรี,กลางดึก (00:00-05:59),เสาร์,winter,18,3.0,11.0,19.0,2.25,3.4375,สูง
กาญจนบุรี,กลางวัน (09:00-15:59),จันทร์,rainy,38,10.0,55.0,79.0,4.75,9.6875,สูงมาก
กาญจนบุรี,กลางวัน (09:00-15:59),จันทร์,summer,38,8.0,81.0,125.0,4.75,12.5625,สูงมาก
กาญจนบุรี,กลางวัน (09:00-15:59),จันทร์,winter,57,13.0,103.0,151.0,7.125,16.5625,สูงมาก
กาญจนบุรี,กลางวัน (09:00-15:59),พฤหัสบดี,rainy,37,8.0,73.0,68.0,4.625,8.875,สูงมาก
กาญจนบุรี,กลางวัน (09:00-15:59),พฤหัสบดี,summer,40,2.0,40.0,53.0,5.0,8.3125,สูงมาก
กาญจนบุรี,กลางวัน (09:00-15:59),พฤหัสบดี,winter,32,4.0,77.0,82.0,4.0,9.125,สูงมาก
กาญจนบุรี,กลางวัน (09:00-15:59),พุธ,rainy,39,9.0,71.0,83.0,4.875,10.0625,สูงมาก
กาญจนบุรี,กลางวัน (09:00-15:59),พุธ,summer,33,5.0,31.0,51.0,4.125,7.3125,สูงมาก
กาญจนบุรี,กลางวัน (09:00-15:59),พุธ,winter,40,7.0,33.0,56.0,5.0,8.5,สูงมาก
กาญจนบุรี,กลางวัน (09:00-15:59),ศุกร์,rainy,42,8.0,33.0,57.0,5.25,8.8125,สูงมาก
กาญจนบุรี,กลางวัน (09:00-15:59),ศุกร์,summer,35,3.0,32.0,31.0,4.375,6.3125,สูงมาก
กาญจนบุรี,กลางวัน (09:00-15:59),ศุกร์,winter,46,4.0,90.0,96.0,5.75,11.75,สูงมาก
กาญจนบุรี,กลางวัน (09:00-15:59),อังคาร,rainy,32,8.0,46.0,72.0,4.0,8.5,สูงมาก
กาญจนบุรี,กลางวัน (09:00-15:59),อังคาร,summer,44,6.0,56.0,75.0,5.5,10.1875,สูงมาก
กาญจนบุรี,กลางวัน (09:00-15:59),อังคาร,winter,35,4.0,42.0,64.0,4.375,8.375,สูงมาก
กาญจนบุรี,กลางวัน (09:00-15:59),อาทิตย์,rainy,27,3.0,24.0,33.0,3.375,5.4375,สูงมาก
กาญจนบุรี,กลางวัน (09:00-15:59),อาทิตย์,summer,36,4.0,79.0,83.0,4.5,9.6875,สูงมาก
กาญจนบุรี,กลางวัน (09:00-15:59),อาทิตย์,winter,42,10.0,60.0,82.0,5.25,10.375,สูงมาก
กาญจนบุรี,กลางวัน (09:00-15:59),เสาร์,rainy,31,3.0,31.0,42.0,3.875,6.5,สูงมาก
กาญจนบุรี,กลางวัน (09:00-15:59),เสาร์,summer,26,13.0,40.0,80.0,3.25,8.25,สูงมาก
กาญจนบุรี,กลางวัน (09:00-15:59),เสาร์,winter,37,5.0,63.0,79.0,4.625,9.5625,สูงมาก
กาญจนบุรี,หัวค่ำ-ดึก (19:00-23:59),จันทร์,rainy,22,6.0,23.0,40.0,2.75,5.25,สูงมาก
กาญจนบุรี,หัวค่ำ-ดึก (19:00-23:59),จันทร์,summer,25,13.0,23.0,68.0,3.125,7.375,สูงมาก
กาญจนบุรี,หัวค่ำ-ดึก (19:00-23:59),จันทร์,winter,28,8.0,24.0,49.0,3.5,6.5625,สูงมาก
กาญจนบุรี,หัวค่ำ-ดึก (19:00-23:59),พฤหัสบดี,rainy,18,5.0,11.0,31.0,2.25,4.1875,สูง
กาญจนบุรี,หัวค่ำ-ดึก (19:00-23:59),พฤหัสบดี,summer,22,5.0,25.0,44.0,2.75,5.5,สูงมาก
กาญจนบุรี,หัวค่ำ-ดึก (19:00-23:59),พฤหัสบดี,winter,23,12.0,25.0,68.0,2.875,7.125,สูงมาก
กาญจนบุรี,หัวค่ำ-ดึก (19:00-23:59),พุธ,rainy,15,4.0,13.0,32.0,1.875,3.875,สูง
กาญจนบุรี,หัวค่ำ-ดึก (19:00-23:59),พุธ,summer,11,8.0,8.0,36.0,1.375,3.625,สูง
กาญจนบุรี,หัวค่ำ-ดึก (19:00-23:59),พุธ,winter,29,5.0,33.0,49.0,3.625,6.6875,สูงมาก
กาญจนบุรี,หัวค่ำ-ดึก (19:00-23:59),ศุกร์,rainy,22,3.0,17.0,26.0,2.75,4.375,สูง
กาญจนบุรี,หัวค่ำ-ดึก (19:00-23:59),ศุกร์,summer,19,10.0,21.0,45.0,2.375,5.1875,สูงมาก
กาญจนบุรี,หัวค่ำ-ดึก (19:00-23:59),ศุกร์,winter,32,6.0,22.0,42.0,4.0,6.625,สูงมาก
กาญจนบุรี,หัวค่ำ-ดึก (19:00-23:59),อังคาร,rainy,15,5.0,22.0,38.0,1.875,4.25,สูง
กาญจนบุรี,หัวค่ำ-ดึก (19:00-23:59),อังคาร,summer,21,4.0,20.0,33.0,2.625,4.6875,สูง
กาญจนบุรี,หัวค่ำ-ดึก (19:00-23:59),อังคาร,winter,30,7.0,24.0,52.0,3.75,7.0,สูงมาก
กาญจนบุรี,หัวค่ำ-ดึก (19:00-23:59),อาทิตย์,rainy,22,5.0,17.0,27.0,2.75,4.4375,สูง
กาญจนบุรี,หัวค่ำ-ดึก (19:00-23:59),อาทิตย์,summer,16,5.0,11.0,26.0,2.0,3.625,สูง
กาญจนบุรี,หัวค่ำ-ดึก (19:00-23:59),อาทิตย์,winter,24,10.0,20.0,54.0,3.0,6.375,สูงมาก
กาญจนบุรี,หัวค่ำ-ดึก (19:00-23:59),เสาร์,rainy,12,4.0,21.0,32.0,1.5,3.5,สูง
กาญจนบุรี,หัวค่ำ-ดึก (19:00-23:59),เสาร์,summer,22,5.0,28.0,45.0,2.75,5.5625,สูงมาก
กาญจนบุรี,หัวค่ำ-ดึก (19:00-23:59),เสาร์,winter,23,6.0,26.0,47.0,2.875,5.8125,สูงมาก
กาญจนบุรี,เร่งด่วนเช้า (06:00-08:59),จันทร์,rainy,13,1.0,12.0,17.0,1.625,2.6875,ปานกลาง
กาญจนบุรี,เร่งด่วนเช้า (06:00-08:59),จันทร์,summer,10,3.0,8.0,13.0,1.25,2.0625,ปานกลาง
กาญจนบุรี,เร่งด่วนเช้า (06:00-08:59),จันทร์,winter,17,1.0,32.0,37.0,2.125,4.4375,สูง
กาญจนบุรี,เร่งด่วนเช้า (06:00-08:59),พฤหัสบดี,rainy,11,1.0,3.0,7.0,1.375,1.8125,ปานกลาง
กาญจนบุรี,เร่งด่วนเช้า (06:00-08:59),พฤหัสบดี,summer,9,0.0,11.0,12.0,1.125,1.875,ปานกลาง
กาญจนบุรี,เร่งด่วนเช้า (06:00-08:59),พฤหัสบดี,winter,16,2.0,17.0,26.0,2.0,3.625,สูง
กาญจนบุรี,เร่งด่วนเช้า (06:00-08:59),พุธ,rainy,9,4.0,17.0,33.0,1.125,3.1875,สูง
กาญจนบุรี,เร่งด่วนเช้า (06:00-08:59),พุธ,summer,6,1.0,4.0,8.0,0.75,1.25,ต่ำ
กาญจนบุรี,เร่งด่วนเช้า (06:00-08:59),พุธ,winter,11,3.0,10.0,23.0,1.375,2.8125,ปานกลาง
กาญจนบุรี,เร่งด่วนเช้า (06:00-08:59),ศุกร์,rainy,10,3.0,5.0,14.0,1.25,2.125,ปานกลาง
กาญจนบุรี,เร่งด่วนเช้า (06:00-08:59),ศุกร์,summer,14,2.0,15.0,21.0,1.75,3.0625,สูง
กาญจนบุรี,เร่งด่วนเช้า (06:00-08:59),ศุกร์,winter,19,3.0,20.0,29.0,2.375,4.1875,สูง
กาญจนบุรี,เร่งด่วนเช้า (06:00-08:59),อังคาร,rainy,12,4.0,12.0,26.0,1.5,3.125,สูง
กาญจนบุรี,เร่งด่วนเช้า (06:00-08:59),อังคาร,summer,11,0.0,17.0,16.0,1.375,2.375,ปานกลาง
กาญจนบุรี,เร่งด่วนเช้า (06:00-08:59),อังคาร,winter,9,2.0,17.0,15.0,1.125,2.0625,ปานกลาง
กาญจนบุรี,เร่งด่วนเช้า (06:00-08:59),อาทิตย์,rainy,8,3.0,4.0,13.0,1.0,1.8125,ปานกลาง
กาญจนบุรี,เร่งด่วนเช้า (06:00-08:59),อาทิตย์,summer,12,5.0,6.0,25.0,1.5,3.0625,สูง
กาญจนบุรี,เร่งด่วนเช้า (06:00-08:59),อาทิตย์,winter,13,5.0,24.0,45.0,1.625,4.4375,สูง
กาญจนบุรี,เร่งด่วนเช้า (06:00-08:59),เสาร์,rainy,8,1.0,6.0,8.0,1.0,1.5,ต่ำ
กาญจนบุรี,เร่งด่วนเช้า (06:00-08:59),เสาร์,summer,12,3.0,18.0,17.0,1.5,2.5625,ปานกลาง
กาญจนบุรี,เร่งด่วนเช้า (06:00-08:59),เสาร์,winter,13,5.0,13.0,32.0,1.625,3.625,สูง
กาญจนบุรี,เร่งด่วนเย็น (16:00-18:59),จันทร์,rainy,23,4.0,16.0,33.0,2.875,4.9375,สูง
กาญจนบุรี,เร่งด่วนเย็น (16:00-18:59),จันทร์,summer,14,4.0,10.0,24.0,1.75,3.25,สูง
กาญจนบุรี,เร่งด่วนเย็น (16:00-18:59),จันทร์,winter,20,3.0,26.0,40.0,2.5,5.0,สูง
กาญจนบุรี,เร่งด่วนเย็น (16:00-18:59),พฤหัสบดี,rainy,11,2.0,6.0,12.0,1.375,2.125,ปานกลาง
กาญจนบุรี,เร่งด่วนเย็น (16:00-18:59),พฤหัสบดี,summer,20,3.0,28.0,33.0,2.5,4.5625,สูง
กาญจนบุรี,เร่งด่วนเย็น (16:00-18:59),พฤหัสบดี,winter,11,4.0,10.0,22.0,1.375,2.75,ปานกลาง
กาญจนบุรี,เร่งด่วนเย็น (16:00-18:59),พุธ,rainy,28,12.0,31.0,71.0,3.5,7.9375,สูงมาก
กาญจนบุรี,เร่งด่วนเย็น (16:00-18:59),พุธ,summer,10,2.0,24.0,35.0,1.25,3.4375,สูง
กาญจนบุรี,เร่งด่วนเย็น (16:00-18:59),พุธ,winter,19,7.0,22.0,45.0,2.375,5.1875,สูงมาก
กาญจนบุรี,เร่งด่วนเย็น (16:00-18:59),ศุกร์,rainy,18,4.0,15.0,32.0,2.25,4.25,สูง
กาญจนบุรี,เร่งด่วนเย็น (16:00-18:59),ศุกร์,summer,22,4.0,22.0,32.0,2.75,4.75,สูง
กาญจนบุรี,เร่งด่วนเย็น (16:00-18:59),ศุกร์,winter,20,6.0,12.0,34.0,2.5,4.625,สูง
กาญจนบุรี,เร่งด่วนเย็น (16:00-18:59),อังคาร,rainy,20,2.0,20.0,31.0,2.5,4.4375,สูง
กาญจนบุรี,เร่งด่วนเย็น (16:00-18:59),อังคาร,summer,20,4.0,20.0,32.0,2.5,4.5,สูง
กาญจนบุรี,เร่งด่วนเย็น (16:00-18:59),อังคาร,winter,20,8.0,19.0,39.0,2.5,4.9375,สูง
กาญจนบุรี,เร่งด่วนเย็น (16:00-18:59),อาทิตย์,rainy,20,2.0,27.0,30.0,2.5,4.375,สูง
กาญจนบุรี,เร่งด่วนเย็น (16:00-18:59),อาทิตย์,summer,14,3.0,18.0,33.0,1.75,3.8125,สูง
กาญจนบุรี,เร่งด่วนเย็น (16:00-18:59),อาทิตย์,winter,23,12.0,57.0,96.0,2.875,8.875,สูงมาก
กาญจนบุรี,เร่งด่วนเย็น (16:00-18:59),เสาร์,rainy,20,1.0,26.0,15.0,2.5,3.4375,สูง
กาญจนบุรี,เร่งด่วนเย็น (16:00-18:59),เสาร์,summer,15,1.0,17.0,24.0,1.875,3.375,สูง
กาญจนบุรี,เร่งด่วนเย็น (16:00-18:59),เสาร์,winter,22,2.0,31.0,39.0,2.75,5.1875,สูงมาก
กาฬสินธุ์,กลางดึก (00:00-05:59),จันทร์,rainy,12,3.0,15.0,25.0,1.5,3.0625,สูง
กาฬสินธุ์,กลางดึก (00:00-05:59),จันทร์,summer,5,0.0,3.0,3.0,0.625,0.8125,ต่ำ
กาฬสินธุ์,กลางดึก (00:00-05:59),จันทร์,winter,12,2.0,10.0,17.0,1.5,2.5625,ปานกลาง
กาฬสินธุ์,กลางดึก (00:00-05:59),พฤหัสบดี,rainy,16,2.0,8.0,14.0,2.0,2.875,ปานกลาง
กาฬสินธุ์,กลางดึก (00:00-05:59),พฤหัสบดี,summer,7,1.0,7.0,10.0,0.875,1.5,ต่ำ
กาฬสินธุ์,กลางดึก (00:00-05:59),พฤหัสบดี,winter,5,0.0,2.0,2.0,0.625,0.75,ต่ำ
กาฬสินธุ์,กลางดึก (00:00-05:59),พุธ,rainy,16,0.0,6.0,6.0,2.0,2.375,ปานกลาง
กาฬสินธุ์,กลางดึก (00:00-05:59),พุธ,summer,7,0.0,2.0,1.0,0.875,0.9375,ต่ำ
กาฬสินธุ์,กลางดึก (00:00-05:59),พุธ,winter,8,4.0,10.0,22.0,1.0,2.375,ปานกลาง
กาฬสินธุ์,กลางดึก (00:00-05:59),ศุกร์,rainy,19,1.0,7.0,14.0,2.375,3.25,สูง
กาฬสินธุ์,กลางดึก (00:00-05:59),ศุกร์,summer,7,2.0,5.0,12.0,0.875,1.625,ต่ำ
กาฬสินธุ์,กลางดึก (00:00-05:59),ศุกร์,winter,11,1.0,22.0,32.0,1.375,3.375,สูง
กาฬสินธุ์,กลางดึก (00:00-05:59),อังคาร,rainy,13,1.0,13.0,18.0,1.625,2.75,ปานกลาง
กาฬสินธุ์,กลางดึก (00:00-05:59),อังคาร,summer,5,0.0,2.0,2.0,0.625,0.75,ต่ำ
กาฬสินธุ์,กลางดึก (00:00-05:59),อังคาร,winter,9,1.0,10.0,11.0,1.125,1.8125,ปานกลาง
กาฬสินธุ์,กลางดึก (00:00-05:59),อาทิตย์,rainy,9,3.0,15.0,22.0,1.125,2.5,ปานกลาง
กาฬสินธุ์,กลางดึก (00:00-05:59),อาทิตย์,summer,9,2.0,10.0,18.0,1.125,2.25,ปานกลาง
กาฬสินธุ์,กลางดึก (00:00-05:59),อาทิตย์,winter,17,7.0,15.0,39.0,2.125,4.5625,สูง
กาฬสินธุ์,กลางดึก (00:00-05:59),เสาร์,rainy,22,0.0,1.0,1.0,2.75,2.8125,ปานกลาง
กาฬสินธุ์,กลางดึก (00:00-05:59),เสาร์,summer,13,2.0,15.0,18.0,1.625,2.75,ปานกลาง
กาฬสินธุ์,กลางดึก (00:00-05:59),เสาร์,winter,12,0.0,7.0,6.0,1.5,1.875,ปานกลาง
กาฬสินธุ์,กลางวัน (09:00-15:59),จันทร์,rainy,24,4.0,16.0,29.0,3.0,4.8125,สูง
กาฬสินธุ์,กลางวัน (09:00-15:59),จันทร์,summer,18,2.0,8.0,18.0,2.25,3.375,สูง
กาฬสินธุ์,กลางวัน (09:00-15:59),จันทร์,winter,34,4.0,43.0,58.0,4.25,7.875,สูงมาก
กาฬสินธุ์,กลางวัน (09:00-15:59),พฤหัสบดี,rainy,24,1.0,17.0,24.0,3.0,4.5,สูง
กาฬสินธุ์,กลางวัน (09:00-15:59),พฤหัสบดี,summer,20,6.0,16.0,25.0,2.5,4.0625,สูง
กาฬสินธุ์,กลางวัน (09:00-15:59),พฤหัสบดี,winter,22,4.0,19.0,31.0,2.75,4.6875,สูง
กาฬสินธุ์,กลางวัน (09:00-15:59),พุธ,rainy,17,1.0,4.0,7.0,2.125,2.5625,ปานกลาง
กาฬสินธุ์,กลางวัน (09:00-15:59),พุธ,summer,13,3.0,17.0,19.0,1.625,2.8125,ปานกลาง
กาฬสินธุ์,กลางวัน (09:00-15:59),พุธ,winter,23,2.0,25.0,33.0,2.875,4.9375,สูง
กาฬสินธุ์,กลางวัน (09:00-15:59),ศุกร์,rainy,22,4.0,19.0,36.0,2.75,5.0,สูง
กาฬสินธุ์,กลางวัน (09:00-15:59),ศุกร์,summer,13,1.0,13.0,17.0,1.625,2.6875,ปานกลาง
กาฬสินธุ์,กลางวัน (09:00-15:59),ศุกร์,winter,26,1.0,21.0,26.0,3.25,4.875,สูง
กาฬสินธุ์,กลางวัน (09:00-15:59),อังคาร,rainy,19,2.0,11.0,16.0,2.375,3.375,สูง
กาฬสินธุ์,กลางวัน (09:00-15:59),อังคาร,summer,16,3.0,21.0,25.0,2.0,3.5625,สูง
กาฬสินธุ์,กลางวัน (09:00-15:59),อังคาร,winter,24,5.0,35.0,39.0,3.0,5.4375,สูงมาก
กาฬสินธุ์,กลางวัน (09:00-15:59),อาทิตย์,rainy,15,2.0,7.0,14.0,1.875,2.75,ปานกลาง
กาฬสินธุ์,กลางวัน (09:00-15:59),อาทิตย์,summer,17,2.0,8.0,15.0,2.125,3.0625,สูง
กาฬสินธุ์,กลางวัน (09:00-15:59),อาทิตย์,winter,14,4.0,8.0,24.0,1.75,3.25,สูง
กาฬสินธุ์,กลางวัน (09:00-15:59),เสาร์,rainy,16,2.0,21.0,35.0,2.0,4.1875,สูง
กาฬสินธุ์,กลางวัน (09:00-15:59),เสาร์,summer,17,3.0,12.0,21.0,2.125,3.4375,สูง
กาฬสินธุ์,กลางวัน (09:00-15:59),เสาร์,winter,20,6.0,28.0,49.0,2.5,5.5625,สูงมาก
กาฬสินธุ์,หัวค่ำ-ดึก (19:00-23:59),จันทร์,rainy,16,1.0,10.0,15.0,2.0,2.9375,ปานกลาง
กาฬสินธุ์,หัวค่ำ-ดึก (19:00-23:59),จันทร์,summer,5,2.0,3.0,9.0,0.625,1.1875,ต่ำ
กาฬสินธุ์,หัวค่ำ-ดึก (19:00-23:59),จันทร์,winter,15,4.0,16.0,32.0,1.875,3.875,สูง
กาฬสินธุ์,หัวค่ำ-ดึก (19:00-23:59),พฤหัสบดี,rainy,11,2.0,7.0,14.0,1.375,2.25,ปานกลาง
กาฬสินธุ์,หัวค่ำ-ดึก (19:00-23:59),พฤหัสบดี,summer,10,1.0,10.0,15.0,1.25,2.1875,ปานกลาง
กาฬสินธุ์,หัวค่ำ-ดึก (19:00-23:59),พฤหัสบดี,winter,10,2.0,10.0,17.0,1.25,2.3125,ปานกลาง
กาฬสินธุ์,หัวค่ำ-ดึก (19:00-23:59),พุธ,rainy,10,2.0,3.0,9.0,1.25,1.8125,ปานกลาง
กาฬสินธุ์,หัวค่ำ-ดึก (19:00-23:59),พุธ,summer,11,3.0,6.0,15.0,1.375,2.3125,ปานกลาง
กาฬสินธุ์,หัวค่ำ-ดึก (19:00-23:59),พุธ,winter,14,4.0,12.0,27.0,1.75,3.4375,สูง
กาฬสินธุ์,หัวค่ำ-ดึก (19:00-23:59),ศุกร์,rainy,17,4.0,9.0,22.0,2.125,3.5,สูง
กาฬสินธุ์,หัวค่ำ-ดึก (19:00-23:59),ศุกร์,summer,13,5.0,15.0,32.0,1.625,3.625,สูง
กาฬสินธุ์,หัวค่ำ-ดึก (19:00-23:59),ศุกร์,winter,11,3.0,13.0,25.0,1.375,2.9375,ปานกลาง
กาฬสินธุ์,หัวค่ำ-ดึก (19:00-23:59),อังคาร,rainy,11,2.0,7.0,13.0,1.375,2.1875,ปานกลาง
กาฬสินธุ์,หัวค่ำ-ดึก (19:00-23:59),อังคาร,summer,7,3.0,6.0,17.0,0.875,1.9375,ปานกลาง
กาฬสินธุ์,หัวค่ำ-ดึก (19:00-23:59),อังคาร,winter,14,6.0,11.0,23.0,1.75,3.1875,สูง
กาฬสินธุ์,หัวค่ำ-ดึก (19:00-23:59),อาทิตย์,rainy,9,1.0,7.0,12.0,1.125,1.875,ปานกลาง
กาฬสินธุ์,หัวค่ำ-ดึก (19:00-23:59),อาทิตย์,summer,8,0.0,15.0,15.0,1.0,1.9375,ปานกลาง
กาฬสินธุ์,หัวค่ำ-ดึก (19:00-23:59),อาทิตย์,winter,10,6.0,5.0,24.0,1.25,2.75,ปานกลาง
กาฬสินธุ์,หัวค่ำ-ดึก (19:00-23:59),เสาร์,rainy,19,6.0,16.0,42.0,2.375,5.0,สูง
กาฬสินธุ์,หัวค่ำ-ดึก (19:00-23:59),เสาร์,summer,7,1.0,6.0,9.0,0.875,1.4375,ต่ำ
กาฬสินธุ์,หัวค่ำ-ดึก (19:00-23:59),เสาร์,winter,14,4.0,6.0,21.0,1.75,3.0625,สูง
กาฬสินธุ์,เร่งด่วนเช้า (06:00-08:59),จันทร์,rainy,7,1.0,5.0,8.0,0.875,1.375,ต่ำ
กาฬสินธุ์,เร่งด่วนเช้า (06:00-08:59),จันทร์,summer,5,0.0,3.0,1.0,0.625,0.6875,ต่ำ
กาฬสินธุ์,เร่งด่วนเช้า (06:00-08:59),จันทร์,winter,4,1.0,1.0,4.0,0.5,0.75,ต่ำ
กาฬสินธุ์,เร่งด่วนเช้า (06:00-08:59),พฤหัสบดี,rainy,8,2.0,11.0,27.0,1.0,2.6875,ปานกลาง
กาฬสินธุ์,เร่งด่วนเช้า (06:00-08:59),พฤหัสบดี,summer,2,1.0,9.0,12.0,0.25,1.0,ต่ำ
กาฬสินธุ์,เร่งด่วนเช้า (06:00-08:59),พฤหัสบดี,winter,10,3.0,10.0,19.0,1.25,2.4375,ปานกลาง
กาฬสินธุ์,เร่งด่วนเช้า (06:00-08:59),พุธ,rainy,10,1.0,3.0,6.0,1.25,1.625,ต่ำ
กาฬสินธุ์,เร่งด่วนเช้า (06:00-08:59),พุธ,summer,6,1.0,5.0,9.0,0.75,1.3125,ต่ำ
กาฬสินธุ์,เร่งด่วนเช้า (06:00-08:59),พุธ,winter,7,3.0,19.0,19.0,0.875,2.0625,ปานกลาง
กาฬสินธุ์,เร่งด่วนเช้า (06:00-08:59),ศุกร์,rainy,7,2.0,4.0,10.0,0.875,1.5,ต่ำ
กาฬสินธุ์,เร่งด่วนเช้า (06:00-08:59),ศุกร์,summer,5,1.0,0.0,3.0,0.625,0.8125,ต่ำ
กาฬสินธุ์,เร่งด่วนเช้า (06:00-08:59),ศุกร์,winter,1,0.0,4.0,4.0,0.125,0.375,ต่ำ
กาฬสินธุ์,เร่งด่วนเช้า (06:00-08:59),อังคาร,rainy,9,3.0,2.0,10.0,1.125,1.75,ปานกลาง
กาฬสินธุ์,เร่งด่วนเช้า (06:00-08:59),อังคาร,summer,7,2.0,4.0,12.0,0.875,1.625,ต่ำ
กาฬสินธุ์,เร่งด่วนเช้า (06:00-08:59),อังคาร,winter,9,1.0,5.0,8.0,1.125,1.625,ต่ำ
กาฬสินธุ์,เร่งด่วนเช้า (06:00-08:59),อาทิตย์,rainy,3,2.0,1.0,7.0,0.375,0.8125,ต่ำ
กาฬสินธุ์,เร่งด่วนเช้า (06:00-08:59),อาทิตย์,summer,7,3.0,5.0,14.0,0.875,1.75,ปานกลาง
กาฬสินธุ์,เร่งด่วนเช้า (06:00-08:59),อาทิตย์,winter,7,0.0,6.0,5.0,0.875,1.1875,ต่ำ
กาฬสินธุ์,เร่งด่วนเช้า (06:00-08:59),เสาร์,rainy,6,0.0,6.0,8.0,0.75,1.25,ต่ำ
กาฬสินธุ์,เร่งด่วนเช้า (06:00-08:59),เสาร์,summer,3,0.0,2.0,1.0,0.375,0.4375,ต่ำ
กาฬสินธุ์,เร่งด่วนเช้า (06:00-08:59),เสาร์,winter,4,1.0,8.0,11.0,0.5,1.1875,ต่ำ
กาฬสินธุ์,เร่งด่วนเย็น (16:00-18:59),จันทร์,rainy,10,0.0,7.0,9.0,1.25,1.8125,ปานกลาง
กาฬสินธุ์,เร่งด่วนเย็น (16:00-18:59),จันทร์,summer,6,2.0,3.0,9.0,0.75,1.3125,ต่ำ
กาฬสินธุ์,เร่งด่วนเย็น (16:00-18:59),จันทร์,winter,5,1.0,6.0,10.0,0.625,1.25,ต่ำ
กาฬสินธุ์,เร่งด่วนเย็น (16:00-18:59),พฤหัสบดี,rainy,5,2.0,2.0,8.0,0.625,1.125,ต่ำ
กาฬสินธุ์,เร่งด่วนเย็น (16:00-18:59),พฤหัสบดี,summer,9,2.0,14.0,26.0,1.125,2.75,ปานกลาง
กาฬสินธุ์,เร่งด่วนเย็น (16:00-18:59),พฤหัสบดี,winter,8,3.0,7.0,18.0,1.0,2.125,ปานกลาง
กาฬสินธุ์,เร่งด่วนเย็น (16:00-18:59),พุธ,rainy,6,0.0,3.0,4.0,0.75,1.0,ต่ำ
กาฬสินธุ์,เร่งด่วนเย็น (16:00-18:59),พุธ,summer,8,0.0,5.0,7.0,1.0,1.4375,ต่ำ
กาฬสินธุ์,เร่งด่วนเย็น (16:00-18:59),พุธ,winter,12,1.0,12.0,17.0,1.5,2.5625,ปานกลาง
กาฬสินธุ์,เร่งด่วนเย็น (16:00-18:59),ศุกร์,rainy,8,4.0,13.0,30.0,1.0,2.875,ปานกลาง
กาฬสินธุ์,เร่งด่วนเย็น (16:00-18:59),ศุกร์,summer,6,2.0,5.0,11.0,0.75,1.4375,ต่ำ
กาฬสินธุ์,เร่งด่วนเย็น (16:00-18:59),ศุกร์,winter,13,1.0,11.0,14.0,1.625,2.5,ปานกลาง
กาฬสินธุ์,เร่งด่วนเย็น (16:00-18:59),อังคาร,rainy,4,0.0,5.0,5.0,0.5,0.8125,ต่ำ
กาฬสินธุ์,เร่งด่วนเย็น (16:00-18:59),อังคาร,summer,6,1.0,4.0,6.0,0.75,1.125,ต่ำ
กาฬสินธุ์,เร่งด่วนเย็น (16:00-18:59),อังคาร,winter,9,2.0,14.0,18.0,1.125,2.25,ปานกลาง
กาฬสินธุ์,เร่งด่วนเย็น (16:00-18:59),อาทิตย์,summer,7,2.0,13.0,18.0,0.875,2.0,ปานกลาง
กาฬสินธุ์,เร่งด่วนเย็น (16:00-18:59),อาทิตย์,winter,7,3.0,6.0,15.0,0.875,1.8125,ปานกลาง
กาฬสินธุ์,เร่งด่วนเย็น (16:00-18:59),เสาร์,rainy,8,2.0,10.0,17.0,1.0,2.0625,ปานกลาง
กาฬสินธุ์,เร่งด่วนเย็น (16:00-18:59),เสาร์,summer,14,5.0,13.0,32.0,1.75,3.75,สูง
กาฬสินธุ์,เร่งด่วนเย็น (16:00-18:59),เสาร์,winter,11,3.0,18.0,28.0,1.375,3.125,สูง
กำแพงเพชร,กลางดึก (00:00-05:59),จันทร์,rainy,24,4.0,20.0,34.0,3.0,5.125,สูงมาก
กำแพงเพชร,กลางดึก (00:00-05:59),จันทร์,summer,13,1.0,12.0,19.0,1.625,2.8125,ปานกลาง
กำแพงเพชร,กลางดึก (00:00-05:59),จันทร์,winter,14,5.0,6.0,22.0,1.75,3.125,สูง
กำแพงเพชร,กลางดึก (00:00-05:59),พฤหัสบดี,rainy,32,10.0,22.0,54.0,4.0,7.375,สูงมาก
กำแพงเพชร,กลางดึก (00:00-05:59),พฤหัสบดี,summer,17,4.0,25.0,23.0,2.125,3.5625,สูง
กำแพงเพชร,กลางดึก (00:00-05:59),พฤหัสบดี,winter,27,4.0,13.0,28.0,3.375,5.125,สูงมาก
กำแพงเพชร,กลางดึก (00:00-05:59),พุธ,rainy,15,1.0,9.0,11.0,1.875,2.5625,ปานกลาง
กำแพงเพชร,กลางดึก (00:00-05:59),พุธ,summer,21,2.0,17.0,24.0,2.625,4.125,สูง
กำแพงเพชร,กลางดึก (00:00-05:59),พุธ,winter,21,2.0,13.0,21.0,2.625,3.9375,สูง
กำแพงเพชร,กลางดึก (00:00-05:59),ศุกร์,rainy,22,4.0,26.0,44.0,2.75,5.5,สูงมาก
กำแพงเพชร,กลางดึก (00:00-05:59),ศุกร์,summer,14,5.0,12.0,22.0,1.75,3.125,สูง
กำแพงเพชร,กลางดึก (00:00-05:59),ศุกร์,winter,14,1.0,4.0,8.0,1.75,2.25,ปานกลาง
กำแพงเพชร,กลางดึก (00:00-05:59),อังคาร,rainy,22,7.0,18.0,41.0,2.75,5.3125,สูงมาก
กำแพงเพชร,กลางดึก (00:00-05:59),อังคาร,summer,17,4.0,10.0,25.0,2.125,3.6875,สูง
กำแพงเพชร,กลางดึก (00:00-05:59),อังคาร,winter,13,2.0,11.0,15.0,1.625,2.5625,ปานกลาง
กำแพงเพชร,กลางดึก (00:00-05:59),อาทิตย์,rainy,23,1.0,15.0,21.0,2.875,4.1875,สูง
กำแพงเพชร,กลางดึก (00:00-05:59),อาทิตย์,summer,20,4.0,33.0,46.0,2.5,5.375,สูงมาก
กำแพงเพชร,กลางดึก (00:00-05:59),อาทิตย์,winter,24,9.0,18.0,46.0,3.0,5.875,สูงมาก
กำแพงเพชร,กลางดึก (00:00-05:59),เสาร์,rainy,18,3.0,15.0,19.0,2.25,3.4375,สูง
กำแพงเพชร,กลางดึก (00:00-05:59),เสาร์,summer,15,3.0,25.0,32.0,1.875,3.875,สูง
กำแพงเพชร,กลางดึก (00:00-05:59),เสาร์,winter,23,6.0,19.0,41.0,2.875,5.4375,สูงมาก
กำแพงเพชร,กลางวัน (09:00-15:59),จันทร์,rainy,19,5.0,50.0,36.0,2.375,4.625,สูง
กำแพงเพชร,กลางวัน (09:00-15:59),จันทร์,summer,29,7.0,18.0,40.0,3.625,6.125,สูงมาก
กำแพงเพชร,กลางวัน (09:00-15:59),จันทร์,winter,31,5.0,27.0,49.0,3.875,6.9375,สูงมาก
กำแพงเพชร,กลางวัน (09:00-15:59),พฤหัสบดี,rainy,24,1.0,29.0,38.0,3.0,5.375,สูงมาก
กำแพงเพชร,กลางวัน (09:00-15:59),พฤหัสบดี,summer,25,3.0,11.0,17.0,3.125,4.1875,สูง
กำแพงเพชร,กลางวัน (09:00-15:59),พฤหัสบดี,winter,29,1.0,26.0,32.0,3.625,5.625,สูงมาก
กำแพงเพชร,กลางวัน (09:00-15:59),พุธ,rainy,22,5.0,13.0,28.0,2.75,4.5,สูง
กำแพงเพชร,กลางวัน (09:00-15:59),พุธ,summer,26,5.0,19.0,39.0,3.25,5.6875,สูงมาก
กำแพงเพชร,กลางวัน (09:00-15:59),พุธ,winter,35,6.0,23.0,40.0,4.375,6.875,สูงมาก
กำแพงเพชร,กลางวัน (09:00-15:59),ศุกร์,rainy,19,6.0,20.0,37.0,2.375,4.6875,สูง
กำแพงเพชร,กลางวัน (09:00-15:59),ศุกร์,summer,28,6.0,38.0,56.0,3.5,7.0,สูงมาก
กำแพงเพชร,กลางวัน (09:00-15:59),ศุกร์,winter,28,0.0,25.0,23.0,3.5,4.9375,สูง
กำแพงเพชร,กลางวัน (09:00-15:59),อังคาร,rainy,29,5.0,14.0,33.0,3.625,5.6875,สูงมาก
กำแพงเพชร,กลางวัน (09:00-15:59),อังคาร,summer,22,3.0,21.0,29.0,2.75,4.5625,สูง
กำแพงเพชร,กลางวัน (09:00-15:59),อังคาร,winter,30,5.0,19.0,34.0,3.75,5.875,สูงมาก
กำแพงเพชร,กลางวัน (09:00-15:59),อาทิตย์,rainy,29,2.0,37.0,44.0,3.625,6.375,สูงมาก
กำแพงเพชร,กลางวัน (09:00-15:59),อาทิตย์,summer,24,2.0,25.0,36.0,3.0,5.25,สูงมาก
กำแพงเพชร,กลางวัน (09:00-15:59),อาทิตย์,winter,36,8.0,37.0,68.0,4.5,8.75,สูงมาก
กำแพงเพชร,กลางวัน (09:00-15:59),เสาร์,rainy,26,10.0,29.0,64.0,3.25,7.25,สูงมาก
กำแพงเพชร,กลางวัน (09:00-15:59),เสาร์,summer,19,1.0,20.0,24.0,2.375,3.875,สูง
กำแพงเพชร,กลางวัน (09:00-15:59),เสาร์,winter,23,7.0,19.0,37.0,2.875,5.1875,สูงมาก
กำแพงเพชร,หัวค่ำ-ดึก (19:00-23:59),จันทร์,rainy,16,6.0,5.0,26.0,2.0,3.625,สูง
กำแพงเพชร,หัวค่ำ-ดึก (19:00-23:59),จันทร์,summer,14,2.0,11.0,16.0,1.75,2.75,ปานกลาง
กำแพงเพชร,หัวค่ำ-ดึก (19:00-23:59),จันทร์,winter,17,4.0,15.0,30.0,2.125,4.0,สูง
กำแพงเพชร,หัวค่ำ-ดึก (19:00-23:59),พฤหัสบดี,rainy,21,2.0,22.0,31.0,2.625,4.5625,สูง
กำแพงเพชร,หัวค่ำ-ดึก (19:00-23:59),พฤหัสบดี,summer,12,3.0,6.0,15.0,1.5,2.4375,ปานกลาง
กำแพงเพชร,หัวค่ำ-ดึก (19:00-23:59),พฤหัสบดี,winter,16,5.0,12.0,29.0,2.0,3.8125,สูง
กำแพงเพชร,หัวค่ำ-ดึก (19:00-23:59),พุธ,rainy,15,7.0,7.0,29.0,1.875,3.6875,สูง
กำแพงเพชร,หัวค่ำ-ดึก (19:00-23:59),พุธ,summer,14,0.0,11.0,14.0,1.75,2.625,ปานกลาง
กำแพงเพชร,หัวค่ำ-ดึก (19:00-23:59),พุธ,winter,13,6.0,10.0,26.0,1.625,3.25,สูง
กำแพงเพชร,หัวค่ำ-ดึก (19:00-23:59),ศุกร์,rainy,10,5.0,10.0,29.0,1.25,3.0625,สูง
กำแพงเพชร,หัวค่ำ-ดึก (19:00-23:59),ศุกร์,summer,13,2.0,10.0,13.0,1.625,2.4375,ปานกลาง
กำแพงเพชร,หัวค่ำ-ดึก (19:00-23:59),ศุกร์,winter,13,4.0,9.0,22.0,1.625,3.0,สูง
กำแพงเพชร,หัวค่ำ-ดึก (19:00-23:59),อังคาร,rainy,6,1.0,9.0,18.0,0.75,1.875,ปานกลาง
กำแพงเพชร,หัวค่ำ-ดึก (19:00-23:59),อังคาร,summer,17,3.0,14.0,26.0,2.125,3.75,สูง
กำแพงเพชร,หัวค่ำ-ดึก (19:00-23:59),อังคาร,winter,12,3.0,9.0,16.0,1.5,2.5,ปานกลาง
กำแพงเพชร,หัวค่ำ-ดึก (19:00-23:59),อาทิตย์,rainy,15,2.0,13.0,24.0,1.875,3.375,สูง
กำแพงเพชร,หัวค่ำ-ดึก (19:00-23:59),อาทิตย์,summer,15,7.0,19.0,42.0,1.875,4.5,สูง
กำแพงเพชร,หัวค่ำ-ดึก (19:00-23:59),อาทิตย์,winter,12,6.0,9.0,27.0,1.5,3.1875,สูง
กำแพงเพชร,หัวค่ำ-ดึก (19:00-23:59),เสาร์,rainy,20,4.0,14.0,25.0,2.5,4.0625,สูง
กำแพงเพชร,หัวค่ำ-ดึก (19:00-23:59),เสาร์,summer,14,2.0,13.0,20.0,1.75,3.0,สูง
กำแพงเพชร,หัวค่ำ-ดึก (19:00-23:59),เสาร์,winter,13,7.0,16.0,40.0,1.625,4.125,สูง
กำแพงเพชร,เร่งด่วนเช้า (06:00-08:59),จันทร์,rainy,13,2.0,10.0,24.0,1.625,3.125,สูง
กำแพงเพชร,เร่งด่วนเช้า (06:00-08:59),จันทร์,summer,7,0.0,6.0,8.0,0.875,1.375,ต่ำ
กำแพงเพชร,เร่งด่วนเช้า (06:00-08:59),จันทร์,winter,8,3.0,18.0,31.0,1.0,2.9375,ปานกลาง
กำแพงเพชร,เร่งด่วนเช้า (06:00-08:59),พฤหัสบดี,rainy,12,3.0,6.0,15.0,1.5,2.4375,ปานกลาง
กำแพงเพชร,เร่งด่วนเช้า (06:00-08:59),พฤหัสบดี,summer,12,4.0,11.0,20.0,1.5,2.75,ปานกลาง
กำแพงเพชร,เร่งด่วนเช้า (06:00-08:59),พฤหัสบดี,winter,14,5.0,9.0,27.0,1.75,3.4375,สูง
กำแพงเพชร,เร่งด่วนเช้า (06:00-08:59),พุธ,rainy,9,2.0,8.0,11.0,1.125,1.8125,ปานกลาง
กำแพงเพชร,เร่งด่วนเช้า (06:00-08:59),พุธ,summer,6,1.0,6.0,10.0,0.75,1.375,ต่ำ
กำแพงเพชร,เร่งด่วนเช้า (06:00-08:59),พุธ,winter,13,4.0,10.0,20.0,1.625,2.875,ปานกลาง
กำแพงเพชร,เร่งด่วนเช้า (06:00-08:59),ศุกร์,rainy,10,3.0,7.0,14.0,1.25,2.125,ปานกลาง
กำแพงเพชร,เร่งด่วนเช้า (06:00-08:59),ศุกร์,summer,9,2.0,10.0,18.0,1.125,2.25,ปานกลาง
กำแพงเพชร,เร่งด่วนเช้า (06:00-08:59),ศุกร์,winter,12,4.0,7.0,20.0,1.5,2.75,ปานกลาง
กำแพงเพชร,เร่งด่วนเช้า (06:00-08:59),อังคาร,rainy,5,1.0,4.0,9.0,0.625,1.1875,ต่ำ
กำแพงเพชร,เร่งด่วนเช้า (06:00-08:59),อังคาร,summer,7,1.0,8.0,13.0,0.875,1.6875,ปานกลาง
กำแพงเพชร,เร่งด่วนเช้า (06:00-08:59),อังคาร,winter,13,2.0,10.0,19.0,1.625,2.8125,ปานกลาง
กำแพงเพชร,เร่งด่วนเช้า (06:00-08:59),อาทิตย์,rainy,7,0.0,4.0,6.0,0.875,1.25,ต่ำ
กำแพงเพชร,เร่งด่วนเช้า (06:00-08:59),อาทิตย์,summer,5,4.0,9.0,15.0,0.625,1.5625,ต่ำ
กำแพงเพชร,เร่งด่วนเช้า (06:00-08:59),อาทิตย์,winter,8,0.0,4.0,2.0,1.0,1.125,ต่ำ
กำแพงเพชร,เร่งด่วนเช้า (06:00-08:59),เสาร์,rainy,12,8.0,19.0,40.0,1.5,4.0,สูง
กำแพงเพชร,เร่งด่วนเช้า (06:00-08:59),เสาร์,summer,6,1.0,4.0,7.0,0.75,1.1875,ต่ำ
กำแพงเพชร,เร่งด่วนเช้า (06:00-08:59),เสาร์,winter,6,3.0,3.0,12.0,0.75,1.5,ต่ำ
กำแพงเพชร,เร่งด่วนเย็น (16:00-18:59),จันทร์,rainy,12,3.0,5.0,15.0,1.5,2.4375,ปานกลาง
กำแพงเพชร,เร่งด่วนเย็น (16:00-18:59),จันทร์,summer,18,4.0,13.0,30.0,2.25,4.125,สูง
กำแพงเพชร,เร่งด่วนเย็น (16:00-18:59),จันทร์,winter,8,0.0,9.0,9.0,1.0,1.5625,ต่ำ
กำแพงเพชร,เร่งด่วนเย็น (16:00-18:59),พฤหัสบดี,rainy,6,0.0,4.0,4.0,0.75,1.0,ต่ำ
กำแพงเพชร,เร่งด่วนเย็น (16:00-18:59),พฤหัสบดี,summer,3,0.0,0.0,0.0,0.375,0.375,ต่ำ
กำแพงเพชร,เร่งด่วนเย็น (16:00-18:59),พฤหัสบดี,winter,5,2.0,4.0,12.0,0.625,1.375,ต่ำ
กำแพงเพชร,เร่งด่วนเย็น (16:00-18:59),พุธ,rainy,5,0.0,2.0,2.0,0.625,0.75,ต่ำ
กำแพงเพชร,เร่งด่วนเย็น (16:00-18:59),พุธ,summer,8,1.0,14.0,21.0,1.0,2.3125,ปานกลาง
กำแพงเพชร,เร่งด่วนเย็น (16:00-18:59),พุธ,winter,10,1.0,8.0,13.0,1.25,2.0625,ปานกลาง
กำแพงเพชร,เร่งด่วนเย็น (16:00-18:59),ศุกร์,rainy,12,1.0,19.0,25.0,1.5,3.0625,สูง
กำแพงเพชร,เร่งด่วนเย็น (16:00-18:59),ศุกร์,summer,5,2.0,5.0,14.0,0.625,1.5,ต่ำ
กำแพงเพชร,เร่งด่วนเย็น (16:00-18:59),ศุกร์,winter,10,0.0,8.0,9.0,1.25,1.8125,ปานกลาง
กำแพงเพชร,เร่งด่วนเย็น (16:00-18:59),อังคาร,rainy,6,2.0,2.0,6.0,0.75,1.125,ต่ำ
กำแพงเพชร,เร่งด่วนเย็น (16:00-18:59),อังคาร,summer,7,2.0,5.0,12.0,0.875,1.625,ต่ำ
กำแพงเพชร,เร่งด่วนเย็น (16:00-18:59),อังคาร,winter,10,5.0,6.0,22.0,1.25,2.625,ปานกลาง
กำแพงเพชร,เร่งด่วนเย็น (16:00-18:59),อาทิตย์,rainy,18,4.0,8.0,21.0,2.25,3.5625,สูง
กำแพงเพชร,เร่งด่วนเย็น (16:00-18:59),อาทิตย์,summer,8,3.0,6.0,16.0,1.0,2.0,ปานกลาง
กำแพงเพชร,เร่งด่วนเย็น (16:00-18:59),อาทิตย์,winter,8,4.0,3.0,16.0,1.0,2.0,ปานกลาง
กำแพงเพชร,เร่งด่วนเย็น (16:00-18:59),เสาร์,rainy,6,1.0,1.0,3.0,0.75,0.9375,ต่ำ
กำแพงเพชร,เร่งด่วนเย็น (16:00-18:59),เสาร์,summer,11,6.0,12.0,23.0,1.375,2.8125,ปานกลาง
กำแพงเพชร,เร่งด่วนเย็น (16:00-18:59),เสาร์,winter,5,2.0,11.0,22.0,0.625,2.0,ปานกลาง
ขอนแก่น,กลางดึก (00:00-05:59),จันทร์,rainy,31,3.0,22.0,26.0,3.875,5.5,สูงมาก
ขอนแก่น,กลางดึก (00:00-05:59),จันทร์,summer,25,3.0,15.0,27.0,3.125,4.8125,สูง
ขอนแก่น,กลางดึก (00:00-05:59),จันทร์,winter,23,5.0,54.0,72.0,2.875,7.375,สูงมาก
ขอนแก่น,กลางดึก (00:00-05:59),พฤหัสบดี,rainy,34,6.0,38.0,59.0,4.25,7.9375,สูงมาก
ขอนแก่น,กลางดึก (00:00-05:59),พฤหัสบดี,summer,16,1.0,15.0,21.0,2.0,3.3125,สูง
ขอนแก่น,กลางดึก (00:00-05:59),พฤหัสบดี,winter,36,13.0,47.0,102.0,4.5,10.875,สูงมาก
ขอนแก่น,กลางดึก (00:00-05:59),พุธ,rainy,18,2.0,15.0,20.0,2.25,3.5,สูง
ขอนแก่น,กลางดึก (00:00-05:59),พุธ,summer,24,11.0,11.0,46.0,3.0,5.875,สูงมาก
ขอนแก่น,กลางดึก (00:00-05:59),พุธ,winter,21,5.0,23.0,39.0,2.625,5.0625,สูง
ขอนแก่น,กลางดึก (00:00-05:59),ศุกร์,rainy,31,9.0,17.0,49.0,3.875,6.9375,สูงมาก
ขอนแก่น,กลางดึก (00:00-05:59),ศุกร์,summer,19,3.0,31.0,38.0,2.375,4.75,สูง
ขอนแก่น,กลางดึก (00:00-05:59),ศุกร์,winter,21,5.0,18.0,27.0,2.625,4.3125,สูง
ขอนแก่น,กลางดึก (00:00-05:59),อังคาร,rainy,26,2.0,20.0,26.0,3.25,4.875,สูง
ขอนแก่น,กลางดึก (00:00-05:59),อังคาร,summer,13,3.0,8.0,14.0,1.625,2.5,ปานกลาง
ขอนแก่น,กลางดึก (00:00-05:59),อังคาร,winter,25,4.0,19.0,29.0,3.125,4.9375,สูง
ขอนแก่น,กลางดึก (00:00-05:59),อาทิตย์,rainy,30,2.0,19.0,20.0,3.75,5.0,สูง
ขอนแก่น,กลางดึก (00:00-05:59),อาทิตย์,summer,26,5.0,26.0,41.0,3.25,5.8125,สูงมาก
ขอนแก่น,กลางดึก (00:00-05:59),อาทิตย์,winter,32,8.0,36.0,68.0,4.0,8.25,สูงมาก
ขอนแก่น,กลางดึก (00:00-05:59),เสาร์,rainy,33,12.0,59.0,116.0,4.125,11.375,สูงมาก
ขอนแก่น,กลางดึก (00:00-05:59),เสาร์,summer,19,0.0,22.0,29.0,2.375,4.1875,สูง
ขอนแก่น,กลางดึก (00:00-05:59),เสาร์,winter,22,6.0,31.0,52.0,2.75,6.0,สูงมาก
ขอนแก่น,กลางวัน (09:00-15:59),จันทร์,rainy,35,7.0,27.0,55.0,4.375,7.8125,สูงมาก
ขอนแก่น,กลางวัน (09:00-15:59),จันทร์,summer,28,0.0,21.0,19.0,3.5,4.6875,สูง
ขอนแก่น,กลางวัน (09:00-15:59),จันทร์,winter,30,2.0,32.0,40.0,3.75,6.25,สูงมาก
ขอนแก่น,กลางวัน (09:00-15:59),พฤหัสบดี,rainy,30,3.0,27.0,25.0,3.75,5.3125,สูงมาก
ขอนแก่น,กลางวัน (09:00-15:59),พฤหัสบดี,summer,25,1.0,41.0,41.0,3.125,5.6875,สูงมาก
ขอนแก่น,กลางวัน (09:00-15:59),พฤหัสบดี,winter,49,8.0,42.0,81.0,6.125,11.1875,สูงมาก
ขอนแก่น,กลางวัน (09:00-15:59),พุธ,rainy,42,4.0,22.0,39.0,5.25,7.6875,สูงมาก
ขอนแก่น,กลางวัน (09:00-15:59),พุธ,summer,25,9.0,41.0,77.0,3.125,7.9375,สูงมาก
ขอนแก่น,กลางวัน (09:00-15:59),พุธ,winter,43,3.0,42.0,50.0,5.375,8.5,สูงมาก
ขอนแก่น,กลางวัน (09:00-15:59),ศุกร์,rainy,41,7.0,29.0,53.0,5.125,8.4375,สูงมาก
ขอนแก่น,กลางวัน (09:00-15:59),ศุกร์,summer,31,5.0,26.0,41.0,3.875,6.4375,สูงมาก
ขอนแก่น,กลางวัน (09:00-15:59),ศุกร์,winter,35,3.0,36.0,44.0,4.375,7.125,สูงมาก
ขอนแก่น,กลางวัน (09:00-15:59),อังคาร,rainy,38,3.0,22.0,29.0,4.75,6.5625,สูงมาก
ขอนแก่น,กลางวัน (09:00-15:59),อังคาร,summer,25,4.0,18.0,38.0,3.125,5.5,สูงมาก
ขอนแก่น,กลางวัน (09:00-15:59),อังคาร,winter,40,7.0,31.0,53.0,5.0,8.3125,สูงมาก
ขอนแก่น,กลางวัน (09:00-15:59),อาทิตย์,rainy,29,3.0,47.0,68.0,3.625,7.875,สูงมาก
ขอนแก่น,กลางวัน (09:00-15:59),อาทิตย์,summer,23,1.0,28.0,30.0,2.875,4.75,สูง
ขอนแก่น,กลางวัน (09:00-15:59),อาทิตย์,winter,36,11.0,36.0,65.0,4.5,8.5625,สูงมาก
ขอนแก่น,กลางวัน (09:00-15:59),เสาร์,rainy,35,7.0,25.0,49.0,4.375,7.4375,สูงมาก
ขอนแก่น,กลางวัน (09:00-15:59),เสาร์,summer,23,4.0,23.0,40.0,2.875,5.375,สูงมาก
ขอนแก่น,กลางวัน (09:00-15:59),เสาร์,winter,29,2.0,30.0,42.0,3.625,6.25,สูงมาก
ขอนแก่น,หัวค่ำ-ดึก (19:00-23:59),จันทร์,rainy,25,11.0,12.0,43.0,3.125,5.8125,สูงมาก
ขอนแก่น,หัวค่ำ-ดึก (19:00-23:59),จันทร์,summer,21,4.0,17.0,29.0,2.625,4.4375,สูง
ขอนแก่น,หัวค่ำ-ดึก (19:00-23:59),จันทร์,winter,25,1.0,17.0,30.0,3.125,5.0,สูง
ขอนแก่น,หัวค่ำ-ดึก (19:00-23:59),พฤหัสบดี,rainy,20,7.0,14.0,40.0,2.5,5.0,สูง
ขอนแก่น,หัวค่ำ-ดึก (19:00-23:59),พฤหัสบดี,summer,23,3.0,9.0,22.0,2.875,4.25,สูง
ขอนแก่น,หัวค่ำ-ดึก (19:00-23:59),พฤหัสบดี,winter,21,8.0,17.0,41.0,2.625,5.1875,สูงมาก
ขอนแก่น,หัวค่ำ-ดึก (19:00-23:59),พุธ,rainy,17,2.0,10.0,15.0,2.125,3.0625,สูง
ขอนแก่น,หัวค่ำ-ดึก (19:00-23:59),พุธ,summer,22,1.0,9.0,14.0,2.75,3.625,สูง
ขอนแก่น,หัวค่ำ-ดึก (19:00-23:59),พุธ,winter,31,10.0,49.0,85.0,3.875,9.1875,สูงมาก
ขอนแก่น,หัวค่ำ-ดึก (19:00-23:59),ศุกร์,rainy,25,4.0,13.0,21.0,3.125,4.4375,สูง
ขอนแก่น,หัวค่ำ-ดึก (19:00-23:59),ศุกร์,summer,27,8.0,25.0,53.0,3.375,6.6875,สูงมาก
ขอนแก่น,หัวค่ำ-ดึก (19:00-23:59),ศุกร์,winter,26,6.0,40.0,43.0,3.25,5.9375,สูงมาก
ขอนแก่น,หัวค่ำ-ดึก (19:00-23:59),อังคาร,rainy,21,4.0,10.0,22.0,2.625,4.0,สูง
ขอนแก่น,หัวค่ำ-ดึก (19:00-23:59),อังคาร,summer,18,10.0,24.0,54.0,2.25,5.625,สูงมาก
ขอนแก่น,หัวค่ำ-ดึก (19:00-23:59),อังคาร,winter,27,5.0,8.0,22.0,3.375,4.75,สูง
ขอนแก่น,หัวค่ำ-ดึก (19:00-23:59),อาทิตย์,rainy,27,7.0,11.0,35.0,3.375,5.5625,สูงมาก
ขอนแก่น,หัวค่ำ-ดึก (19:00-23:59),อาทิตย์,summer,22,6.0,37.0,54.0,2.75,6.125,สูงมาก
ขอนแก่น,หัวค่ำ-ดึก (19:00-23:59),อาทิตย์,winter,29,10.0,34.0,67.0,3.625,7.8125,สูงมาก
ขอนแก่น,หัวค่ำ-ดึก (19:00-23:59),เสาร์,rainy,33,9.0,24.0,52.0,4.125,7.375,สูงมาก
ขอนแก่น,หัวค่ำ-ดึก (19:00-23:59),เสาร์,summer,15,4.0,13.0,23.0,1.875,3.3125,สูง
ขอนแก่น,หัวค่ำ-ดึก (19:00-23:59),เสาร์,winter,21,9.0,36.0,78.0,2.625,7.5,สูงมาก
ขอนแก่น,เร่งด่วนเช้า (06:00-08:59),จันทร์,rainy,15,3.0,8.0,21.0,1.875,3.1875,สูง
ขอนแก่น,เร่งด่วนเช้า (06:00-08:59),จันทร์,summer,17,0.0,11.0,17.0,2.125,3.1875,สูง
ขอนแก่น,เร่งด่วนเช้า (06:00-08:59),จันทร์,winter,12,2.0,12.0,17.0,1.5,2.5625,ปานกลาง
ขอนแก่น,เร่งด่วนเช้า (06:00-08:59),พฤหัสบดี,rainy,13,0.0,9.0,7.0,1.625,2.0625,ปานกลาง
ขอนแก่น,เร่งด่วนเช้า (06:00-08:59),พฤหัสบดี,summer,21,4.0,14.0,25.0,2.625,4.1875,สูง
ขอนแก่น,เร่งด่วนเช้า (06:00-08:59),พฤหัสบดี,winter,14,4.0,16.0,31.0,1.75,3.6875,สูง
ขอนแก่น,เร่งด่วนเช้า (06:00-08:59),พุธ,rainy,19,1.0,16.0,21.0,2.375,3.6875,สูง
ขอนแก่น,เร่งด่วนเช้า (06:00-08:59),พุธ,summer,18,4.0,13.0,22.0,2.25,3.625,สูง
ขอนแก่น,เร่งด่วนเช้า (06:00-08:59),พุธ,winter,12,1.0,6.0,10.0,1.5,2.125,ปานกลาง
ขอนแก่น,เร่งด่วนเช้า (06:00-08:59),ศุกร์,rainy,20,1.0,18.0,24.0,2.5,4.0,สูง
ขอนแก่น,เร่งด่วนเช้า (06:00-08:59),ศุกร์,summer,20,2.0,18.0,20.0,2.5,3.75,สูง
ขอนแก่น,เร่งด่วนเช้า (06:00-08:59),ศุกร์,winter,18,4.0,38.0,53.0,2.25,5.5625,สูงมาก
ขอนแก่น,เร่งด่วนเช้า (06:00-08:59),อังคาร,rainy,13,4.0,4.0,16.0,1.625,2.625,ปานกลาง
ขอนแก่น,เร่งด่วนเช้า (06:00-08:59),อังคาร,summer,13,0.0,5.0,4.0,1.625,1.875,ปานกลาง
ขอนแก่น,เร่งด่วนเช้า (06:00-08:59),อังคาร,winter,14,1.0,11.0,16.0,1.75,2.75,ปานกลาง
ขอนแก่น,เร่งด่วนเช้า (06:00-08:59),อาทิตย์,rainy,14,6.0,8.0,27.0,1.75,3.4375,สูง
ขอนแก่น,เร่งด่วนเช้า (06:00-08:59),อาทิตย์,summer,9,0.0,7.0,6.0,1.125,1.5,ต่ำ
ขอนแก่น,เร่งด่วนเช้า (06:00-08:59),อาทิตย์,winter,5,0.0,5.0,7.0,0.625,1.0625,ต่ำ
ขอนแก่น,เร่งด่วนเช้า (06:00-08:59),เสาร์,rainy,14,6.0,14.0,39.0,1.75,4.1875,สูง
ขอนแก่น,เร่งด่วนเช้า (06:00-08:59),เสาร์,summer,20,6.0,39.0,55.0,2.5,5.9375,สูงมาก
ขอนแก่น,เร่งด่วนเช้า (06:00-08:59),เสาร์,winter,16,1.0,14.0,17.0,2.0,3.0625,สูง
ขอนแก่น,เร่งด่วนเย็น (16:00-18:59),จันทร์,rainy,12,3.0,7.0,18.0,1.5,2.625,ปานกลาง
ขอนแก่น,เร่งด่วนเย็น (16:00-18:59),จันทร์,summer,13,1.0,15.0,16.0,1.625,2.625,ปานกลาง
ขอนแก่น,เร่งด่วนเย็น (16:00-18:59),จันทร์,winter,15,1.0,22.0,30.0,1.875,3.75,สูง
ขอนแก่น,เร่งด่วนเย็น (16:00-18:59),พฤหัสบดี,rainy,6,1.0,2.0,5.0,0.75,1.0625,ต่ำ
ขอนแก่น,เร่งด่วนเย็น (16:00-18:59),พฤหัสบดี,summer,15,2.0,9.0,13.0,1.875,2.6875,ปานกลาง
ขอนแก่น,เร่งด่วนเย็น (16:00-18:59),พฤหัสบดี,winter,16,2.0,17.0,24.0,2.0,3.5,สูง
ขอนแก่น,เร่งด่วนเย็น (16:00-18:59),พุธ,rainy,18,5.0,22.0,40.0,2.25,4.75,สูง
ขอนแก่น,เร่งด่วนเย็น (16:00-18:59),พุธ,summer,6,0.0,9.0,10.0,0.75,1.375,ต่ำ
ขอนแก่น,เร่งด่วนเย็น (16:00-18:59),พุธ,winter,15,5.0,23.0,45.0,1.875,4.6875,สูง
ขอนแก่น,เร่งด่วนเย็น (16:00-18:59),ศุกร์,rainy,12,4.0,15.0,27.0,1.5,3.1875,สูง
ขอนแก่น,เร่งด่วนเย็น (16:00-18:59),ศุกร์,summer,12,2.0,10.0,12.0,1.5,2.25,ปานกลาง
ขอนแก่น,เร่งด่วนเย็น (16:00-18:59),ศุกร์,winter,21,5.0,48.0,72.0,2.625,7.125,สูงมาก
ขอนแก่น,เร่งด่วนเย็น (16:00-18:59),อังคาร,rainy,14,5.0,23.0,51.0,1.75,4.9375,สูง
ขอนแก่น,เร่งด่วนเย็น (16:00-18:59),อังคาร,summer,12,4.0,10.0,21.0,1.5,2.8125,ปานกลาง
ขอนแก่น,เร่งด่วนเย็น (16:00-18:59),อังคาร,winter,17,1.0,14.0,8.0,2.125,2.625,ปานกลาง
ขอนแก่น,เร่งด่วนเย็น (16:00-18:59),อาทิตย์,rainy,7,1.0,3.0,8.0,0.875,1.375,ต่ำ
ขอนแก่น,เร่งด่วนเย็น (16:00-18:59),อาทิตย์,summer,11,6.0,12.0,36.0,1.375,3.625,สูง
ขอนแก่น,เร่งด่วนเย็น (16:00-18:59),อาทิตย์,winter,20,5.0,24.0,47.0,2.5,5.4375,สูงมาก
ขอนแก่น,เร่งด่วนเย็น (16:00-18:59),เสาร์,rainy,18,1.0,33.0,42.0,2.25,4.875,สูง
ขอนแก่น,เร่งด่วนเย็น (16:00-18:59),เสาร์,summer,11,0.0,9.0,9.0,1.375,1.9375,ปานกลาง
ขอนแก่น,เร่งด่วนเย็น (16:00-18:59),เสาร์,winter,14,3.0,38.0,48.0,1.75,4.75,สูง
จันทบุรี,กลางดึก (00:00-05:59),จันทร์,rainy,26,6.0,20.0,45.0,3.25,6.0625,สูงมาก
จันทบุรี,กลางดึก (00:00-05:59),จันทร์,summer,26,5.0,26.0,52.0,3.25,6.5,สูงมาก
จันทบุรี,กลางดึก (00:00-05:59),จันทร์,winter,24,6.0,10.0,30.0,3.0,4.875,สูง
จันทบุรี,กลางดึก (00:00-05:59),พฤหัสบดี,rainy,34,11.0,29.0,62.0,4.25,8.125,สูงมาก
จันทบุรี,กลางดึก (00:00-05:59),พฤหัสบดี,summer,21,4.0,12.0,23.0,2.625,4.0625,สูง
จันทบุรี,กลางดึก (00:00-05:59),พฤหัสบดี,winter,44,8.0,44.0,75.0,5.5,10.1875,สูงมาก
จันทบุรี,กลางดึก (00:00-05:59),พุธ,rainy,27,10.0,43.0,88.0,3.375,8.875,สูงมาก
จันทบุรี,กลางดึก (00:00-05:59),พุธ,summer,17,1.0,21.0,18.0,2.125,3.25,สูง
จันทบุรี,กลางดึก (00:00-05:59),พุธ,winter,26,4.0,19.0,33.0,3.25,5.3125,สูงมาก
จันทบุรี,กลางดึก (00:00-05:59),ศุกร์,rainy,40,11.0,26.0,64.0,5.0,9.0,สูงมาก
จันทบุรี,กลางดึก (00:00-05:59),ศุกร์,summer,24,4.0,19.0,34.0,3.0,5.125,สูงมาก
จันทบุรี,กลางดึก (00:00-05:59),ศุกร์,winter,23,5.0,14.0,29.0,2.875,4.6875,สูง
จันทบุรี,กลางดึก (00:00-05:59),อังคาร,rainy,32,7.0,32.0,56.0,4.0,7.5,สูงมาก
จันทบุรี,กลางดึก (00:00-05:59),อังคาร,summer,28,6.0,37.0,59.0,3.5,7.1875,สูงมาก
จันทบุรี,กลางดึก (00:00-05:59),อังคาร,winter,30,8.0,20.0,36.0,3.75,6.0,สูงมาก
จันทบุรี,กลางดึก (00:00-05:59),อาทิตย์,rainy,30,5.0,22.0,38.0,3.75,6.125,สูงมาก
จันทบุรี,กลางดึก (00:00-05:59),อาทิตย์,summer,26,7.0,29.0,54.0,3.25,6.625,สูงมาก
จันทบุรี,กลางดึก (00:00-05:59),อาทิตย์,winter,35,9.0,51.0,66.0,4.375,8.5,สูงมาก
จันทบุรี,กลางดึก (00:00-05:59),เสาร์,rainy,47,8.0,26.0,56.0,5.875,9.375,สูงมาก
จันทบุรี,กลางดึก (00:00-05:59),เสาร์,summer,19,1.0,22.0,32.0,2.375,4.375,สูง
จันทบุรี,กลางดึก (00:00-05:59),เสาร์,winter,30,7.0,31.0,34.0,3.75,5.875,สูงมาก
จันทบุรี,กลางวัน (09:00-15:59),จันทร์,rainy,43,4.0,48.0,64.0,5.375,9.375,สูงมาก
จันทบุรี,กลางวัน (09:00-15:59),จันทร์,summer,38,4.0,32.0,37.0,4.75,7.0625,สูงมาก
จันทบุรี,กลางวัน (09:00-15:59),จันทร์,winter,42,11.0,36.0,75.0,5.25,9.9375,สูงมาก
จันทบุรี,กลางวัน (09:00-15:59),พฤหัสบดี,rainy,59,9.0,69.0,116.0,7.375,14.625,สูงมาก
จันทบุรี,กลางวัน (09:00-15:59),พฤหัสบดี,summer,39,6.0,34.0,49.0,4.875,7.9375,สูงมาก
จันทบุรี,กลางวัน (09:00-15:59),พฤหัสบดี,winter,25,1.0,32.0,38.0,3.125,5.5,สูงมาก
จันทบุรี,กลางวัน (09:00-15:59),พุธ,rainy,51,9.0,41.0,74.0,6.375,11.0,สูงมาก
จันทบุรี,กลางวัน (09:00-15:59),พุธ,summer,34,10.0,27.0,56.0,4.25,7.75,สูงมาก
จันทบุรี,กลางวัน (09:00-15:59),พุธ,winter,36,6.0,39.0,67.0,4.5,8.6875,สูงมาก
จันทบุรี,กลางวัน (09:00-15:59),ศุกร์,rainy,48,12.0,41.0,78.0,6.0,10.875,สูงมาก
จันทบุรี,กลางวัน (09:00-15:59),ศุกร์,summer,47,4.0,48.0,66.0,5.875,10.0,สูงมาก
จันทบุรี,กลางวัน (09:00-15:59),ศุกร์,winter,47,11.0,39.0,76.0,5.875,10.625,สูงมาก
จันทบุรี,กลางวัน (09:00-15:59),อังคาร,rainy,41,6.0,41.0,63.0,5.125,9.0625,สูงมาก
จันทบุรี,กลางวัน (09:00-15:59),อังคาร,summer,32,6.0,39.0,61.0,4.0,7.8125,สูงมาก
จันทบุรี,กลางวัน (09:00-15:59),อังคาร,winter,28,9.0,34.0,66.0,3.5,7.625,สูงมาก
จันทบุรี,กลางวัน (09:00-15:59),อาทิตย์,rainy,40,11.0,48.0,93.0,5.0,10.8125,สูงมาก
จันทบุรี,กลางวัน (09:00-15:59),อาทิตย์,summer,36,2.0,38.0,51.0,4.5,7.6875,สูงมาก
จันทบุรี,กลางวัน (09:00-15:59),อาทิตย์,winter,23,4.0,36.0,42.0,2.875,5.5,สูงมาก
จันทบุรี,กลางวัน (09:00-15:59),เสาร์,rainy,40,10.0,29.0,56.0,5.0,8.5,สูงมาก
จันทบุรี,กลางวัน (09:00-15:59),เสาร์,summer,33,10.0,41.0,76.0,4.125,8.875,สูงมาก
จันทบุรี,กลางวัน (09:00-15:59),เสาร์,winter,28,5.0,38.0,47.0,3.5,6.4375,สูงมาก
จันทบุรี,หัวค่ำ-ดึก (19:00-23:59),จันทร์,rainy,22,13.0,16.0,62.0,2.75,6.625,สูงมาก
จันทบุรี,หัวค่ำ-ดึก (19:00-23:59),จันทร์,summer,27,14.0,36.0,74.0,3.375,8.0,สูงมาก
จันทบุรี,หัวค่ำ-ดึก (19:00-23:59),จันทร์,winter,24,12.0,21.0,51.0,3.0,6.1875,สูงมาก
จันทบุรี,หัวค่ำ-ดึก (19:00-23:59),พฤหัสบดี,rainy,38,8.0,30.0,56.0,4.75,8.25,สูงมาก
จันทบุรี,หัวค่ำ-ดึก (19:00-23:59),พฤหัสบดี,summer,33,4.0,49.0,79.0,4.125,9.0625,สูงมาก
จันทบุรี,หัวค่ำ-ดึก (19:00-23:59),พฤหัสบดี,winter,30,12.0,20.0,64.0,3.75,7.75,สูงมาก
จันทบุรี,หัวค่ำ-ดึก (19:00-23:59),พุธ,rainy,17,3.0,24.0,29.0,2.125,3.9375,สูง
จันทบุรี,หัวค่ำ-ดึก (19:00-23:59),พุธ,summer,26,7.0,26.0,52.0,3.25,6.5,สูงมาก
จันทบุรี,หัวค่ำ-ดึก (19:00-23:59),พุธ,winter,37,8.0,34.0,62.0,4.625,8.5,สูงมาก
จันทบุรี,หัวค่ำ-ดึก (19:00-23:59),ศุกร์,rainy,36,19.0,15.0,75.0,4.5,9.1875,สูงมาก
จันทบุรี,หัวค่ำ-ดึก (19:00-23:59),ศุกร์,summer,25,10.0,27.0,67.0,3.125,7.3125,สูงมาก
จันทบุรี,หัวค่ำ-ดึก (19:00-23:59),ศุกร์,winter,35,19.0,45.0,122.0,4.375,12.0,สูงมาก
จันทบุรี,หัวค่ำ-ดึก (19:00-23:59),อังคาร,rainy,28,7.0,19.0,46.0,3.5,6.375,สูงมาก
จันทบุรี,หัวค่ำ-ดึก (19:00-23:59),อังคาร,summer,37,13.0,32.0,81.0,4.625,9.6875,สูงมาก
จันทบุรี,หัวค่ำ-ดึก (19:00-23:59),อังคาร,winter,30,6.0,49.0,53.0,3.75,7.0625,สูงมาก
จันทบุรี,หัวค่ำ-ดึก (19:00-23:59),อาทิตย์,rainy,32,8.0,26.0,57.0,4.0,7.5625,สูงมาก
จันทบุรี,หัวค่ำ-ดึก (19:00-23:59),อาทิตย์,summer,28,1.0,28.0,30.0,3.5,5.375,สูงมาก
จันทบุรี,หัวค่ำ-ดึก (19:00-23:59),อาทิตย์,winter,21,6.0,29.0,51.0,2.625,5.8125,สูงมาก
จันทบุรี,หัวค่ำ-ดึก (19:00-23:59),เสาร์,rainy,28,10.0,34.0,81.0,3.5,8.5625,สูงมาก
จันทบุรี,หัวค่ำ-ดึก (19:00-23:59),เสาร์,summer,27,7.0,26.0,53.0,3.375,6.6875,สูงมาก
จันทบุรี,หัวค่ำ-ดึก (19:00-23:59),เสาร์,winter,28,11.0,28.0,79.0,3.5,8.4375,สูงมาก
จันทบุรี,เร่งด่วนเช้า (06:00-08:59),จันทร์,rainy,19,1.0,24.0,32.0,2.375,4.375,สูง
จันทบุรี,เร่งด่วนเช้า (06:00-08:59),จันทร์,summer,17,7.0,27.0,43.0,2.125,4.8125,สูง
จันทบุรี,เร่งด่วนเช้า (06:00-08:59),จันทร์,winter,18,3.0,21.0,37.0,2.25,4.5625,สูง
จันทบุรี,เร่งด่วนเช้า (06:00-08:59),พฤหัสบดี,rainy,16,5.0,12.0,25.0,2.0,3.5625,สูง
จันทบุรี,เร่งด่วนเช้า (06:00-08:59),พฤหัสบดี,summer,14,2.0,20.0,30.0,1.75,3.625,สูง
จันทบุรี,เร่งด่วนเช้า (06:00-08:59),พฤหัสบดี,winter,9,3.0,5.0,17.0,1.125,2.1875,ปานกลาง
จันทบุรี,เร่งด่วนเช้า (06:00-08:59),พุธ,rainy,10,1.0,8.0,13.0,1.25,2.0625,ปานกลาง
จันทบุรี,เร่งด่วนเช้า (06:00-08:59),พุธ,summer,16,6.0,15.0,35.0,2.0,4.1875,สูง
จันทบุรี,เร่งด่วนเช้า (06:00-08:59),พุธ,winter,7,2.0,5.0,14.0,0.875,1.75,ปานกลาง
จันทบุรี,เร่งด่วนเช้า (06:00-08:59),ศุกร์,rainy,25,3.0,54.0,76.0,3.125,7.875,สูงมาก
จันทบุรี,เร่งด่วนเช้า (06:00-08:59),ศุกร์,summer,12,4.0,13.0,26.0,1.5,3.125,สูง
จันทบุรี,เร่งด่วนเช้า (06:00-08:59),ศุกร์,winter,18,4.0,21.0,35.0,2.25,4.4375,สูง
จันทบุรี,เร่งด่วนเช้า (06:00-08:59),อังคาร,rainy,22,5.0,16.0,29.0,2.75,4.5625,สูง
จันทบุรี,เร่งด่วนเช้า (06:00-08:59),อังคาร,summer,9,1.0,13.0,17.0,1.125,2.1875,ปานกลาง
จันทบุรี,เร่งด่วนเช้า (06:00-08:59),อังคาร,winter,14,0.0,11.0,14.0,1.75,2.625,ปานกลาง
จันทบุรี,เร่งด่วนเช้า (06:00-08:59),อาทิตย์,rainy,21,5.0,38.0,50.0,2.625,5.75,สูงมาก
จันทบุรี,เร่งด่วนเช้า (06:00-08:59),อาทิตย์,summer,12,0.0,18.0,22.0,1.5,2.875,ปานกลาง
จันทบุรี,เร่งด่วนเช้า (06:00-08:59),อาทิตย์,winter,10,3.0,22.0,22.0,1.25,2.625,ปานกลาง
จันทบุรี,เร่งด่วนเช้า (06:00-08:59),เสาร์,rainy,22,3.0,48.0,23.0,2.75,4.1875,สูง
จันทบุรี,เร่งด่วนเช้า (06:00-08:59),เสาร์,summer,12,2.0,10.0,16.0,1.5,2.5,ปานกลาง
จันทบุรี,เร่งด่วนเช้า (06:00-08:59),เสาร์,winter,21,4.0,45.0,61.0,2.625,6.4375,สูงมาก
จันทบุรี,เร่งด่วนเย็น (16:00-18:59),จันทร์,rainy,18,6.0,20.0,42.0,2.25,4.875,สูง
จันทบุรี,เร่งด่วนเย็น (16:00-18:59),จันทร์,summer,18,4.0,24.0,48.0,2.25,5.25,สูงมาก
จันทบุรี,เร่งด่วนเย็น (16:00-18:59),จันทร์,winter,13,1.0,14.0,19.0,1.625,2.8125,ปานกลาง
จันทบุรี,เร่งด่วนเย็น (16:00-18:59),พฤหัสบดี,rainy,16,10.0,18.0,47.0,2.0,4.9375,สูง
จันทบุรี,เร่งด่วนเย็น (16:00-18:59),พฤหัสบดี,summer,8,0.0,11.0,10.0,1.0,1.625,ต่ำ
จันทบุรี,เร่งด่วนเย็น (16:00-18:59),พฤหัสบดี,winter,20,4.0,19.0,38.0,2.5,4.875,สูง
จันทบุรี,เร่งด่วนเย็น (16:00-18:59),พุธ,rainy,15,3.0,18.0,28.0,1.875,3.625,สูง
จันทบุรี,เร่งด่วนเย็น (16:00-18:59),พุธ,summer,16,6.0,27.0,52.0,2.0,5.25,สูงมาก
จันทบุรี,เร่งด่วนเย็น (16:00-18:59),พุธ,winter,15,2.0,27.0,29.0,1.875,3.6875,สูง
จันทบุรี,เร่งด่วนเย็น (16:00-18:59),ศุกร์,rainy,23,5.0,21.0,37.0,2.875,5.1875,สูงมาก
จันทบุรี,เร่งด่วนเย็น (16:00-18:59),ศุกร์,summer,21,7.0,19.0,48.0,2.625,5.625,สูงมาก
จันทบุรี,เร่งด่วนเย็น (16:00-18:59),ศุกร์,winter,17,3.0,18.0,29.0,2.125,3.9375,สูง
จันทบุรี,เร่งด่วนเย็น (16:00-18:59),อังคาร,rainy,24,5.0,26.0,38.0,3.0,5.375,สูงมาก
จันทบุรี,เร่งด่วนเย็น (16:00-18:59),อังคาร,summer,23,11.0,33.0,74.0,2.875,7.5,สูงมาก
จันทบุรี,เร่งด่วนเย็น (16:00-18:59),อังคาร,winter,11,3.0,22.0,34.0,1.375,3.5,สูง
จันทบุรี,เร่งด่วนเย็น (16:00-18:59),อาทิตย์,rainy,18,8.0,8.0,34.0,2.25,4.375,สูง
จันทบุรี,เร่งด่วนเย็น (16:00-18:59),อาทิตย์,summer,15,1.0,19.0,23.0,1.875,3.3125,สูง
จันทบุรี,เร่งด่วนเย็น (16:00-18:59),อาทิตย์,winter,19,7.0,21.0,50.0,2.375,5.5,สูงมาก
จันทบุรี,เร่งด่วนเย็น (16:00-18:59),เสาร์,rainy,17,3.0,22.0,38.0,2.125,4.5,สูง
จันทบุรี,เร่งด่วนเย็น (16:00-18:59),เสาร์,summer,25,1.0,25.0,19.0,3.125,4.3125,สูง
จันทบุรี,เร่งด่วนเย็น (16:00-18:59),เสาร์,winter,20,1.0,36.0,48.0,2.5,5.5,สูงมาก
ฉะเชิงเทรา,กลางดึก (00:00-05:59),จันทร์,rainy,26,1.0,14.0,18.0,3.25,4.375,สูง
ฉะเชิงเทรา,กลางดึก (00:00-05:59),จันทร์,summer,17,3.0,16.0,28.0,2.125,3.875,สูง
ฉะเชิงเทรา,กลางดึก (00:00-05:59),จันทร์,winter,26,10.0,18.0,51.0,3.25,6.4375,สูงมาก
ฉะเชิงเทรา,กลางดึก (00:00-05:59),พฤหัสบดี,rainy,22,4.0,11.0,25.0,2.75,4.3125,สูง
ฉะเชิงเทรา,กลางดึก (00:00-05:59),พฤหัสบดี,summer,31,7.0,61.0,85.0,3.875,9.1875,สูงมาก
ฉะเชิงเทรา,กลางดึก (00:00-05:59),พฤหัสบดี,winter,20,3.0,10.0,20.0,2.5,3.75,สูง
ฉะเชิงเทรา,กลางดึก (00:00-05:59),พุธ,rainy,26,2.0,11.0,17.0,3.25,4.3125,สูง
ฉะเชิงเทรา,กลางดึก (00:00-05:59),พุธ,summer,22,2.0,20.0,27.0,2.75,4.4375,สูง
ฉะเชิงเทรา,กลางดึก (00:00-05:59),พุธ,winter,10,1.0,23.0,26.0,1.25,2.875,ปานกลาง
ฉะเชิงเทรา,กลางดึก (00:00-05:59),ศุกร์,rainy,28,5.0,13.0,30.0,3.5,5.375,สูงมาก
ฉะเชิงเทรา,กลางดึก (00:00-05:59),ศุกร์,summer,21,3.0,9.0,17.0,2.625,3.6875,สูง
ฉะเชิงเทรา,กลางดึก (00:00-05:59),ศุกร์,winter,23,3.0,18.0,30.0,2.875,4.75,สูง
ฉะเชิงเทรา,กลางดึก (00:00-05:59),อังคาร,rainy,24,4.0,10.0,22.0,3.0,4.375,สูง
ฉะเชิงเทรา,กลางดึก (00:00-05:59),อังคาร,summer,15,0.0,11.0,10.0,1.875,2.5,ปานกลาง
ฉะเชิงเทรา,กลางดึก (00:00-05:59),อังคาร,winter,22,1.0,46.0,49.0,2.75,5.8125,สูงมาก
ฉะเชิงเทรา,กลางดึก (00:00-05:59),อาทิตย์,rainy,39,6.0,19.0,39.0,4.875,7.3125,สูงมาก
ฉะเชิงเทรา,กลางดึก (00:00-05:59),อาทิตย์,summer,27,3.0,29.0,38.0,3.375,5.75,สูงมาก
ฉะเชิงเทรา,กลางดึก (00:00-05:59),อาทิตย์,winter,22,4.0,24.0,36.0,2.75,5.0,สูง
ฉะเชิงเทรา,กลางดึก (00:00-05:59),เสาร์,rainy,33,3.0,13.0,27.0,4.125,5.8125,สูงมาก
ฉะเชิงเทรา,กลางดึก (00:00-05:59),เสาร์,summer,29,1.0,26.0,28.0,3.625,5.375,สูงมาก
ฉะเชิงเทรา,กลางดึก (00:00-05:59),เสาร์,winter,25,2.0,15.0,22.0,3.125,4.5,สูง
ฉะเชิงเทรา,กลางวัน (09:00-15:59),จันทร์,rainy,68,7.0,48.0,76.0,8.5,13.25,สูงมาก
ฉะเชิงเทรา,กลางวัน (09:00-15:59),จันทร์,summer,43,2.0,15.0,20.0,5.375,6.625,สูงมาก
ฉะเชิงเทรา,กลางวัน (09:00-15:59),จันทร์,winter,33,6.0,31.0,52.0,4.125,7.375,สูงมาก
ฉะเชิงเทรา,กลางวัน (09:00-15:59),พฤหัสบดี,rainy,68,9.0,34.0,67.0,8.5,12.6875,สูงมาก
ฉะเชิงเทรา,กลางวัน (09:00-15:59),พฤหัสบดี,summer,43,2.0,16.0,23.0,5.375,6.8125,สูงมาก
ฉะเชิงเทรา,กลางวัน (09:00-15:59),พฤหัสบดี,winter,33,2.0,13.0,20.0,4.125,5.375,สูงมาก
ฉะเชิงเทรา,กลางวัน (09:00-15:59),พุธ,rainy,57,2.0,31.0,39.0,7.125,9.5625,สูงมาก
ฉะเชิงเทรา,กลางวัน (09:00-15:59),พุธ,summer,46,4.0,30.0,44.0,5.75,8.5,สูงมาก
ฉะเชิงเทรา,กลางวัน (09:00-15:59),พุธ,winter,44,4.0,30.0,42.0,5.5,8.125,สูงมาก
ฉะเชิงเทรา,กลางวัน (09:00-15:59),ศุกร์,rainy,72,7.0,38.0,61.0,9.0,12.8125,สูงมาก
ฉะเชิงเทรา,กลางวัน (09:00-15:59),ศุกร์,summer,47,3.0,29.0,40.0,5.875,8.375,สูงมาก
ฉะเชิงเทรา,กลางวัน (09:00-15:59),ศุกร์,winter,45,2.0,19.0,29.0,5.625,7.4375,สูงมาก
ฉะเชิงเทรา,กลางวัน (09:00-15:59),อังคาร,rainy,61,3.0,42.0,53.0,7.625,10.9375,สูงมาก
ฉะเชิงเทรา,กลางวัน (09:00-15:59),อังคาร,summer,34,5.0,13.0,31.0,4.25,6.1875,สูงมาก
ฉะเชิงเทรา,กลางวัน (09:00-15:59),อังคาร,winter,48,3.0,20.0,27.0,6.0,7.6875,สูงมาก
ฉะเชิงเทรา,กลางวัน (09:00-15:59),อาทิตย์,rainy,63,1.0,31.0,34.0,7.875,10.0,สูงมาก
ฉะเชิงเทรา,กลางวัน (09:00-15:59),อาทิตย์,summer,48,5.0,21.0,37.0,6.0,8.3125,สูงมาก
ฉะเชิงเทรา,กลางวัน (09:00-15:59),อาทิตย์,winter,39,2.0,48.0,51.0,4.875,8.0625,สูงมาก
ฉะเชิงเทรา,กลางวัน (09:00-15:59),เสาร์,rainy,85,6.0,59.0,78.0,10.625,15.5,สูงมาก
ฉะเชิงเทรา,กลางวัน (09:00-15:59),เสาร์,summer,83,6.0,34.0,54.0,10.375,13.75,สูงมาก
ฉะเชิงเทรา,กลางวัน (09:00-15:59),เสาร์,winter,60,4.0,28.0,44.0,7.5,10.25,สูงมาก
ฉะเชิงเทรา,หัวค่ำ-ดึก (19:00-23:59),จันทร์,rainy,19,1.0,17.0,21.0,2.375,3.6875,สูง
ฉะเชิงเทรา,หัวค่ำ-ดึก (19:00-23:59),จันทร์,summer,20,2.0,10.0,19.0,2.5,3.6875,สูง
ฉะเชิงเทรา,หัวค่ำ-ดึก (19:00-23:59),จันทร์,winter,20,3.0,16.0,25.0,2.5,4.0625,สูง
ฉะเชิงเทรา,หัวค่ำ-ดึก (19:00-23:59),พฤหัสบดี,rainy,28,2.0,32.0,41.0,3.5,6.0625,สูงมาก
ฉะเชิงเทรา,หัวค่ำ-ดึก (19:00-23:59),พฤหัสบดี,summer,11,3.0,4.0,17.0,1.375,2.4375,ปานกลาง
ฉะเชิงเทรา,หัวค่ำ-ดึก (19:00-23:59),พฤหัสบดี,winter,22,2.0,6.0,14.0,2.75,3.625,สูง
ฉะเชิงเทรา,หัวค่ำ-ดึก (19:00-23:59),พุธ,rainy,30,7.0,16.0,35.0,3.75,5.9375,สูงมาก
ฉะเชิงเทรา,หัวค่ำ-ดึก (19:00-23:59),พุธ,summer,20,4.0,10.0,24.0,2.5,4.0,สูง
ฉะเชิงเทรา,หัวค่ำ-ดึก (19:00-23:59),พุธ,winter,13,2.0,9.0,12.0,1.625,2.375,ปานกลาง
ฉะเชิงเทรา,หัวค่ำ-ดึก (19:00-23:59),ศุกร์,rainy,44,10.0,21.0,52.0,5.5,8.75,สูงมาก
ฉะเชิงเทรา,หัวค่ำ-ดึก (19:00-23:59),ศุกร์,summer,29,2.0,15.0,25.0,3.625,5.1875,สูงมาก
ฉะเชิงเทรา,หัวค่ำ-ดึก (19:00-23:59),ศุกร์,winter,31,4.0,16.0,32.0,3.875,5.875,สูงมาก
ฉะเชิงเทรา,หัวค่ำ-ดึก (19:00-23:59),อังคาร,rainy,35,2.0,22.0,31.0,4.375,6.3125,สูงมาก
ฉะเชิงเทรา,หัวค่ำ-ดึก (19:00-23:59),อังคาร,summer,13,1.0,11.0,15.0,1.625,2.5625,ปานกลาง
ฉะเชิงเทรา,หัวค่ำ-ดึก (19:00-23:59),อังคาร,winter,20,2.0,12.0,20.0,2.5,3.75,สูง
ฉะเชิงเทรา,หัวค่ำ-ดึก (19:00-23:59),อาทิตย์,rainy,31,8.0,12.0,32.0,3.875,5.875,สูงมาก
ฉะเชิงเทรา,หัวค่ำ-ดึก (19:00-23:59),อาทิตย์,summer,22,3.0,11.0,17.0,2.75,3.8125,สูง
ฉะเชิงเทรา,หัวค่ำ-ดึก (19:00-23:59),อาทิตย์,winter,20,3.0,13.0,22.0,2.5,3.875,สูง
ฉะเชิงเทรา,หัวค่ำ-ดึก (19:00-23:59),เสาร์,rainy,22,1.0,18.0,23.0,2.75,4.1875,สูง
ฉะเชิงเทรา,หัวค่ำ-ดึก (19:00-23:59),เสาร์,summer,22,5.0,27.0,44.0,2.75,5.5,สูงมาก
ฉะเชิงเทรา,หัวค่ำ-ดึก (19:00-23:59),เสาร์,winter,27,3.0,19.0,33.0,3.375,5.4375,สูงมาก
ฉะเชิงเทรา,เร่งด่วนเช้า (06:00-08:59),จันทร์,rainy,32,9.0,21.0,51.0,4.0,7.1875,สูงมาก
ฉะเชิงเทรา,เร่งด่วนเช้า (06:00-08:59),จันทร์,summer,9,2.0,15.0,20.0,1.125,2.375,ปานกลาง
ฉะเชิงเทรา,เร่งด่วนเช้า (06:00-08:59),จันทร์,winter,15,0.0,26.0,29.0,1.875,3.6875,สูง
ฉะเชิงเทรา,เร่งด่วนเช้า (06:00-08:59),พฤหัสบดี,rainy,20,4.0,9.0,21.0,2.5,3.8125,สูง
ฉะเชิงเทรา,เร่งด่วนเช้า (06:00-08:59),พฤหัสบดี,summer,15,2.0,11.0,18.0,1.875,3.0,สูง
ฉะเชิงเทรา,เร่งด่วนเช้า (06:00-08:59),พฤหัสบดี,winter,13,3.0,13.0,26.0,1.625,3.25,สูง
ฉะเชิงเทรา,เร่งด่วนเช้า (06:00-08:59),พุธ,rainy,22,3.0,11.0,21.0,2.75,4.0625,สูง
ฉะเชิงเทรา,เร่งด่วนเช้า (06:00-08:59),พุธ,summer,12,2.0,10.0,16.0,1.5,2.5,ปานกลาง
ฉะเชิงเทรา,เร่งด่วนเช้า (06:00-08:59),พุธ,winter,17,1.0,17.0,21.0,2.125,3.4375,สูง
ฉะเชิงเทรา,เร่งด่วนเช้า (06:00-08:59),ศุกร์,rainy,13,1.0,14.0,15.0,1.625,2.5625,ปานกลาง
ฉะเชิงเทรา,เร่งด่วนเช้า (06:00-08:59),ศุกร์,summer,13,2.0,4.0,10.0,1.625,2.25,ปานกลาง
ฉะเชิงเทรา,เร่งด่วนเช้า (06:00-08:59),ศุกร์,winter,11,3.0,5.0,15.0,1.375,2.3125,ปานกลาง
ฉะเชิงเทรา,เร่งด่วนเช้า (06:00-08:59),อังคาร,rainy,22,4.0,12.0,24.0,2.75,4.25,สูง
ฉะเชิงเทรา,เร่งด่วนเช้า (06:00-08:59),อังคาร,summer,12,1.0,2.0,4.0,1.5,1.75,ปานกลาง
ฉะเชิงเทรา,เร่งด่วนเช้า (06:00-08:59),อังคาร,winter,17,1.0,7.0,10.0,2.125,2.75,ปานกลาง
ฉะเชิงเทรา,เร่งด่วนเช้า (06:00-08:59),อาทิตย์,rainy,27,3.0,14.0,30.0,3.375,5.25,สูงมาก
ฉะเชิงเทรา,เร่งด่วนเช้า (06:00-08:59),อาทิตย์,summer,12,3.0,4.0,15.0,1.5,2.4375,ปานกลาง
ฉะเชิงเทรา,เร่งด่วนเช้า (06:00-08:59),อาทิตย์,winter,12,0.0,10.0,10.0,1.5,2.125,ปานกลาง
ฉะเชิงเทรา,เร่งด่วนเช้า (06:00-08:59),เสาร์,rainy,24,7.0,15.0,34.0,3.0,5.125,สูงมาก
ฉะเชิงเทรา,เร่งด่วนเช้า (06:00-08:59),เสาร์,summer,22,3.0,15.0,23.0,2.75,4.1875,สูง
ฉะเชิงเทรา,เร่งด่วนเช้า (06:00-08:59),เสาร์,winter,20,1.0,10.0,13.0,2.5,3.3125,สูง
ฉะเชิงเทรา,เร่งด่วนเย็น (16:00-18:59),จันทร์,rainy,19,2.0,11.0,17.0,2.375,3.4375,สูง
ฉะเชิงเทรา,เร่งด่วนเย็น (16:00-18:59),จันทร์,summer,19,0.0,29.0,35.0,2.375,4.5625,สูง
ฉะเชิงเทรา,เร่งด่วนเย็น (16:00-18:59),จันทร์,winter,13,2.0,8.0,17.0,1.625,2.6875,ปานกลาง
ฉะเชิงเทรา,เร่งด่วนเย็น (16:00-18:59),พฤหัสบดี,rainy,15,4.0,24.0,36.0,1.875,4.125,สูง
ฉะเชิงเทรา,เร่งด่วนเย็น (16:00-18:59),พฤหัสบดี,summer,12,3.0,18.0,27.0,1.5,3.1875,สูง
ฉะเชิงเทรา,เร่งด่วนเย็น (16:00-18:59),พฤหัสบดี,winter,18,5.0,28.0,32.0,2.25,4.25,สูง
ฉะเชิงเทรา,เร่งด่วนเย็น (16:00-18:59),พุธ,rainy,16,2.0,16.0,24.0,2.0,3.5,สูง
ฉะเชิงเทรา,เร่งด่วนเย็น (16:00-18:59),พุธ,summer,16,1.0,26.0,41.0,2.0,4.5625,สูง
ฉะเชิงเทรา,เร่งด่วนเย็น (16:00-18:59),พุธ,winter,21,1.0,9.0,10.0,2.625,3.25,สูง
ฉะเชิงเทรา,เร่งด่วนเย็น (16:00-18:59),ศุกร์,rainy,38,3.0,38.0,50.0,4.75,7.875,สูงมาก
ฉะเชิงเทรา,เร่งด่วนเย็น (16:00-18:59),ศุกร์,summer,24,2.0,22.0,27.0,3.0,4.6875,สูง
ฉะเชิงเทรา,เร่งด่วนเย็น (16:00-18:59),ศุกร์,winter,29,2.0,28.0,34.0,3.625,5.75,สูงมาก
ฉะเชิงเทรา,เร่งด่วนเย็น (16:00-18:59),อังคาร,rainy,19,2.0,16.0,26.0,2.375,4.0,สูง
ฉะเชิงเทรา,เร่งด่วนเย็น (16:00-18:59),อังคาร,summer,16,2.0,17.0,25.0,2.0,3.5625,สูง
ฉะเชิงเทรา,เร่งด่วนเย็น (16:00-18:59),อังคาร,winter,9,0.0,4.0,6.0,1.125,1.5,ต่ำ
ฉะเชิงเทรา,เร่งด่วนเย็น (16:00-18:59),อาทิตย์,rainy,36,3.0,39.0,40.0,4.5,7.0,สูงมาก
ฉะเชิงเทรา,เร่งด่วนเย็น (16:00-18:59),อาทิตย์,summer,24,8.0,17.0,41.0,3.0,5.5625,สูงมาก
ฉะเชิงเทรา,เร่งด่วนเย็น (16:00-18:59),อาทิตย์,winter,21,3.0,13.0,22.0,2.625,4.0,สูง
ฉะเชิงเทรา,เร่งด่วนเย็น (16:00-18:59),เสาร์,rainy,23,3.0,4.0,15.0,2.875,3.8125,สูง
ฉะเชิงเทรา,เร่งด่วนเย็น (16:00-18:59),เสาร์,summer,17,1.0,33.0,30.0,2.125,4.0,สูง
ฉะเชิงเทรา,เร่งด่วนเย็น (16:00-18:59),เสาร์,winter,17,2.0,5.0,13.0,2.125,2.9375,ปานกลาง
ชลบุรี,กลางดึก (00:00-05:59),จันทร์,rainy,95,9.0,42.0,71.0,11.875,16.3125,สูงมาก
ชลบุรี,กลางดึก (00:00-05:59),จันทร์,summer,57,6.0,26.0,49.0,7.125,10.1875,สูงมาก
ชลบุรี,กลางดึก (00:00-05:59),จันทร์,winter,93,8.0,58.0,92.0,11.625,17.375,สูงมาก
ชลบุรี,กลางดึก (00:00-05:59),พฤหัสบดี,rainy,91,9.0,45.0,76.0,11.375,16.125,สูงมาก
ชลบุรี,กลางดึก (00:00-05:59),พฤหัสบดี,summer,68,4.0,43.0,54.0,8.5,11.875,สูงมาก
ชลบุรี,กลางดึก (00:00-05:59),พฤหัสบดี,winter,63,9.0,39.0,70.0,7.875,12.25,สูงมาก
ชลบุรี,กลางดึก (00:00-05:59),พุธ,rainy,85,7.0,36.0,57.0,10.625,14.1875,สูงมาก
ชลบุรี,กลางดึก (00:00-05:59),พุธ,summer,58,4.0,26.0,39.0,7.25,9.6875,สูงมาก
ชลบุรี,กลางดึก (00:00-05:59),พุธ,winter,61,3.0,41.0,56.0,7.625,11.125,สูงมาก
ชลบุรี,กลางดึก (00:00-05:59),ศุกร์,rainy,88,6.0,67.0,96.0,11.0,17.0,สูงมาก
ชลบุรี,กลางดึก (00:00-05:59),ศุกร์,summer,55,4.0,23.0,35.0,6.875,9.0625,สูงมาก
ชลบุรี,กลางดึก (00:00-05:59),ศุกร์,winter,69,9.0,26.0,62.0,8.625,12.5,สูงมาก
ชลบุรี,กลางดึก (00:00-05:59),อังคาร,rainy,76,5.0,26.0,43.0,9.5,12.1875,สูงมาก
ชลบุรี,กลางดึก (00:00-05:59),อังคาร,summer,45,3.0,22.0,34.0,5.625,7.75,สูงมาก
ชลบุรี,กลางดึก (00:00-05:59),อังคาร,winter,63,9.0,38.0,70.0,7.875,12.25,สูงมาก
ชลบุรี,กลางดึก (00:00-05:59),อาทิตย์,rainy,117,6.0,63.0,81.0,14.625,19.6875,สูงมาก
ชลบุรี,กลางดึก (00:00-05:59),อาทิตย์,summer,76,5.0,57.0,78.0,9.5,14.375,สูงมาก
ชลบุรี,กลางดึก (00:00-05:59),อาทิตย์,winter,81,6.0,51.0,67.0,10.125,14.3125,สูงมาก
ชลบุรี,กลางดึก (00:00-05:59),เสาร์,rainy,110,9.0,58.0,78.0,13.75,18.625,สูงมาก
ชลบุรี,กลางดึก (00:00-05:59),เสาร์,summer,69,5.0,58.0,77.0,8.625,13.4375,สูงมาก
ชลบุรี,กลางดึก (00:00-05:59),เสาร์,winter,87,14.0,63.0,91.0,10.875,16.5625,สูงมาก
ชลบุรี,กลางวัน (09:00-15:59),จันทร์,rainy,242,6.0,65.0,88.0,30.25,35.75,สูงมาก
ชลบุรี,กลางวัน (09:00-15:59),จันทร์,summer,153,7.0,75.0,94.0,19.125,25.0,สูงมาก
ชลบุรี,กลางวัน (09:00-15:59),จันทร์,winter,151,4.0,71.0,86.0,18.875,24.25,สูงมาก
ชลบุรี,กลางวัน (09:00-15:59),พฤหัสบดี,rainy,207,9.0,80.0,115.0,25.875,33.0625,สูงมาก
ชลบุรี,กลางวัน (09:00-15:59),พฤหัสบดี,summer,147,2.0,37.0,46.0,18.375,21.25,สูงมาก
ชลบุรี,กลางวัน (09:00-15:59),พฤหัสบดี,winter,171,4.0,78.0,94.0,21.375,27.25,สูงมาก
ชลบุรี,กลางวัน (09:00-15:59),พุธ,rainy,217,5.0,77.0,90.0,27.125,32.75,สูงมาก
ชลบุรี,กลางวัน (09:00-15:59),พุธ,summer,151,4.0,63.0,84.0,18.875,24.125,สูงมาก
ชลบุรี,กลางวัน (09:00-15:59),พุธ,winter,180,8.0,96.0,112.0,22.5,29.5,สูงมาก
ชลบุรี,กลางวัน (09:00-15:59),ศุกร์,rainy,223,3.0,67.0,71.0,27.875,32.3125,สูงมาก
ชลบุรี,กลางวัน (09:00-15:59),ศุกร์,summer,191,5.0,67.0,88.0,23.875,29.375,สูงมาก
ชลบุรี,กลางวัน (09:00-15:59),ศุกร์,winter,197,4.0,70.0,82.0,24.625,29.75,สูงมาก
ชลบุรี,กลางวัน (09:00-15:59),อังคาร,rainy,201,6.0,69.0,83.0,25.125,30.3125,สูงมาก
ชลบุรี,กลางวัน (09:00-15:59),อังคาร,summer,156,5.0,73.0,91.0,19.5,25.1875,สูงมาก
ชลบุรี,กลางวัน (09:00-15:59),อังคาร,winter,141,5.0,68.0,84.0,17.625,22.875,สูงมาก
ชลบุรี,กลางวัน (09:00-15:59),อาทิตย์,rainy,198,5.0,60.0,78.0,24.75,29.625,สูงมาก
ชลบุรี,กลางวัน (09:00-15:59),อาทิตย์,summer,172,6.0,87.0,103.0,21.5,27.9375,สูงมาก
ชลบุรี,กลางวัน (09:00-15:59),อาทิตย์,winter,171,7.0,109.0,134.0,21.375,29.75,สูงมาก
ชลบุรี,กลางวัน (09:00-15:59),เสาร์,rainy,269,2.0,71.0,78.0,33.625,38.5,สูงมาก
ชลบุรี,กลางวัน (09:00-15:59),เสาร์,summer,187,3.0,66.0,71.0,23.375,27.8125,สูงมาก
ชลบุรี,กลางวัน (09:00-15:59),เสาร์,winter,239,8.0,74.0,87.0,29.875,35.3125,สูงมาก
ชลบุรี,หัวค่ำ-ดึก (19:00-23:59),จันทร์,rainy,66,2.0,55.0,67.0,8.25,12.4375,สูงมาก
ชลบุรี,หัวค่ำ-ดึก (19:00-23:59),จันทร์,summer,52,4.0,28.0,38.0,6.5,8.875,สูงมาก
ชลบุรี,หัวค่ำ-ดึก (19:00-23:59),จันทร์,winter,64,4.0,47.0,64.0,8.0,12.0,สูงมาก
ชลบุรี,หัวค่ำ-ดึก (19:00-23:59),พฤหัสบดี,rainy,80,6.0,35.0,56.0,10.0,13.5,สูงมาก
ชลบุรี,หัวค่ำ-ดึก (19:00-23:59),พฤหัสบดี,summer,52,7.0,36.0,54.0,6.5,9.875,สูงมาก
ชลบุรี,หัวค่ำ-ดึก (19:00-23:59),พฤหัสบดี,winter,49,2.0,34.0,45.0,6.125,8.9375,สูงมาก
ชลบุรี,หัวค่ำ-ดึก (19:00-23:59),พุธ,rainy,80,2.0,24.0,31.0,10.0,11.9375,สูงมาก
ชลบุรี,หัวค่ำ-ดึก (19:00-23:59),พุธ,summer,59,4.0,43.0,59.0,7.375,11.0625,สูงมาก
ชลบุรี,หัวค่ำ-ดึก (19:00-23:59),พุธ,winter,56,6.0,27.0,51.0,7.0,10.1875,สูงมาก
ชลบุรี,หัวค่ำ-ดึก (19:00-23:59),ศุกร์,rainy,82,5.0,35.0,55.0,10.25,13.6875,สูงมาก
ชลบุรี,หัวค่ำ-ดึก (19:00-23:59),ศุกร์,summer,88,8.0,39.0,69.0,11.0,15.3125,สูงมาก
ชลบุรี,หัวค่ำ-ดึก (19:00-23:59),ศุกร์,winter,98,7.0,39.0,65.0,12.25,16.3125,สูงมาก
ชลบุรี,หัวค่ำ-ดึก (19:00-23:59),อังคาร,rainy,82,7.0,40.0,55.0,10.25,13.6875,สูงมาก
ชลบุรี,หัวค่ำ-ดึก (19:00-23:59),อังคาร,summer,52,1.0,29.0,35.0,6.5,8.6875,สูงมาก
ชลบุรี,หัวค่ำ-ดึก (19:00-23:59),อังคาร,winter,50,4.0,37.0,57.0,6.25,9.8125,สูงมาก
ชลบุรี,หัวค่ำ-ดึก (19:00-23:59),อาทิตย์,rainy,101,8.0,32.0,60.0,12.625,16.375,สูงมาก
ชลบุรี,หัวค่ำ-ดึก (19:00-23:59),อาทิตย์,summer,67,4.0,47.0,61.0,8.375,12.1875,สูงมาก
ชลบุรี,หัวค่ำ-ดึก (19:00-23:59),อาทิตย์,winter,67,7.0,46.0,72.0,8.375,12.875,สูงมาก
ชลบุรี,หัวค่ำ-ดึก (19:00-23:59),เสาร์,rainy,68,6.0,28.0,48.0,8.5,11.5,สูงมาก
ชลบุรี,หัวค่ำ-ดึก (19:00-23:59),เสาร์,summer,70,4.0,43.0,58.0,8.75,12.375,สูงมาก
ชลบุรี,หัวค่ำ-ดึก (19:00-23:59),เสาร์,winter,89,9.0,56.0,88.0,11.125,16.625,สูงมาก
ชลบุรี,เร่งด่วนเช้า (06:00-08:59),จันทร์,rainy,51,3.0,14.0,23.0,6.375,7.8125,สูงมาก
ชลบุรี,เร่งด่วนเช้า (06:00-08:59),จันทร์,summer,52,4.0,21.0,27.0,6.5,8.1875,สูงมาก
ชลบุรี,เร่งด่วนเช้า (06:00-08:59),จันทร์,winter,47,1.0,9.0,11.0,5.875,6.5625,สูงมาก
ชลบุรี,เร่งด่วนเช้า (06:00-08:59),พฤหัสบดี,rainy,61,2.0,33.0,42.0,7.625,10.25,สูงมาก
ชลบุรี,เร่งด่วนเช้า (06:00-08:59),พฤหัสบดี,summer,40,2.0,34.0,37.0,5.0,7.3125,สูงมาก
ชลบุรี,เร่งด่วนเช้า (06:00-08:59),พฤหัสบดี,winter,46,2.0,47.0,53.0,5.75,9.0625,สูงมาก
ชลบุรี,เร่งด่วนเช้า (06:00-08:59),พุธ,rainy,58,5.0,29.0,43.0,7.25,9.9375,สูงมาก
ชลบุรี,เร่งด่วนเช้า (06:00-08:59),พุธ,summer,37,1.0,24.0,27.0,4.625,6.3125,สูงมาก
ชลบุรี,เร่งด่วนเช้า (06:00-08:59),พุธ,winter,49,5.0,16.0,32.0,6.125,8.125,สูงมาก
ชลบุรี,เร่งด่วนเช้า (06:00-08:59),ศุกร์,rainy,46,2.0,28.0,37.0,5.75,8.0625,สูงมาก
ชลบุรี,เร่งด่วนเช้า (06:00-08:59),ศุกร์,summer,31,1.0,19.0,24.0,3.875,5.375,สูงมาก
ชลบุรี,เร่งด่วนเช้า (06:00-08:59),ศุกร์,winter,24,0.0,8.0,8.0,3.0,3.5,สูง
ชลบุรี,เร่งด่วนเช้า (06:00-08:59),อังคาร,rainy,46,3.0,40.0,45.0,5.75,8.5625,สูงมาก
ชลบุรี,เร่งด่วนเช้า (06:00-08:59),อังคาร,summer,39,2.0,27.0,38.0,4.875,7.25,สูงมาก
ชลบุรี,เร่งด่วนเช้า (06:00-08:59),อังคาร,winter,42,3.0,20.0,30.0,5.25,7.125,สูงมาก
ชลบุรี,เร่งด่วนเช้า (06:00-08:59),อาทิตย์,rainy,44,2.0,35.0,33.0,5.5,7.5625,สูงมาก
ชลบุรี,เร่งด่วนเช้า (06:00-08:59),อาทิตย์,summer,43,3.0,29.0,29.0,5.375,7.1875,สูงมาก
ชลบุรี,เร่งด่วนเช้า (06:00-08:59),อาทิตย์,winter,42,3.0,26.0,39.0,5.25,7.6875,สูงมาก
ชลบุรี,เร่งด่วนเช้า (06:00-08:59),เสาร์,rainy,67,1.0,23.0,25.0,8.375,9.9375,สูงมาก
ชลบุรี,เร่งด่วนเช้า (06:00-08:59),เสาร์,summer,36,1.0,24.0,26.0,4.5,6.125,สูงมาก
ชลบุรี,เร่งด่วนเช้า (06:00-08:59),เสาร์,winter,39,3.0,20.0,31.0,4.875,6.8125,สูงมาก
ชลบุรี,เร่งด่วนเย็น (16:00-18:59),จันทร์,rainy,50,1.0,34.0,39.0,6.25,8.6875,สูงมาก
ชลบุรี,เร่งด่วนเย็น (16:00-18:59),จันทร์,summer,44,3.0,39.0,51.0,5.5,8.6875,สูงมาก
ชลบุรี,เร่งด่วนเย็น (16:00-18:59),จันทร์,winter,54,1.0,39.0,40.0,6.75,9.25,สูงมาก
ชลบุรี,เร่งด่วนเย็น (16:00-18:59),พฤหัสบดี,rainy,68,4.0,22.0,31.0,8.5,10.4375,สูงมาก
ชลบุรี,เร่งด่วนเย็น (16:00-18:59),พฤหัสบดี,summer,52,1.0,23.0,31.0,6.5,8.4375,สูงมาก
ชลบุรี,เร่งด่วนเย็น (16:00-18:59),พฤหัสบดี,winter,50,3.0,61.0,75.0,6.25,10.9375,สูงมาก
ชลบุรี,เร่งด่วนเย็น (16:00-18:59),พุธ,rainy,63,2.0,15.0,16.0,7.875,8.875,สูงมาก
ชลบุรี,เร่งด่วนเย็น (16:00-18:59),พุธ,summer,37,1.0,19.0,24.0,4.625,6.125,สูงมาก
ชลบุรี,เร่งด่วนเย็น (16:00-18:59),พุธ,winter,43,3.0,27.0,44.0,5.375,8.125,สูงมาก
ชลบุรี,เร่งด่วนเย็น (16:00-18:59),ศุกร์,rainy,81,2.0,72.0,77.0,10.125,14.9375,สูงมาก
ชลบุรี,เร่งด่วนเย็น (16:00-18:59),ศุกร์,summer,45,3.0,19.0,30.0,5.625,7.5,สูงมาก
ชลบุรี,เร่งด่วนเย็น (16:00-18:59),ศุกร์,winter,70,5.0,31.0,47.0,8.75,11.6875,สูงมาก
ชลบุรี,เร่งด่วนเย็น (16:00-18:59),อังคาร,rainy,64,6.0,34.0,49.0,8.0,11.0625,สูงมาก
ชลบุรี,เร่งด่วนเย็น (16:00-18:59),อังคาร,summer,47,3.0,47.0,57.0,5.875,9.4375,สูงมาก
ชลบุรี,เร่งด่วนเย็น (16:00-18:59),อังคาร,winter,49,5.0,34.0,51.0,6.125,9.3125,สูงมาก
ชลบุรี,เร่งด่วนเย็น (16:00-18:59),อาทิตย์,rainy,68,6.0,29.0,47.0,8.5,11.4375,สูงมาก
ชลบุรี,เร่งด่วนเย็น (16:00-18:59),อาทิตย์,summer,62,9.0,40.0,65.0,7.75,11.8125,สูงมาก
ชลบุรี,เร่งด่วนเย็น (16:00-18:59),อาทิตย์,winter,58,8.0,43.0,70.0,7.25,11.625,สูงมาก
ชลบุรี,เร่งด่วนเย็น (16:00-18:59),เสาร์,rainy,88,6.0,39.0,52.0,11.0,14.25,สูงมาก
ชลบุรี,เร่งด่วนเย็น (16:00-18:59),เสาร์,summer,56,3.0,31.0,40.0,7.0,9.5,สูงมาก
ชลบุรี,เร่งด่วนเย็น (16:00-18:59),เสาร์,winter,64,3.0,26.0,40.0,8.0,10.5,สูงมาก
ชัยนาท,กลางดึก (00:00-05:59),จันทร์,rainy,9,3.0,2.0,12.0,1.125,1.875,ปานกลาง
ชัยนาท,กลางดึก (00:00-05:59),จันทร์,summer,14,1.0,7.0,10.0,1.75,2.375,ปานกลาง
ชัยนาท,กลางดึก (00:00-05:59),จันทร์,winter,18,3.0,15.0,21.0,2.25,3.5625,สูง
ชัยนาท,กลางดึก (00:00-05:59),พฤหัสบดี,rainy,20,4.0,7.0,19.0,2.5,3.6875,สูง
ชัยนาท,กลางดึก (00:00-05:59),พฤหัสบดี,summer,8,1.0,11.0,10.0,1.0,1.625,ต่ำ
ชัยนาท,กลางดึก (00:00-05:59),พฤหัสบดี,winter,5,1.0,2.0,5.0,0.625,0.9375,ต่ำ
ชัยนาท,กลางดึก (00:00-05:59),พุธ,rainy,14,3.0,7.0,19.0,1.75,2.9375,ปานกลาง
ชัยนาท,กลางดึก (00:00-05:59),พุธ,summer,12,1.0,17.0,18.0,1.5,2.625,ปานกลาง
ชัยนาท,กลางดึก (00:00-05:59),พุธ,winter,12,3.0,8.0,18.0,1.5,2.625,ปานกลาง
ชัยนาท,กลางดึก (00:00-05:59),ศุกร์,rainy,13,4.0,9.0,21.0,1.625,2.9375,ปานกลาง
ชัยนาท,กลางดึก (00:00-05:59),ศุกร์,summer,11,2.0,7.0,12.0,1.375,2.125,ปานกลาง
ชัยนาท,กลางดึก (00:00-05:59),ศุกร์,winter,9,5.0,4.0,17.0,1.125,2.1875,ปานกลาง
ชัยนาท,กลางดึก (00:00-05:59),อังคาร,rainy,24,4.0,31.0,52.0,3.0,6.25,สูงมาก
ชัยนาท,กลางดึก (00:00-05:59),อังคาร,summer,13,3.0,10.0,17.0,1.625,2.6875,ปานกลาง
ชัยนาท,กลางดึก (00:00-05:59),อังคาร,winter,19,5.0,16.0,24.0,2.375,3.875,สูง
ชัยนาท,กลางดึก (00:00-05:59),อาทิตย์,rainy,31,5.0,23.0,42.0,3.875,6.5,สูงมาก
ชัยนาท,กลางดึก (00:00-05:59),อาทิตย์,summer,12,1.0,10.0,11.0,1.5,2.1875,ปานกลาง
ชัยนาท,กลางดึก (00:00-05:59),อาทิตย์,winter,16,6.0,14.0,34.0,2.0,4.125,สูง
ชัยนาท,กลางดึก (00:00-05:59),เสาร์,rainy,15,2.0,8.0,13.0,1.875,2.6875,ปานกลาง
ชัยนาท,กลางดึก (00:00-05:59),เสาร์,summer,18,7.0,17.0,40.0,2.25,4.75,สูง
ชัยนาท,กลางดึก (00:00-05:59),เสาร์,winter,17,3.0,27.0,37.0,2.125,4.4375,สูง
ชัยนาท,กลางวัน (09:00-15:59),จันทร์,rainy,27,6.0,22.0,51.0,3.375,6.5625,สูงมาก
ชัยนาท,กลางวัน (09:00-15:59),จันทร์,summer,20,2.0,15.0,26.0,2.5,4.125,สูง
ชัยนาท,กลางวัน (09:00-15:59),จันทร์,winter,23,2.0,15.0,22.0,2.875,4.25,สูง
ชัยนาท,กลางวัน (09:00-15:59),พฤหัสบดี,rainy,20,4.0,12.0,28.0,2.5,4.25,สูง
ชัยนาท,กลางวัน (09:00-15:59),พฤหัสบดี,summer,25,3.0,17.0,31.0,3.125,5.0625,สูง
ชัยนาท,กลางวัน (09:00-15:59),พฤหัสบดี,winter,24,1.0,24.0,30.0,3.0,4.875,สูง
ชัยนาท,กลางวัน (09:00-15:59),พุธ,rainy,10,1.0,4.0,8.0,1.25,1.75,ปานกลาง
ชัยนาท,กลางวัน (09:00-15:59),พุธ,summer,21,5.0,9.0,20.0,2.625,3.875,สูง
ชัยนาท,กลางวัน (09:00-15:59),พุธ,winter,18,1.0,15.0,16.0,2.25,3.25,สูง
ชัยนาท,กลางวัน (09:00-15:59),ศุกร์,rainy,18,1.0,18.0,30.0,2.25,4.125,สูง
ชัยนาท,กลางวัน (09:00-15:59),ศุกร์,summer,18,7.0,12.0,33.0,2.25,4.3125,สูง
ชัยนาท,กลางวัน (09:00-15:59),ศุกร์,winter,17,4.0,8.0,19.0,2.125,3.3125,สูง
ชัยนาท,กลางวัน (09:00-15:59),อังคาร,rainy,28,6.0,20.0,48.0,3.5,6.5,สูงมาก
ชัยนาท,กลางวัน (09:00-15:59),อังคาร,summer,21,3.0,28.0,39.0,2.625,5.0625,สูง
ชัยนาท,กลางวัน (09:00-15:59),อังคาร,winter,25,6.0,23.0,40.0,3.125,5.625,สูงมาก
ชัยนาท,กลางวัน (09:00-15:59),อาทิตย์,rainy,13,2.0,18.0,30.0,1.625,3.5,สูง
ชัยนาท,กลางวัน (09:00-15:59),อาทิตย์,summer,20,6.0,21.0,43.0,2.5,5.1875,สูงมาก
ชัยนาท,กลางวัน (09:00-15:59),อาทิตย์,winter,35,7.0,42.0,67.0,4.375,8.5625,สูงมาก
ชัยนาท,กลางวัน (09:00-15:59),เสาร์,rainy,14,2.0,23.0,28.0,1.75,3.5,สูง
ชัยนาท,กลางวัน (09:00-15:59),เสาร์,summer,24,3.0,19.0,27.0,3.0,4.6875,สูง
ชัยนาท,กลางวัน (09:00-15:59),เสาร์,winter,45,9.0,57.0,95.0,5.625,11.5625,สูงมาก
ชัยนาท,หัวค่ำ-ดึก (19:00-23:59),จันทร์,rainy,15,3.0,13.0,25.0,1.875,3.4375,สูง
ชัยนาท,หัวค่ำ-ดึก (19:00-23:59),จันทร์,summer,12,2.0,13.0,12.0,1.5,2.25,ปานกลาง
ชัยนาท,หัวค่ำ-ดึก (19:00-23:59),จันทร์,winter,20,5.0,11.0,29.0,2.5,4.3125,สูง
ชัยนาท,หัวค่ำ-ดึก (19:00-23:59),พฤหัสบดี,rainy,9,3.0,8.0,23.0,1.125,2.5625,ปานกลาง
ชัยนาท,หัวค่ำ-ดึก (19:00-23:59),พฤหัสบดี,summer,9,3.0,7.0,15.0,1.125,2.0625,ปานกลาง
ชัยนาท,หัวค่ำ-ดึก (19:00-23:59),พฤหัสบดี,winter,14,1.0,12.0,15.0,1.75,2.6875,ปานกลาง
ชัยนาท,หัวค่ำ-ดึก (19:00-23:59),พุธ,rainy,10,4.0,12.0,24.0,1.25,2.75,ปานกลาง
ชัยนาท,หัวค่ำ-ดึก (19:00-23:59),พุธ,summer,8,4.0,4.0,18.0,1.0,2.125,ปานกลาง
ชัยนาท,หัวค่ำ-ดึก (19:00-23:59),พุธ,winter,10,2.0,9.0,14.0,1.25,2.125,ปานกลาง
ชัยนาท,หัวค่ำ-ดึก (19:00-23:59),ศุกร์,rainy,13,5.0,12.0,34.0,1.625,3.75,สูง
ชัยนาท,หัวค่ำ-ดึก (19:00-23:59),ศุกร์,summer,12,4.0,8.0,20.0,1.5,2.75,ปานกลาง
ชัยนาท,หัวค่ำ-ดึก (19:00-23:59),ศุกร์,winter,19,5.0,17.0,34.0,2.375,4.5,สูง
ชัยนาท,หัวค่ำ-ดึก (19:00-23:59),อังคาร,rainy,18,4.0,12.0,28.0,2.25,4.0,สูง
ชัยนาท,หัวค่ำ-ดึก (19:00-23:59),อังคาร,summer,2,0.0,1.0,2.0,0.25,0.375,ต่ำ
ชัยนาท,หัวค่ำ-ดึก (19:00-23:59),อังคาร,winter,11,3.0,9.0,17.0,1.375,2.4375,ปานกลาง
ชัยนาท,หัวค่ำ-ดึก (19:00-23:59),อาทิตย์,rainy,16,6.0,13.0,35.0,2.0,4.1875,สูง
ชัยนาท,หัวค่ำ-ดึก (19:00-23:59),อาทิตย์,summer,19,3.0,15.0,26.0,2.375,4.0,สูง
ชัยนาท,หัวค่ำ-ดึก (19:00-23:59),อาทิตย์,winter,16,5.0,10.0,25.0,2.0,3.5625,สูง
ชัยนาท,หัวค่ำ-ดึก (19:00-23:59),เสาร์,rainy,11,7.0,18.0,42.0,1.375,4.0,สูง
ชัยนาท,หัวค่ำ-ดึก (19:00-23:59),เสาร์,summer,5,1.0,3.0,6.0,0.625,1.0,ต่ำ
ชัยนาท,หัวค่ำ-ดึก (19:00-23:59),เสาร์,winter,14,3.0,9.0,20.0,1.75,3.0,สูง
ชัยนาท,เร่งด่วนเช้า (06:00-08:59),จันทร์,rainy,5,0.0,8.0,6.0,0.625,1.0,ต่ำ
ชัยนาท,เร่งด่วนเช้า (06:00-08:59),จันทร์,summer,6,0.0,3.0,4.0,0.75,1.0,ต่ำ
ชัยนาท,เร่งด่วนเช้า (06:00-08:59),จันทร์,winter,7,1.0,6.0,12.0,0.875,1.625,ต่ำ
ชัยนาท,เร่งด่วนเช้า (06:00-08:59),พฤหัสบดี,rainy,11,2.0,9.0,17.0,1.375,2.4375,ปานกลาง
ชัยนาท,เร่งด่วนเช้า (06:00-08:59),พฤหัสบดี,summer,5,5.0,3.0,20.0,0.625,1.875,ปานกลาง
ชัยนาท,เร่งด่วนเช้า (06:00-08:59),พฤหัสบดี,winter,7,3.0,4.0,14.0,0.875,1.75,ปานกลาง
ชัยนาท,เร่งด่วนเช้า (06:00-08:59),พุธ,rainy,7,1.0,2.0,5.0,0.875,1.1875,ต่ำ
ชัยนาท,เร่งด่วนเช้า (06:00-08:59),พุธ,summer,7,2.0,2.0,8.0,0.875,1.375,ต่ำ
ชัยนาท,เร่งด่วนเช้า (06:00-08:59),พุธ,winter,7,3.0,4.0,14.0,0.875,1.75,ปานกลาง
ชัยนาท,เร่งด่วนเช้า (06:00-08:59),ศุกร์,rainy,9,2.0,9.0,12.0,1.125,1.875,ปานกลาง
ชัยนาท,เร่งด่วนเช้า (06:00-08:59),ศุกร์,summer,6,1.0,4.0,7.0,0.75,1.1875,ต่ำ
ชัยนาท,เร่งด่วนเช้า (06:00-08:59),ศุกร์,winter,7,1.0,4.0,8.0,0.875,1.375,ต่ำ
ชัยนาท,เร่งด่วนเช้า (06:00-08:59),อังคาร,rainy,9,2.0,8.0,17.0,1.125,2.1875,ปานกลาง
ชัยนาท,เร่งด่วนเช้า (06:00-08:59),อังคาร,summer,7,4.0,6.0,20.0,0.875,2.125,ปานกลาง
ชัยนาท,เร่งด่วนเช้า (06:00-08:59),อังคาร,winter,12,2.0,11.0,18.0,1.5,2.625,ปานกลาง
ชัยนาท,เร่งด่วนเช้า (06:00-08:59),อาทิตย์,rainy,7,1.0,4.0,11.0,0.875,1.5625,ต่ำ
ชัยนาท,เร่งด่วนเช้า (06:00-08:59),อาทิตย์,summer,3,1.0,2.0,7.0,0.375,0.8125,ต่ำ
ชัยนาท,เร่งด่วนเช้า (06:00-08:59),อาทิตย์,winter,6,0.0,4.0,5.0,0.75,1.0625,ต่ำ
ชัยนาท,เร่งด่วนเช้า (06:00-08:59),เสาร์,rainy,12,1.0,10.0,20.0,1.5,2.75,ปานกลาง
ชัยนาท,เร่งด่วนเช้า (06:00-08:59),เสาร์,summer,5,1.0,4.0,9.0,0.625,1.1875,ต่ำ
ชัยนาท,เร่งด่วนเช้า (06:00-08:59),เสาร์,winter,13,6.0,13.0,33.0,1.625,3.6875,สูง
ชัยนาท,เร่งด่วนเย็น (16:00-18:59),จันทร์,rainy,10,4.0,8.0,20.0,1.25,2.5,ปานกลาง
ชัยนาท,เร่งด่วนเย็น (16:00-18:59),จันทร์,summer,9,4.0,3.0,15.0,1.125,2.0625,ปานกลาง
ชัยนาท,เร่งด่วนเย็น (16:00-18:59),จันทร์,winter,10,0.0,21.0,12.0,1.25,2.0,ปานกลาง
ชัยนาท,เร่งด่วนเย็น (16:00-18:59),พฤหัสบดี,rainy,6,4.0,6.0,19.0,0.75,1.9375,ปานกลาง
ชัยนาท,เร่งด่วนเย็น (16:00-18:59),พฤหัสบดี,summer,5,1.0,5.0,9.0,0.625,1.1875,ต่ำ
ชัยนาท,เร่งด่วนเย็น (16:00-18:59),พฤหัสบดี,winter,12,4.0,8.0,21.0,1.5,2.8125,ปานกลาง
ชัยนาท,เร่งด่วนเย็น (16:00-18:59),พุธ,rainy,5,1.0,3.0,6.0,0.625,1.0,ต่ำ
ชัยนาท,เร่งด่วนเย็น (16:00-18:59),พุธ,summer,10,4.0,8.0,21.0,1.25,2.5625,ปานกลาง
ชัยนาท,เร่งด่วนเย็น (16:00-18:59),พุธ,winter,17,2.0,21.0,28.0,2.125,3.875,สูง
ชัยนาท,เร่งด่วนเย็น (16:00-18:59),ศุกร์,rainy,11,1.0,15.0,20.0,1.375,2.625,ปานกลาง
ชัยนาท,เร่งด่วนเย็น (16:00-18:59),ศุกร์,summer,10,2.0,6.0,15.0,1.25,2.1875,ปานกลาง
ชัยนาท,เร่งด่วนเย็น (16:00-18:59),ศุกร์,winter,13,2.0,13.0,21.0,1.625,2.9375,ปานกลาง
ชัยนาท,เร่งด่วนเย็น (16:00-18:59),อังคาร,rainy,9,4.0,4.0,17.0,1.125,2.1875,ปานกลาง
ชัยนาท,เร่งด่วนเย็น (16:00-18:59),อังคาร,summer,3,0.0,4.0,4.0,0.375,0.625,ต่ำ
ชัยนาท,เร่งด่วนเย็น (16:00-18:59),อังคาร,winter,10,1.0,3.0,6.0,1.25,1.625,ต่ำ
ชัยนาท,เร่งด่วนเย็น (16:00-18:59),อาทิตย์,rainy,5,1.0,3.0,6.0,0.625,1.0,ต่ำ
ชัยนาท,เร่งด่วนเย็น (16:00-18:59),อาทิตย์,summer,8,2.0,13.0,22.0,1.0,2.375,ปานกลาง
ชัยนาท,เร่งด่วนเย็น (16:00-18:59),อาทิตย์,winter,15,3.0,24.0,33.0,1.875,3.9375,สูง
ชัยนาท,เร่งด่วนเย็น (16:00-18:59),เสาร์,rainy,9,3.0,12.0,21.0,1.125,2.4375,ปานกลาง
ชัยนาท,เร่งด่วนเย็น (16:00-18:59),เสาร์,summer,12,2.0,5.0,12.0,1.5,2.25,ปานกลาง
ชัยนาท,เร่งด่วนเย็น (16:00-18:59),เสาร์,winter,14,1.0,16.0,23.0,1.75,3.1875,สูง
ชัยภูมิ,กลางดึก (00:00-05:59),จันทร์,rainy,9,1.0,3.0,6.0,1.125,1.5,ต่ำ
ชัยภูมิ,กลางดึก (00:00-05:59),จันทร์,summer,8,4.0,6.0,19.0,1.0,2.1875,ปานกลาง
ชัยภูมิ,กลางดึก (00:00-05:59),จันทร์,winter,4,0.0,2.0,2.0,0.5,0.625,ต่ำ
ชัยภูมิ,กลางดึก (00:00-05:59),พฤหัสบดี,rainy,12,1.0,6.0,14.0,1.5,2.375,ปานกลาง
ชัยภูมิ,กลางดึก (00:00-05:59),พฤหัสบดี,summer,5,2.0,3.0,9.0,0.625,1.1875,ต่ำ
ชัยภูมิ,กลางดึก (00:00-05:59),พฤหัสบดี,winter,9,0.0,10.0,11.0,1.125,1.8125,ปานกลาง
ชัยภูมิ,กลางดึก (00:00-05:59),พุธ,rainy,6,1.0,2.0,6.0,0.75,1.125,ต่ำ
ชัยภูมิ,กลางดึก (00:00-05:59),พุธ,summer,10,2.0,12.0,21.0,1.25,2.5625,ปานกลาง
ชัยภูมิ,กลางดึก (00:00-05:59),พุธ,winter,10,1.0,8.0,8.0,1.25,1.75,ปานกลาง
ชัยภูมิ,กลางดึก (00:00-05:59),ศุกร์,rainy,5,0.0,1.0,1.0,0.625,0.6875,ต่ำ
ชัยภูมิ,กลางดึก (00:00-05:59),ศุกร์,summer,5,1.0,2.0,5.0,0.625,0.9375,ต่ำ
ชัยภูมิ,กลางดึก (00:00-05:59),ศุกร์,winter,7,0.0,10.0,10.0,0.875,1.5,ต่ำ
ชัยภูมิ,กลางดึก (00:00-05:59),อังคาร,rainy,11,1.0,34.0,38.0,1.375,3.75,สูง
ชัยภูมิ,กลางดึก (00:00-05:59),อังคาร,summer,5,1.0,2.0,5.0,0.625,0.9375,ต่ำ
ชัยภูมิ,กลางดึก (00:00-05:59),อังคาร,winter,10,2.0,6.0,7.0,1.25,1.6875,ปานกลาง
ชัยภูมิ,กลางดึก (00:00-05:59),อาทิตย์,rainy,5,0.0,7.0,7.0,0.625,1.0625,ต่ำ
ชัยภูมิ,กลางดึก (00:00-05:59),อาทิตย์,summer,9,0.0,3.0,5.0,1.125,1.4375,ต่ำ
ชัยภูมิ,กลางดึก (00:00-05:59),อาทิตย์,winter,13,1.0,8.0,12.0,1.625,2.375,ปานกลาง
ชัยภูมิ,กลางดึก (00:00-05:59),เสาร์,rainy,5,0.0,2.0,2.0,0.625,0.75,ต่ำ
ชัยภูมิ,กลางดึก (00:00-05:59),เสาร์,summer,8,2.0,26.0,8.0,1.0,1.5,ต่ำ
ชัยภูมิ,กลางดึก (00:00-05:59),เสาร์,winter,12,2.0,3.0,8.0,1.5,2.0,ปานกลาง
ชัยภูมิ,กลางวัน (09:00-15:59),จันทร์,rainy,18,3.0,11.0,20.0,2.25,3.5,สูง
ชัยภูมิ,กลางวัน (09:00-15:59),จันทร์,summer,17,5.0,6.0,22.0,2.125,3.5,สูง
ชัยภูมิ,กลางวัน (09:00-15:59),จันทร์,winter,24,3.0,30.0,36.0,3.0,5.25,สูงมาก
ชัยภูมิ,กลางวัน (09:00-15:59),พฤหัสบดี,rainy,11,1.0,8.0,11.0,1.375,2.0625,ปานกลาง
ชัยภูมิ,กลางวัน (09:00-15:59),พฤหัสบดี,summer,18,3.0,18.0,21.0,2.25,3.5625,สูง
ชัยภูมิ,กลางวัน (09:00-15:59),พฤหัสบดี,winter,21,1.0,15.0,23.0,2.625,4.0625,สูง
ชัยภูมิ,กลางวัน (09:00-15:59),พุธ,rainy,15,5.0,29.0,50.0,1.875,5.0,สูง
ชัยภูมิ,กลางวัน (09:00-15:59),พุธ,summer,17,1.0,11.0,17.0,2.125,3.1875,สูง
ชัยภูมิ,กลางวัน (09:00-15:59),พุธ,winter,18,0.0,11.0,11.0,2.25,2.9375,ปานกลาง
ชัยภูมิ,กลางวัน (09:00-15:59),ศุกร์,rainy,15,2.0,9.0,15.0,1.875,2.8125,ปานกลาง
ชัยภูมิ,กลางวัน (09:00-15:59),ศุกร์,summer,17,6.0,7.0,26.0,2.125,3.75,สูง
ชัยภูมิ,กลางวัน (09:00-15:59),ศุกร์,winter,19,3.0,19.0,33.0,2.375,4.4375,สูง
ชัยภูมิ,กลางวัน (09:00-15:59),อังคาร,rainy,12,0.0,6.0,7.0,1.5,1.9375,ปานกลาง
ชัยภูมิ,กลางวัน (09:00-15:59),อังคาร,summer,15,1.0,9.0,14.0,1.875,2.75,ปานกลาง
ชัยภูมิ,กลางวัน (09:00-15:59),อังคาร,winter,14,0.0,7.0,7.0,1.75,2.1875,ปานกลาง
ชัยภูมิ,กลางวัน (09:00-15:59),อาทิตย์,rainy,17,4.0,16.0,34.0,2.125,4.25,สูง
ชัยภูมิ,กลางวัน (09:00-15:59),อาทิตย์,summer,16,3.0,16.0,26.0,2.0,3.625,สูง
ชัยภูมิ,กลางวัน (09:00-15:59),อาทิตย์,winter,20,2.0,15.0,22.0,2.5,3.875,สูง
ชัยภูมิ,กลางวัน (09:00-15:59),เสาร์,rainy,16,3.0,12.0,22.0,2.0,3.375,สูง
ชัยภูมิ,กลางวัน (09:00-15:59),เสาร์,summer,9,0.0,12.0,7.0,1.125,1.5625,ต่ำ
ชัยภูมิ,กลางวัน (09:00-15:59),เสาร์,winter,12,0.0,17.0,17.0,1.5,2.5625,ปานกลาง
ชัยภูมิ,หัวค่ำ-ดึก (19:00-23:59),จันทร์,rainy,8,5.0,5.0,21.0,1.0,2.3125,ปานกลาง
ชัยภูมิ,หัวค่ำ-ดึก (19:00-23:59),จันทร์,summer,5,2.0,4.0,11.0,0.625,1.3125,ต่ำ
ชัยภูมิ,หัวค่ำ-ดึก (19:00-23:59),จันทร์,winter,8,2.0,14.0,21.0,1.0,2.3125,ปานกลาง
ชัยภูมิ,หัวค่ำ-ดึก (19:00-23:59),พฤหัสบดี,rainy,6,1.0,5.0,8.0,0.75,1.25,ต่ำ
ชัยภูมิ,หัวค่ำ-ดึก (19:00-23:59),พฤหัสบดี,summer,7,3.0,5.0,14.0,0.875,1.75,ปานกลาง
ชัยภูมิ,หัวค่ำ-ดึก (19:00-23:59),พฤหัสบดี,winter,21,8.0,35.0,46.0,2.625,5.5,สูงมาก
ชัยภูมิ,หัวค่ำ-ดึก (19:00-23:59),พุธ,rainy,10,1.0,8.0,11.0,1.25,1.9375,ปานกลาง
ชัยภูมิ,หัวค่ำ-ดึก (19:00-23:59),พุธ,summer,9,2.0,9.0,18.0,1.125,2.25,ปานกลาง
ชัยภูมิ,หัวค่ำ-ดึก (19:00-23:59),พุธ,winter,9,3.0,11.0,16.0,1.125,2.125,ปานกลาง
ชัยภูมิ,หัวค่ำ-ดึก (19:00-23:59),ศุกร์,rainy,9,3.0,4.0,15.0,1.125,2.0625,ปานกลาง
ชัยภูมิ,หัวค่ำ-ดึก (19:00-23:59),ศุกร์,summer,10,2.0,15.0,29.0,1.25,3.0625,สูง
ชัยภูมิ,หัวค่ำ-ดึก (19:00-23:59),ศุกร์,winter,8,1.0,3.0,6.0,1.0,1.375,ต่ำ
ชัยภูมิ,หัวค่ำ-ดึก (19:00-23:59),อังคาร,rainy,8,3.0,4.0,14.0,1.0,1.875,ปานกลาง
ชัยภูมิ,หัวค่ำ-ดึก (19:00-23:59),อังคาร,summer,13,3.0,12.0,23.0,1.625,3.0625,สูง
ชัยภูมิ,หัวค่ำ-ดึก (19:00-23:59),อังคาร,winter,12,5.0,6.0,18.0,1.5,2.625,ปานกลาง
ชัยภูมิ,หัวค่ำ-ดึก (19:00-23:59),อาทิตย์,rainy,4,0.0,1.0,1.0,0.5,0.5625,ต่ำ
ชัยภูมิ,หัวค่ำ-ดึก (19:00-23:59),อาทิตย์,summer,5,0.0,3.0,3.0,0.625,0.8125,ต่ำ
ชัยภูมิ,หัวค่ำ-ดึก (19:00-23:59),อาทิตย์,winter,4,1.0,1.0,4.0,0.5,0.75,ต่ำ
ชัยภูมิ,หัวค่ำ-ดึก (19:00-23:59),เสาร์,rainy,14,4.0,13.0,30.0,1.75,3.625,สูง
ชัยภูมิ,หัวค่ำ-ดึก (19:00-23:59),เสาร์,summer,5,0.0,2.0,2.0,0.625,0.75,ต่ำ
ชัยภูมิ,หัวค่ำ-ดึก (19:00-23:59),เสาร์,winter,7,0.0,6.0,8.0,0.875,1.375,ต่ำ
ชัยภูมิ,เร่งด่วนเช้า (06:00-08:59),จันทร์,rainy,6,1.0,2.0,6.0,0.75,1.125,ต่ำ
ชัยภูมิ,เร่งด่วนเช้า (06:00-08:59),จันทร์,summer,4,1.0,1.0,4.0,0.5,0.75,ต่ำ
ชัยภูมิ,เร่งด่วนเช้า (06:00-08:59),จันทร์,winter,6,1.0,21.0,23.0,0.75,2.1875,ปานกลาง
ชัยภูมิ,เร่งด่วนเช้า (06:00-08:59),พฤหัสบดี,rainy,6,0.0,4.0,4.0,0.75,1.0,ต่ำ
ชัยภูมิ,เร่งด่วนเช้า (06:00-08:59),พฤหัสบดี,summer,10,2.0,5.0,12.0,1.25,2.0,ปานกลาง
ชัยภูมิ,เร่งด่วนเช้า (06:00-08:59),พฤหัสบดี,winter,3,0.0,0.0,0.0,0.375,0.375,ต่ำ
ชัยภูมิ,เร่งด่วนเช้า (06:00-08:59),พุธ,rainy,3,0.0,2.0,2.0,0.375,0.5,ต่ำ
ชัยภูมิ,เร่งด่วนเช้า (06:00-08:59),พุธ,summer,4,0.0,1.0,1.0,0.5,0.5625,ต่ำ
ชัยภูมิ,เร่งด่วนเช้า (06:00-08:59),พุธ,winter,7,1.0,5.0,9.0,0.875,1.4375,ต่ำ
ชัยภูมิ,เร่งด่วนเช้า (06:00-08:59),ศุกร์,rainy,5,0.0,2.0,2.0,0.625,0.75,ต่ำ
ชัยภูมิ,เร่งด่วนเช้า (06:00-08:59),ศุกร์,summer,4,1.0,4.0,8.0,0.5,1.0,ต่ำ
ชัยภูมิ,เร่งด่วนเช้า (06:00-08:59),ศุกร์,winter,4,1.0,6.0,11.0,0.5,1.1875,ต่ำ
ชัยภูมิ,เร่งด่วนเช้า (06:00-08:59),อังคาร,rainy,6,0.0,7.0,7.0,0.75,1.1875,ต่ำ
ชัยภูมิ,เร่งด่วนเช้า (06:00-08:59),อังคาร,summer,3,0.0,3.0,6.0,0.375,0.75,ต่ำ
ชัยภูมิ,เร่งด่วนเช้า (06:00-08:59),อังคาร,winter,6,2.0,4.0,12.0,0.75,1.5,ต่ำ
ชัยภูมิ,เร่งด่วนเช้า (06:00-08:59),อาทิตย์,rainy,5,0.0,5.0,2.0,0.625,0.75,ต่ำ
ชัยภูมิ,เร่งด่วนเช้า (06:00-08:59),อาทิตย์,summer,6,0.0,9.0,9.0,0.75,1.3125,ต่ำ
ชัยภูมิ,เร่งด่วนเช้า (06:00-08:59),อาทิตย์,winter,5,0.0,3.0,4.0,0.625,0.875,ต่ำ
ชัยภูมิ,เร่งด่วนเช้า (06:00-08:59),เสาร์,rainy,4,0.0,5.0,5.0,0.5,0.8125,ต่ำ
ชัยภูมิ,เร่งด่วนเช้า (06:00-08:59),เสาร์,summer,4,0.0,1.0,1.0,0.5,0.5625,ต่ำ
ชัยภูมิ,เร่งด่วนเช้า (06:00-08:59),เสาร์,winter,4,5.0,8.0,26.0,0.5,2.125,ปานกลาง
ชัยภูมิ,เร่งด่วนเย็น (16:00-18:59),จันทร์,rainy,5,1.0,3.0,6.0,0.625,1.0,ต่ำ
ชัยภูมิ,เร่งด่วนเย็น (16:00-18:59),จันทร์,summer,4,0.0,2.0,2.0,0.5,0.625,ต่ำ
ชัยภูมิ,เร่งด่วนเย็น (16:00-18:59),จันทร์,winter,11,3.0,22.0,25.0,1.375,2.9375,ปานกลาง
ชัยภูมิ,เร่งด่วนเย็น (16:00-18:59),พฤหัสบดี,rainy,6,0.0,8.0,10.0,0.75,1.375,ต่ำ
ชัยภูมิ,เร่งด่วนเย็น (16:00-18:59),พฤหัสบดี,summer,8,2.0,14.0,23.0,1.0,2.4375,ปานกลาง
ชัยภูมิ,เร่งด่วนเย็น (16:00-18:59),พฤหัสบดี,winter,11,0.0,11.0,12.0,1.375,2.125,ปานกลาง
ชัยภูมิ,เร่งด่วนเย็น (16:00-18:59),พุธ,rainy,5,2.0,0.0,6.0,0.625,1.0,ต่ำ
ชัยภูมิ,เร่งด่วนเย็น (16:00-18:59),พุธ,summer,6,0.0,9.0,14.0,0.75,1.625,ต่ำ
ชัยภูมิ,เร่งด่วนเย็น (16:00-18:59),พุธ,winter,6,2.0,3.0,9.0,0.75,1.3125,ต่ำ
ชัยภูมิ,เร่งด่วนเย็น (16:00-18:59),ศุกร์,rainy,2,0.0,0.0,0.0,0.25,0.25,ต่ำ
ชัยภูมิ,เร่งด่วนเย็น (16:00-18:59),ศุกร์,summer,6,2.0,5.0,8.0,0.75,1.25,ต่ำ
ชัยภูมิ,เร่งด่วนเย็น (16:00-18:59),ศุกร์,winter,3,1.0,3.0,9.0,0.375,0.9375,ต่ำ
ชัยภูมิ,เร่งด่วนเย็น (16:00-18:59),อังคาร,rainy,4,0.0,1.0,1.0,0.5,0.5625,ต่ำ
ชัยภูมิ,เร่งด่วนเย็น (16:00-18:59),อังคาร,summer,6,2.0,7.0,14.0,0.75,1.625,ต่ำ
ชัยภูมิ,เร่งด่วนเย็น (16:00-18:59),อังคาร,winter,8,3.0,15.0,24.0,1.0,2.5,ปานกลาง
ชัยภูมิ,เร่งด่วนเย็น (16:00-18:59),อาทิตย์,rainy,6,1.0,9.0,12.0,0.75,1.5,ต่ำ
ชัยภูมิ,เร่งด่วนเย็น (16:00-18:59),อาทิตย์,summer,7,6.0,3.0,23.0,0.875,2.3125,ปานกลาง
ชัยภูมิ,เร่งด่วนเย็น (16:00-18:59),อาทิตย์,winter,8,10.0,6.0,39.0,1.0,3.4375,สูง
ชัยภูมิ,เร่งด่วนเย็น (16:00-18:59),เสาร์,rainy,7,2.0,8.0,19.0,0.875,2.0625,ปานกลาง
ชัยภูมิ,เร่งด่วนเย็น (16:00-18:59),เสาร์,summer,9,2.0,6.0,10.0,1.125,1.75,ปานกลาง
ชัยภูมิ,เร่งด่วนเย็น (16:00-18:59),เสาร์,winter,5,0.0,8.0,8.0,0.625,1.125,ต่ำ
ชุมพร,กลางดึก (00:00-05:59),จันทร์,rainy,36,2.0,35.0,45.0,4.5,7.3125,สูงมาก
ชุมพร,กลางดึก (00:00-05:59),จันทร์,summer,21,2.0,23.0,26.0,2.625,4.25,สูง
ชุมพร,กลางดึก (00:00-05:59),จันทร์,winter,29,2.0,33.0,51.0,3.625,6.8125,สูงมาก
ชุมพร,กลางดึก (00:00-05:59),พฤหัสบดี,rainy,34,7.0,27.0,53.0,4.25,7.5625,สูงมาก
ชุมพร,กลางดึก (00:00-05:59),พฤหัสบดี,summer,16,1.0,7.0,9.0,2.0,2.5625,ปานกลาง
ชุมพร,กลางดึก (00:00-05:59),พฤหัสบดี,winter,30,3.0,42.0,56.0,3.75,7.25,สูงมาก
ชุมพร,กลางดึก (00:00-05:59),พุธ,rainy,30,6.0,17.0,37.0,3.75,6.0625,สูงมาก
ชุมพร,กลางดึก (00:00-05:59),พุธ,summer,28,3.0,30.0,40.0,3.5,6.0,สูงมาก
ชุมพร,กลางดึก (00:00-05:59),พุธ,winter,27,6.0,19.0,41.0,3.375,5.9375,สูงมาก
ชุมพร,กลางดึก (00:00-05:59),ศุกร์,rainy,29,1.0,15.0,21.0,3.625,4.9375,สูง
ชุมพร,กลางดึก (00:00-05:59),ศุกร์,summer,19,3.0,15.0,28.0,2.375,4.125,สูง
ชุมพร,กลางดึก (00:00-05:59),ศุกร์,winter,24,1.0,15.0,16.0,3.0,4.0,สูง
ชุมพร,กลางดึก (00:00-05:59),อังคาร,rainy,37,6.0,28.0,54.0,4.625,8.0,สูงมาก
ชุมพร,กลางดึก (00:00-05:59),อังคาร,summer,22,4.0,24.0,39.0,2.75,5.1875,สูงมาก
ชุมพร,กลางดึก (00:00-05:59),อังคาร,winter,19,4.0,13.0,19.0,2.375,3.5625,สูง
ชุมพร,กลางดึก (00:00-05:59),อาทิตย์,rainy,34,2.0,43.0,31.0,4.25,6.1875,สูงมาก
ชุมพร,กลางดึก (00:00-05:59),อาทิตย์,summer,26,2.0,17.0,31.0,3.25,5.1875,สูงมาก
ชุมพร,กลางดึก (00:00-05:59),อาทิตย์,winter,28,0.0,22.0,14.0,3.5,4.375,สูง
ชุมพร,กลางดึก (00:00-05:59),เสาร์,rainy,36,2.0,42.0,47.0,4.5,7.4375,สูงมาก
ชุมพร,กลางดึก (00:00-05:59),เสาร์,summer,14,1.0,3.0,5.0,1.75,2.0625,ปานกลาง
ชุมพร,กลางดึก (00:00-05:59),เสาร์,winter,34,4.0,17.0,25.0,4.25,5.8125,สูงมาก
ชุมพร,กลางวัน (09:00-15:59),จันทร์,rainy,36,0.0,28.0,32.0,4.5,6.5,สูงมาก
ชุมพร,กลางวัน (09:00-15:59),จันทร์,summer,37,3.0,44.0,47.0,4.625,7.5625,สูงมาก
ชุมพร,กลางวัน (09:00-15:59),จันทร์,winter,35,3.0,26.0,37.0,4.375,6.6875,สูงมาก
ชุมพร,กลางวัน (09:00-15:59),พฤหัสบดี,rainy,36,2.0,19.0,27.0,4.5,6.1875,สูงมาก
ชุมพร,กลางวัน (09:00-15:59),พฤหัสบดี,summer,48,6.0,52.0,75.0,6.0,10.6875,สูงมาก
ชุมพร,กลางวัน (09:00-15:59),พฤหัสบดี,winter,50,5.0,48.0,52.0,6.25,9.5,สูงมาก
ชุมพร,กลางวัน (09:00-15:59),พุธ,rainy,34,4.0,26.0,45.0,4.25,7.0625,สูงมาก
ชุมพร,กลางวัน (09:00-15:59),พุธ,summer,32,2.0,32.0,39.0,4.0,6.4375,สูงมาก
ชุมพร,กลางวัน (09:00-15:59),พุธ,winter,43,7.0,46.0,74.0,5.375,10.0,สูงมาก
ชุมพร,กลางวัน (09:00-15:59),ศุกร์,rainy,40,0.0,24.0,31.0,5.0,6.9375,สูงมาก
ชุมพร,กลางวัน (09:00-15:59),ศุกร์,summer,41,4.0,38.0,52.0,5.125,8.375,สูงมาก
ชุมพร,กลางวัน (09:00-15:59),ศุกร์,winter,48,2.0,44.0,51.0,6.0,9.1875,สูงมาก
ชุมพร,กลางวัน (09:00-15:59),อังคาร,rainy,36,5.0,40.0,40.0,4.5,7.0,สูงมาก
ชุมพร,กลางวัน (09:00-15:59),อังคาร,summer,28,3.0,18.0,21.0,3.5,4.8125,สูง
ชุมพร,กลางวัน (09:00-15:59),อังคาร,winter,42,5.0,44.0,64.0,5.25,9.25,สูงมาก
ชุมพร,กลางวัน (09:00-15:59),อาทิตย์,rainy,28,0.0,17.0,16.0,3.5,4.5,สูง
ชุมพร,กลางวัน (09:00-15:59),อาทิตย์,summer,30,0.0,35.0,36.0,3.75,6.0,สูงมาก
ชุมพร,กลางวัน (09:00-15:59),อาทิตย์,winter,42,13.0,29.0,61.0,5.25,9.0625,สูงมาก
ชุมพร,กลางวัน (09:00-15:59),เสาร์,rainy,36,2.0,29.0,34.0,4.5,6.625,สูงมาก
ชุมพร,กลางวัน (09:00-15:59),เสาร์,summer,26,6.0,24.0,50.0,3.25,6.375,สูงมาก
ชุมพร,กลางวัน (09:00-15:59),เสาร์,winter,39,4.0,43.0,50.0,4.875,8.0,สูงมาก
ชุมพร,หัวค่ำ-ดึก (19:00-23:59),จันทร์,rainy,19,2.0,17.0,23.0,2.375,3.8125,สูง
ชุมพร,หัวค่ำ-ดึก (19:00-23:59),จันทร์,summer,16,2.0,8.0,15.0,2.0,2.9375,ปานกลาง
ชุมพร,หัวค่ำ-ดึก (19:00-23:59),จันทร์,winter,18,2.0,11.0,18.0,2.25,3.375,สูง
ชุมพร,หัวค่ำ-ดึก (19:00-23:59),พฤหัสบดี,rainy,16,1.0,9.0,14.0,2.0,2.875,ปานกลาง
ชุมพร,หัวค่ำ-ดึก (19:00-23:59),พฤหัสบดี,summer,12,2.0,14.0,25.0,1.5,3.0625,สูง
ชุมพร,หัวค่ำ-ดึก (19:00-23:59),พฤหัสบดี,winter,16,1.0,19.0,18.0,2.0,3.125,สูง
ชุมพร,หัวค่ำ-ดึก (19:00-23:59),พุธ,rainy,17,5.0,16.0,31.0,2.125,4.0625,สูง
ชุมพร,หัวค่ำ-ดึก (19:00-23:59),พุธ,summer,14,2.0,17.0,22.0,1.75,3.125,สูง
ชุมพร,หัวค่ำ-ดึก (19:00-23:59),พุธ,winter,12,1.0,4.0,9.0,1.5,2.0625,ปานกลาง
ชุมพร,หัวค่ำ-ดึก (19:00-23:59),ศุกร์,rainy,23,9.0,23.0,65.0,2.875,6.9375,สูงมาก
ชุมพร,หัวค่ำ-ดึก (19:00-23:59),ศุกร์,summer,9,4.0,3.0,16.0,1.125,2.125,ปานกลาง
ชุมพร,หัวค่ำ-ดึก (19:00-23:59),ศุกร์,winter,19,1.0,27.0,34.0,2.375,4.5,สูง
ชุมพร,หัวค่ำ-ดึก (19:00-23:59),อังคาร,rainy,17,4.0,15.0,30.0,2.125,4.0,สูง
ชุมพร,หัวค่ำ-ดึก (19:00-23:59),อังคาร,summer,16,1.0,15.0,20.0,2.0,3.25,สูง
ชุมพร,หัวค่ำ-ดึก (19:00-23:59),อังคาร,winter,16,6.0,31.0,24.0,2.0,3.5,สูง
ชุมพร,หัวค่ำ-ดึก (19:00-23:59),อาทิตย์,rainy,17,5.0,38.0,51.0,2.125,5.3125,สูงมาก
ชุมพร,หัวค่ำ-ดึก (19:00-23:59),อาทิตย์,summer,15,5.0,13.0,26.0,1.875,3.5,สูง
ชุมพร,หัวค่ำ-ดึก (19:00-23:59),อาทิตย์,winter,23,1.0,14.0,17.0,2.875,3.9375,สูง
ชุมพร,หัวค่ำ-ดึก (19:00-23:59),เสาร์,rainy,21,5.0,24.0,44.0,2.625,5.375,สูงมาก
ชุมพร,หัวค่ำ-ดึก (19:00-23:59),เสาร์,summer,12,3.0,16.0,27.0,1.5,3.1875,สูง
ชุมพร,หัวค่ำ-ดึก (19:00-23:59),เสาร์,winter,19,2.0,27.0,31.0,2.375,4.3125,สูง
ชุมพร,เร่งด่วนเช้า (06:00-08:59),จันทร์,rainy,16,1.0,12.0,16.0,2.0,3.0,สูง
ชุมพร,เร่งด่วนเช้า (06:00-08:59),จันทร์,summer,10,0.0,6.0,7.0,1.25,1.6875,ปานกลาง
ชุมพร,เร่งด่วนเช้า (06:00-08:59),จันทร์,winter,16,2.0,10.0,17.0,2.0,3.0625,สูง
ชุมพร,เร่งด่วนเช้า (06:00-08:59),พฤหัสบดี,rainy,14,0.0,12.0,17.0,1.75,2.8125,ปานกลาง
ชุมพร,เร่งด่วนเช้า (06:00-08:59),พฤหัสบดี,summer,19,4.0,13.0,26.0,2.375,4.0,สูง
ชุมพร,เร่งด่วนเช้า (06:00-08:59),พฤหัสบดี,winter,13,3.0,11.0,21.0,1.625,2.9375,ปานกลาง
ชุมพร,เร่งด่วนเช้า (06:00-08:59),พุธ,rainy,22,1.0,10.0,12.0,2.75,3.5,สูง
ชุมพร,เร่งด่วนเช้า (06:00-08:59),พุธ,summer,9,1.0,6.0,9.0,1.125,1.6875,ปานกลาง
ชุมพร,เร่งด่วนเช้า (06:00-08:59),พุธ,winter,23,1.0,20.0,24.0,2.875,4.375,สูง
ชุมพร,เร่งด่วนเช้า (06:00-08:59),ศุกร์,rainy,16,2.0,3.0,8.0,2.0,2.5,ปานกลาง
ชุมพร,เร่งด่วนเช้า (06:00-08:59),ศุกร์,summer,9,1.0,14.0,19.0,1.125,2.3125,ปานกลาง
ชุมพร,เร่งด่วนเช้า (06:00-08:59),ศุกร์,winter,12,2.0,7.0,18.0,1.5,2.625,ปานกลาง
ชุมพร,เร่งด่วนเช้า (06:00-08:59),อังคาร,rainy,14,3.0,11.0,19.0,1.75,2.9375,ปานกลาง
ชุมพร,เร่งด่วนเช้า (06:00-08:59),อังคาร,summer,17,2.0,10.0,14.0,2.125,3.0,สูง
ชุมพร,เร่งด่วนเช้า (06:00-08:59),อังคาร,winter,17,0.0,15.0,13.0,2.125,2.9375,ปานกลาง
ชุมพร,เร่งด่วนเช้า (06:00-08:59),อาทิตย์,rainy,21,1.0,12.0,16.0,2.625,3.625,สูง
ชุมพร,เร่งด่วนเช้า (06:00-08:59),อาทิตย์,summer,9,1.0,6.0,9.0,1.125,1.6875,ปานกลาง
ชุมพร,เร่งด่วนเช้า (06:00-08:59),อาทิตย์,winter,17,0.0,18.0,25.0,2.125,3.6875,สูง
ชุมพร,เร่งด่วนเช้า (06:00-08:59),เสาร์,rainy,26,0.0,10.0,8.0,3.25,3.75,สูง
ชุมพร,เร่งด่วนเช้า (06:00-08:59),เสาร์,summer,16,4.0,12.0,21.0,2.0,3.3125,สูง
ชุมพร,เร่งด่วนเช้า (06:00-08:59),เสาร์,winter,24,2.0,33.0,43.0,3.0,5.6875,สูงมาก
ชุมพร,เร่งด่วนเย็น (16:00-18:59),จันทร์,rainy,20,0.0,16.0,16.0,2.5,3.5,สูง
ชุมพร,เร่งด่วนเย็น (16:00-18:59),จันทร์,summer,14,3.0,14.0,26.0,1.75,3.375,สูง
ชุมพร,เร่งด่วนเย็น (16:00-18:59),จันทร์,winter,15,4.0,14.0,30.0,1.875,3.75,สูง
ชุมพร,เร่งด่วนเย็น (16:00-18:59),พฤหัสบดี,rainy,16,3.0,19.0,30.0,2.0,3.875,สูง
ชุมพร,เร่งด่วนเย็น (16:00-18:59),พฤหัสบดี,summer,12,3.0,11.0,24.0,1.5,3.0,สูง
ชุมพร,เร่งด่วนเย็น (16:00-18:59),พฤหัสบดี,winter,12,1.0,5.0,8.0,1.5,2.0,ปานกลาง
ชุมพร,เร่งด่วนเย็น (16:00-18:59),พุธ,rainy,16,2.0,13.0,18.0,2.0,3.125,สูง
ชุมพร,เร่งด่วนเย็น (16:00-18:59),พุธ,summer,11,1.0,12.0,17.0,1.375,2.4375,ปานกลาง
ชุมพร,เร่งด่วนเย็น (16:00-18:59),พุธ,winter,12,7.0,14.0,38.0,1.5,3.875,สูง
ชุมพร,เร่งด่วนเย็น (16:00-18:59),ศุกร์,rainy,24,1.0,22.0,12.0,3.0,3.75,สูง
ชุมพร,เร่งด่วนเย็น (16:00-18:59),ศุกร์,summer,8,0.0,6.0,8.0,1.0,1.5,ต่ำ
ชุมพร,เร่งด่วนเย็น (16:00-18:59),ศุกร์,winter,15,5.0,15.0,33.0,1.875,3.9375,สูง
ชุมพร,เร่งด่วนเย็น (16:00-18:59),อังคาร,rainy,13,2.0,8.0,14.0,1.625,2.5,ปานกลาง
ชุมพร,เร่งด่วนเย็น (16:00-18:59),อังคาร,summer,11,3.0,6.0,15.0,1.375,2.3125,ปานกลาง
ชุมพร,เร่งด่วนเย็น (16:00-18:59),อังคาร,winter,14,3.0,12.0,17.0,1.75,2.8125,ปานกลาง
ชุมพร,เร่งด่วนเย็น (16:00-18:59),อาทิตย์,rainy,15,0.0,20.0,23.0,1.875,3.3125,สูง
ชุมพร,เร่งด่วนเย็น (16:00-18:59),อาทิตย์,summer,19,1.0,15.0,16.0,2.375,3.375,สูง
ชุมพร,เร่งด่วนเย็น (16:00-18:59),อาทิตย์,winter,10,4.0,12.0,27.0,1.25,2.9375,ปานกลาง
ชุมพร,เร่งด่วนเย็น (16:00-18:59),เสาร์,rainy,20,2.0,16.0,22.0,2.5,3.875,สูง
ชุมพร,เร่งด่วนเย็น (16:00-18:59),เสาร์,summer,16,1.0,16.0,20.0,2.0,3.25,สูง
ชุมพร,เร่งด่วนเย็น (16:00-18:59),เสาร์,winter,7,2.0,6.0,16.0,0.875,1.875,ปานกลาง
ตรัง,กลางดึก (00:00-05:59),จันทร์,rainy,10,1.0,15.0,17.0,1.25,2.3125,ปานกลาง
ตรัง,กลางดึก (00:00-05:59),จันทร์,summer,8,2.0,9.0,16.0,1.0,2.0,ปานกลาง
ตรัง,กลางดึก (00:00-05:59),จันทร์,winter,12,2.0,4.0,10.0,1.5,2.125,ปานกลาง
ตรัง,กลางดึก (00:00-05:59),พฤหัสบดี,rainy,9,1.0,12.0,18.0,1.125,2.25,ปานกลาง
ตรัง,กลางดึก (00:00-05:59),พฤหัสบดี,summer,9,0.0,5.0,7.0,1.125,1.5625,ต่ำ
ตรัง,กลางดึก (00:00-05:59),พฤหัสบดี,winter,9,3.0,7.0,17.0,1.125,2.1875,ปานกลาง
ตรัง,กลางดึก (00:00-05:59),พุธ,rainy,11,2.0,13.0,24.0,1.375,2.875,ปานกลาง
ตรัง,กลางดึก (00:00-05:59),พุธ,summer,8,0.0,11.0,11.0,1.0,1.6875,ปานกลาง
ตรัง,กลางดึก (00:00-05:59),พุธ,winter,4,0.0,4.0,5.0,0.5,0.8125,ต่ำ
ตรัง,กลางดึก (00:00-05:59),ศุกร์,rainy,12,2.0,2.0,7.0,1.5,1.9375,ปานกลาง
ตรัง,กลางดึก (00:00-05:59),ศุกร์,summer,9,0.0,5.0,5.0,1.125,1.4375,ต่ำ
ตรัง,กลางดึก (00:00-05:59),ศุกร์,winter,8,1.0,8.0,11.0,1.0,1.6875,ปานกลาง
ตรัง,กลางดึก (00:00-05:59),อังคาร,rainy,11,2.0,7.0,13.0,1.375,2.1875,ปานกลาง
ตรัง,กลางดึก (00:00-05:59),อังคาร,summer,7,0.0,4.0,3.0,0.875,1.0625,ต่ำ
ตรัง,กลางดึก (00:00-05:59),อังคาร,winter,12,4.0,6.0,17.0,1.5,2.5625,ปานกลาง
ตรัง,กลางดึก (00:00-05:59),อาทิตย์,rainy,15,2.0,22.0,34.0,1.875,4.0,สูง
ตรัง,กลางดึก (00:00-05:59),อาทิตย์,summer,2,0.0,0.0,0.0,0.25,0.25,ต่ำ
ตรัง,กลางดึก (00:00-05:59),อาทิตย์,winter,16,0.0,57.0,63.0,2.0,5.9375,สูงมาก
ตรัง,กลางดึก (00:00-05:59),เสาร์,rainy,11,2.0,5.0,11.0,1.375,2.0625,ปานกลาง
ตรัง,กลางดึก (00:00-05:59),เสาร์,summer,15,2.0,12.0,22.0,1.875,3.25,สูง
ตรัง,กลางดึก (00:00-05:59),เสาร์,winter,19,5.0,22.0,43.0,2.375,5.0625,สูง
ตรัง,กลางวัน (09:00-15:59),จันทร์,rainy,50,1.0,42.0,49.0,6.25,9.3125,สูงมาก
ตรัง,กลางวัน (09:00-15:59),จันทร์,summer,31,3.0,31.0,42.0,3.875,6.5,สูงมาก
ตรัง,กลางวัน (09:00-15:59),จันทร์,winter,44,4.0,46.0,56.0,5.5,9.0,สูงมาก
ตรัง,กลางวัน (09:00-15:59),พฤหัสบดี,rainy,44,6.0,26.0,45.0,5.5,8.3125,สูงมาก
ตรัง,กลางวัน (09:00-15:59),พฤหัสบดี,summer,45,1.0,56.0,57.0,5.625,9.1875,สูงมาก
ตรัง,กลางวัน (09:00-15:59),พฤหัสบดี,winter,46,9.0,62.0,98.0,5.75,11.875,สูงมาก
ตรัง,กลางวัน (09:00-15:59),พุธ,rainy,50,1.0,44.0,42.0,6.25,8.875,สูงมาก
ตรัง,กลางวัน (09:00-15:59),พุธ,summer,37,1.0,24.0,26.0,4.625,6.25,สูงมาก
ตรัง,กลางวัน (09:00-15:59),พุธ,winter,36,3.0,56.0,72.0,4.5,9.0,สูงมาก
ตรัง,กลางวัน (09:00-15:59),ศุกร์,rainy,38,1.0,25.0,29.0,4.75,6.5625,สูงมาก
ตรัง,กลางวัน (09:00-15:59),ศุกร์,summer,36,2.0,30.0,42.0,4.5,7.125,สูงมาก
ตรัง,กลางวัน (09:00-15:59),ศุกร์,winter,49,4.0,49.0,61.0,6.125,9.9375,สูงมาก
ตรัง,กลางวัน (09:00-15:59),อังคาร,rainy,31,0.0,23.0,24.0,3.875,5.375,สูงมาก
ตรัง,กลางวัน (09:00-15:59),อังคาร,summer,41,3.0,34.0,51.0,5.125,8.3125,สูงมาก
ตรัง,กลางวัน (09:00-15:59),อังคาร,winter,35,2.0,40.0,42.0,4.375,7.0,สูงมาก
ตรัง,กลางวัน (09:00-15:59),อาทิตย์,rainy,32,0.0,35.0,34.0,4.0,6.125,สูงมาก
ตรัง,กลางวัน (09:00-15:59),อาทิตย์,summer,27,2.0,28.0,37.0,3.375,5.6875,สูงมาก
ตรัง,กลางวัน (09:00-15:59),อาทิตย์,winter,38,6.0,43.0,62.0,4.75,8.625,สูงมาก
ตรัง,กลางวัน (09:00-15:59),เสาร์,rainy,35,2.0,35.0,40.0,4.375,6.875,สูงมาก
ตรัง,กลางวัน (09:00-15:59),เสาร์,summer,26,4.0,25.0,38.0,3.25,5.625,สูงมาก
ตรัง,กลางวัน (09:00-15:59),เสาร์,winter,40,4.0,48.0,60.0,5.0,8.75,สูงมาก
ตรัง,หัวค่ำ-ดึก (19:00-23:59),จันทร์,rainy,15,3.0,10.0,18.0,1.875,3.0,สูง
ตรัง,หัวค่ำ-ดึก (19:00-23:59),จันทร์,summer,13,5.0,8.0,26.0,1.625,3.25,สูง
ตรัง,หัวค่ำ-ดึก (19:00-23:59),จันทร์,winter,13,3.0,11.0,19.0,1.625,2.8125,ปานกลาง
ตรัง,หัวค่ำ-ดึก (19:00-23:59),พฤหัสบดี,rainy,14,2.0,11.0,19.0,1.75,2.9375,ปานกลาง
ตรัง,หัวค่ำ-ดึก (19:00-23:59),พฤหัสบดี,summer,15,4.0,24.0,38.0,1.875,4.25,สูง
ตรัง,หัวค่ำ-ดึก (19:00-23:59),พฤหัสบดี,winter,15,3.0,16.0,29.0,1.875,3.6875,สูง
ตรัง,หัวค่ำ-ดึก (19:00-23:59),พุธ,rainy,7,2.0,5.0,10.0,0.875,1.5,ต่ำ
ตรัง,หัวค่ำ-ดึก (19:00-23:59),พุธ,summer,18,5.0,14.0,33.0,2.25,4.3125,สูง
ตรัง,หัวค่ำ-ดึก (19:00-23:59),พุธ,winter,15,4.0,11.0,24.0,1.875,3.375,สูง
ตรัง,หัวค่ำ-ดึก (19:00-23:59),ศุกร์,rainy,13,7.0,15.0,34.0,1.625,3.75,สูง
ตรัง,หัวค่ำ-ดึก (19:00-23:59),ศุกร์,summer,11,0.0,9.0,12.0,1.375,2.125,ปานกลาง
ตรัง,หัวค่ำ-ดึก (19:00-23:59),ศุกร์,winter,18,1.0,17.0,24.0,2.25,3.75,สูง
ตรัง,หัวค่ำ-ดึก (19:00-23:59),อังคาร,rainy,16,3.0,10.0,18.0,2.0,3.125,สูง
ตรัง,หัวค่ำ-ดึก (19:00-23:59),อังคาร,summer,10,3.0,7.0,15.0,1.25,2.1875,ปานกลาง
ตรัง,หัวค่ำ-ดึก (19:00-23:59),อังคาร,winter,17,3.0,15.0,23.0,2.125,3.5625,สูง
ตรัง,หัวค่ำ-ดึก (19:00-23:59),อาทิตย์,rainy,16,2.0,15.0,24.0,2.0,3.5,สูง
ตรัง,หัวค่ำ-ดึก (19:00-23:59),อาทิตย์,summer,4,1.0,4.0,9.0,0.5,1.0625,ต่ำ
ตรัง,หัวค่ำ-ดึก (19:00-23:59),อาทิตย์,winter,30,2.0,29.0,37.0,3.75,6.0625,สูงมาก
ตรัง,หัวค่ำ-ดึก (19:00-23:59),เสาร์,rainy,12,3.0,7.0,16.0,1.5,2.5,ปานกลาง
ตรัง,หัวค่ำ-ดึก (19:00-23:59),เสาร์,summer,9,3.0,14.0,28.0,1.125,2.875,ปานกลาง
ตรัง,หัวค่ำ-ดึก (19:00-23:59),เสาร์,winter,21,5.0,19.0,34.0,2.625,4.75,สูง
ตรัง,เร่งด่วนเช้า (06:00-08:59),จันทร์,rainy,12,0.0,14.0,17.0,1.5,2.5625,ปานกลาง
ตรัง,เร่งด่วนเช้า (06:00-08:59),จันทร์,summer,13,1.0,15.0,18.0,1.625,2.75,ปานกลาง
ตรัง,เร่งด่วนเช้า (06:00-08:59),จันทร์,winter,15,0.0,13.0,14.0,1.875,2.75,ปานกลาง
ตรัง,เร่งด่วนเช้า (06:00-08:59),พฤหัสบดี,rainy,17,2.0,18.0,26.0,2.125,3.75,สูง
ตรัง,เร่งด่วนเช้า (06:00-08:59),พฤหัสบดี,summer,10,1.0,10.0,15.0,1.25,2.1875,ปานกลาง
ตรัง,เร่งด่วนเช้า (06:00-08:59),พฤหัสบดี,winter,11,1.0,12.0,15.0,1.375,2.3125,ปานกลาง
ตรัง,เร่งด่วนเช้า (06:00-08:59),พุธ,rainy,12,1.0,14.0,18.0,1.5,2.625,ปานกลาง
ตรัง,เร่งด่วนเช้า (06:00-08:59),พุธ,summer,12,2.0,11.0,19.0,1.5,2.6875,ปานกลาง
ตรัง,เร่งด่วนเช้า (06:00-08:59),พุธ,winter,16,1.0,14.0,21.0,2.0,3.3125,สูง
ตรัง,เร่งด่วนเช้า (06:00-08:59),ศุกร์,rainy,8,4.0,8.0,19.0,1.0,2.1875,ปานกลาง
ตรัง,เร่งด่วนเช้า (06:00-08:59),ศุกร์,summer,11,1.0,12.0,16.0,1.375,2.375,ปานกลาง
ตรัง,เร่งด่วนเช้า (06:00-08:59),ศุกร์,winter,24,1.0,28.0,36.0,3.0,5.25,สูงมาก
ตรัง,เร่งด่วนเช้า (06:00-08:59),อังคาร,rainy,23,3.0,38.0,54.0,2.875,6.25,สูงมาก
ตรัง,เร่งด่วนเช้า (06:00-08:59),อังคาร,summer,5,0.0,3.0,3.0,0.625,0.8125,ต่ำ
ตรัง,เร่งด่วนเช้า (06:00-08:59),อังคาร,winter,12,2.0,5.0,11.0,1.5,2.1875,ปานกลาง
ตรัง,เร่งด่วนเช้า (06:00-08:59),อาทิตย์,rainy,10,2.0,22.0,28.0,1.25,3.0,สูง
ตรัง,เร่งด่วนเช้า (06:00-08:59),อาทิตย์,summer,7,0.0,2.0,2.0,0.875,1.0,ต่ำ
ตรัง,เร่งด่วนเช้า (06:00-08:59),อาทิตย์,winter,19,1.0,19.0,24.0,2.375,3.875,สูง
ตรัง,เร่งด่วนเช้า (06:00-08:59),เสาร์,rainy,17,3.0,11.0,23.0,2.125,3.5625,สูง
ตรัง,เร่งด่วนเช้า (06:00-08:59),เสาร์,summer,6,0.0,8.0,8.0,0.75,1.25,ต่ำ
ตรัง,เร่งด่วนเช้า (06:00-08:59),เสาร์,winter,14,1.0,10.0,11.0,1.75,2.4375,ปานกลาง
ตรัง,เร่งด่วนเย็น (16:00-18:59),จันทร์,rainy,16,1.0,20.0,29.0,2.0,3.8125,สูง
ตรัง,เร่งด่วนเย็น (16:00-18:59),จันทร์,summer,10,2.0,23.0,34.0,1.25,3.375,สูง
ตรัง,เร่งด่วนเย็น (16:00-18:59),จันทร์,winter,15,0.0,18.0,16.0,1.875,2.875,ปานกลาง
ตรัง,เร่งด่วนเย็น (16:00-18:59),พฤหัสบดี,rainy,16,2.0,17.0,29.0,2.0,3.8125,สูง
ตรัง,เร่งด่วนเย็น (16:00-18:59),พฤหัสบดี,summer,19,0.0,23.0,21.0,2.375,3.6875,สูง
ตรัง,เร่งด่วนเย็น (16:00-18:59),พฤหัสบดี,winter,19,2.0,26.0,36.0,2.375,4.625,สูง
ตรัง,เร่งด่วนเย็น (16:00-18:59),พุธ,rainy,17,2.0,16.0,24.0,2.125,3.625,สูง
ตรัง,เร่งด่วนเย็น (16:00-18:59),พุธ,summer,17,2.0,23.0,37.0,2.125,4.4375,สูง
ตรัง,เร่งด่วนเย็น (16:00-18:59),พุธ,winter,17,1.0,13.0,18.0,2.125,3.25,สูง
ตรัง,เร่งด่วนเย็น (16:00-18:59),ศุกร์,rainy,21,2.0,25.0,34.0,2.625,4.75,สูง
ตรัง,เร่งด่วนเย็น (16:00-18:59),ศุกร์,summer,18,1.0,20.0,20.0,2.25,3.5,สูง
ตรัง,เร่งด่วนเย็น (16:00-18:59),ศุกร์,winter,11,1.0,6.0,10.0,1.375,2.0,ปานกลาง
ตรัง,เร่งด่วนเย็น (16:00-18:59),อังคาร,rainy,18,4.0,20.0,26.0,2.25,3.875,สูง
ตรัง,เร่งด่วนเย็น (16:00-18:59),อังคาร,summer,11,0.0,16.0,13.0,1.375,2.1875,ปานกลาง
ตรัง,เร่งด่วนเย็น (16:00-18:59),อังคาร,winter,16,3.0,29.0,43.0,2.0,4.6875,สูง
ตรัง,เร่งด่วนเย็น (16:00-18:59),อาทิตย์,rainy,17,2.0,16.0,25.0,2.125,3.6875,สูง
ตรัง,เร่งด่วนเย็น (16:00-18:59),อาทิตย์,summer,20,2.0,25.0,29.0,2.5,4.3125,สูง
ตรัง,เร่งด่วนเย็น (16:00-18:59),อาทิตย์,winter,10,1.0,21.0,24.0,1.25,2.75,ปานกลาง
ตรัง,เร่งด่วนเย็น (16:00-18:59),เสาร์,rainy,14,3.0,21.0,33.0,1.75,3.8125,สูง
ตรัง,เร่งด่วนเย็น (16:00-18:59),เสาร์,summer,10,1.0,9.0,12.0,1.25,2.0,ปานกลาง
ตรัง,เร่งด่วนเย็น (16:00-18:59),เสาร์,winter,15,1.0,16.0,20.0,1.875,3.125,สูง
ตราด,กลางดึก (00:00-05:59),จันทร์,rainy,14,2.0,7.0,12.0,1.75,2.5,ปานกลาง
ตราด,กลางดึก (00:00-05:59),จันทร์,summer,9,1.0,8.0,11.0,1.125,1.8125,ปานกลาง
ตราด,กลางดึก (00:00-05:59),จันทร์,winter,7,3.0,11.0,20.0,0.875,2.125,ปานกลาง
ตราด,กลางดึก (00:00-05:59),พฤหัสบดี,rainy,10,1.0,9.0,14.0,1.25,2.125,ปานกลาง
ตราด,กลางดึก (00:00-05:59),พฤหัสบดี,summer,12,4.0,9.0,21.0,1.5,2.8125,ปานกลาง
ตราด,กลางดึก (00:00-05:59),พฤหัสบดี,winter,11,3.0,9.0,17.0,1.375,2.4375,ปานกลาง
ตราด,กลางดึก (00:00-05:59),พุธ,rainy,9,1.0,5.0,9.0,1.125,1.6875,ปานกลาง
ตราด,กลางดึก (00:00-05:59),พุธ,summer,4,1.0,2.0,5.0,0.5,0.8125,ต่ำ
ตราด,กลางดึก (00:00-05:59),พุธ,winter,8,1.0,3.0,6.0,1.0,1.375,ต่ำ
ตราด,กลางดึก (00:00-05:59),ศุกร์,rainy,5,1.0,3.0,5.0,0.625,0.9375,ต่ำ
ตราด,กลางดึก (00:00-05:59),ศุกร์,summer,10,3.0,3.0,13.0,1.25,2.0625,ปานกลาง
ตราด,กลางดึก (00:00-05:59),ศุกร์,winter,13,1.0,16.0,22.0,1.625,3.0,สูง
ตราด,กลางดึก (00:00-05:59),อังคาร,rainy,12,0.0,4.0,3.0,1.5,1.6875,ปานกลาง
ตราด,กลางดึก (00:00-05:59),อังคาร,summer,11,1.0,13.0,19.0,1.375,2.5625,ปานกลาง
ตราด,กลางดึก (00:00-05:59),อังคาร,winter,9,0.0,7.0,4.0,1.125,1.375,ต่ำ
ตราด,กลางดึก (00:00-05:59),อาทิตย์,rainy,15,1.0,14.0,16.0,1.875,2.875,ปานกลาง
ตราด,กลางดึก (00:00-05:59),อาทิตย์,summer,8,1.0,6.0,11.0,1.0,1.6875,ปานกลาง
ตราด,กลางดึก (00:00-05:59),อาทิตย์,winter,17,2.0,19.0,26.0,2.125,3.75,สูง
ตราด,กลางดึก (00:00-05:59),เสาร์,rainy,11,2.0,6.0,11.0,1.375,2.0625,ปานกลาง
ตราด,กลางดึก (00:00-05:59),เสาร์,summer,8,1.0,5.0,11.0,1.0,1.6875,ปานกลาง
ตราด,กลางดึก (00:00-05:59),เสาร์,winter,15,2.0,19.0,27.0,1.875,3.5625,สูง
ตราด,กลางวัน (09:00-15:59),จันทร์,rainy,13,1.0,13.0,18.0,1.625,2.75,ปานกลาง
ตราด,กลางวัน (09:00-15:59),จันทร์,summer,13,6.0,15.0,35.0,1.625,3.8125,สูง
ตราด,กลางวัน (09:00-15:59),จันทร์,winter,12,2.0,10.0,18.0,1.5,2.625,ปานกลาง
ตราด,กลางวัน (09:00-15:59),พฤหัสบดี,rainy,8,3.0,12.0,19.0,1.0,2.1875,ปานกลาง
ตราด,กลางวัน (09:00-15:59),พฤหัสบดี,summer,15,0.0,19.0,22.0,1.875,3.25,สูง
ตราด,กลางวัน (09:00-15:59),พฤหัสบดี,winter,13,2.0,15.0,24.0,1.625,3.125,สูง
ตราด,กลางวัน (09:00-15:59),พุธ,rainy,19,3.0,20.0,31.0,2.375,4.3125,สูง
ตราด,กลางวัน (09:00-15:59),พุธ,summer,13,1.0,7.0,9.0,1.625,2.1875,ปานกลาง
ตราด,กลางวัน (09:00-15:59),พุธ,winter,11,1.0,13.0,17.0,1.375,2.4375,ปานกลาง
ตราด,กลางวัน (09:00-15:59),ศุกร์,rainy,20,1.0,18.0,22.0,2.5,3.875,สูง
ตราด,กลางวัน (09:00-15:59),ศุกร์,summer,17,2.0,23.0,32.0,2.125,4.125,สูง
ตราด,กลางวัน (09:00-15:59),ศุกร์,winter,24,2.0,30.0,35.0,3.0,5.1875,สูงมาก
ตราด,กลางวัน (09:00-15:59),อังคาร,rainy,11,5.0,6.0,24.0,1.375,2.875,ปานกลาง
ตราด,กลางวัน (09:00-15:59),อังคาร,summer,10,1.0,10.0,12.0,1.25,2.0,ปานกลาง
ตราด,กลางวัน (09:00-15:59),อังคาร,winter,11,6.0,8.0,27.0,1.375,3.0625,สูง
ตราด,กลางวัน (09:00-15:59),อาทิตย์,rainy,12,1.0,11.0,11.0,1.5,2.1875,ปานกลาง
ตราด,กลางวัน (09:00-15:59),อาทิตย์,summer,14,1.0,19.0,16.0,1.75,2.75,ปานกลาง
ตราด,กลางวัน (09:00-15:59),อาทิตย์,winter,8,1.0,10.0,9.0,1.0,1.5625,ต่ำ
ตราด,กลางวัน (09:00-15:59),เสาร์,rainy,8,0.0,7.0,10.0,1.0,1.625,ต่ำ
ตราด,กลางวัน (09:00-15:59),เสาร์,summer,6,0.0,11.0,11.0,0.75,1.4375,ต่ำ
ตราด,กลางวัน (09:00-15:59),เสาร์,winter,13,4.0,17.0,30.0,1.625,3.5,สูง
ตราด,หัวค่ำ-ดึก (19:00-23:59),จันทร์,rainy,11,7.0,8.0,31.0,1.375,3.3125,สูง
ตราด,หัวค่ำ-ดึก (19:00-23:59),จันทร์,summer,9,3.0,10.0,20.0,1.125,2.375,ปานกลาง
ตราด,หัวค่ำ-ดึก (19:00-23:59),จันทร์,winter,11,2.0,18.0,28.0,1.375,3.125,สูง
ตราด,หัวค่ำ-ดึก (19:00-23:59),พฤหัสบดี,rainy,11,1.0,14.0,19.0,1.375,2.5625,ปานกลาง
ตราด,หัวค่ำ-ดึก (19:00-23:59),พฤหัสบดี,summer,9,0.0,5.0,4.0,1.125,1.375,ต่ำ
ตราด,หัวค่ำ-ดึก (19:00-23:59),พฤหัสบดี,winter,9,0.0,9.0,11.0,1.125,1.8125,ปานกลาง
ตราด,หัวค่ำ-ดึก (19:00-23:59),พุธ,rainy,10,1.0,16.0,20.0,1.25,2.5,ปานกลาง
ตราด,หัวค่ำ-ดึก (19:00-23:59),พุธ,summer,11,0.0,11.0,12.0,1.375,2.125,ปานกลาง
ตราด,หัวค่ำ-ดึก (19:00-23:59),พุธ,winter,8,2.0,10.0,16.0,1.0,2.0,ปานกลาง
ตราด,หัวค่ำ-ดึก (19:00-23:59),ศุกร์,rainy,11,1.0,10.0,14.0,1.375,2.25,ปานกลาง
ตราด,หัวค่ำ-ดึก (19:00-23:59),ศุกร์,summer,18,0.0,20.0,22.0,2.25,3.625,สูง
ตราด,หัวค่ำ-ดึก (19:00-23:59),ศุกร์,winter,16,4.0,22.0,36.0,2.0,4.25,สูง
ตราด,หัวค่ำ-ดึก (19:00-23:59),อังคาร,rainy,14,3.0,9.0,20.0,1.75,3.0,สูง
ตราด,หัวค่ำ-ดึก (19:00-23:59),อังคาร,summer,5,4.0,6.0,21.0,0.625,1.9375,ปานกลาง
ตราด,หัวค่ำ-ดึก (19:00-23:59),อังคาร,winter,10,6.0,6.0,21.0,1.25,2.5625,ปานกลาง
ตราด,หัวค่ำ-ดึก (19:00-23:59),อาทิตย์,rainy,12,2.0,10.0,20.0,1.5,2.75,ปานกลาง
ตราด,หัวค่ำ-ดึก (19:00-23:59),อาทิตย์,summer,16,7.0,12.0,34.0,2.0,4.125,สูง
ตราด,หัวค่ำ-ดึก (19:00-23:59),อาทิตย์,winter,20,5.0,16.0,30.0,2.5,4.375,สูง
ตราด,หัวค่ำ-ดึก (19:00-23:59),เสาร์,rainy,13,0.0,13.0,15.0,1.625,2.5625,ปานกลาง
ตราด,หัวค่ำ-ดึก (19:00-23:59),เสาร์,summer,9,2.0,13.0,17.0,1.125,2.1875,ปานกลาง
ตราด,หัวค่ำ-ดึก (19:00-23:59),เสาร์,winter,15,3.0,35.0,44.0,1.875,4.625,สูง
ตราด,เร่งด่วนเช้า (06:00-08:59),จันทร์,rainy,7,1.0,4.0,7.0,0.875,1.3125,ต่ำ
ตราด,เร่งด่วนเช้า (06:00-08:59),จันทร์,summer,4,0.0,4.0,4.0,0.5,0.75,ต่ำ
ตราด,เร่งด่วนเช้า (06:00-08:59),จันทร์,winter,4,1.0,4.0,7.0,0.5,0.9375,ต่ำ
ตราด,เร่งด่วนเช้า (06:00-08:59),พฤหัสบดี,rainy,6,0.0,5.0,5.0,0.75,1.0625,ต่ำ
ตราด,เร่งด่วนเช้า (06:00-08:59),พฤหัสบดี,summer,6,0.0,6.0,6.0,0.75,1.125,ต่ำ
ตราด,เร่งด่วนเช้า (06:00-08:59),พฤหัสบดี,winter,5,0.0,1.0,1.0,0.625,0.6875,ต่ำ
ตราด,เร่งด่วนเช้า (06:00-08:59),พุธ,rainy,5,0.0,6.0,6.0,0.625,1.0,ต่ำ
ตราด,เร่งด่วนเช้า (06:00-08:59),พุธ,summer,6,0.0,4.0,5.0,0.75,1.0625,ต่ำ
ตราด,เร่งด่วนเช้า (06:00-08:59),พุธ,winter,6,0.0,7.0,7.0,0.75,1.1875,ต่ำ
ตราด,เร่งด่วนเช้า (06:00-08:59),ศุกร์,rainy,12,2.0,12.0,18.0,1.5,2.625,ปานกลาง
ตราด,เร่งด่วนเช้า (06:00-08:59),ศุกร์,summer,6,1.0,5.0,9.0,0.75,1.3125,ต่ำ
ตราด,เร่งด่วนเช้า (06:00-08:59),ศุกร์,winter,12,2.0,7.0,14.0,1.5,2.375,ปานกลาง
ตราด,เร่งด่วนเช้า (06:00-08:59),อังคาร,rainy,8,2.0,9.0,17.0,1.0,2.0625,ปานกลาง
ตราด,เร่งด่วนเช้า (06:00-08:59),อังคาร,summer,8,0.0,14.0,9.0,1.0,1.5625,ต่ำ
ตราด,เร่งด่วนเช้า (06:00-08:59),อังคาร,winter,2,0.0,2.0,3.0,0.25,0.4375,ต่ำ
ตราด,เร่งด่วนเช้า (06:00-08:59),อาทิตย์,rainy,6,2.0,4.0,8.0,0.75,1.25,ต่ำ
ตราด,เร่งด่วนเช้า (06:00-08:59),อาทิตย์,summer,6,0.0,3.0,3.0,0.75,0.9375,ต่ำ
ตราด,เร่งด่วนเช้า (06:00-08:59),อาทิตย์,winter,4,1.0,2.0,5.0,0.5,0.8125,ต่ำ
ตราด,เร่งด่วนเช้า (06:00-08:59),เสาร์,rainy,4,0.0,6.0,6.0,0.5,0.875,ต่ำ
ตราด,เร่งด่วนเช้า (06:00-08:59),เสาร์,summer,4,0.0,5.0,5.0,0.5,0.8125,ต่ำ
ตราด,เร่งด่วนเช้า (06:00-08:59),เสาร์,winter,3,1.0,1.0,4.0,0.375,0.625,ต่ำ
ตราด,เร่งด่วนเย็น (16:00-18:59),จันทร์,rainy,8,2.0,6.0,12.0,1.0,1.75,ปานกลาง
ตราด,เร่งด่วนเย็น (16:00-18:59),จันทร์,summer,6,0.0,18.0,17.0,0.75,1.8125,ปานกลาง
ตราด,เร่งด่วนเย็น (16:00-18:59),จันทร์,winter,4,0.0,2.0,2.0,0.5,0.625,ต่ำ
ตราด,เร่งด่วนเย็น (16:00-18:59),พฤหัสบดี,rainy,3,1.0,6.0,10.0,0.375,1.0,ต่ำ
ตราด,เร่งด่วนเย็น (16:00-18:59),พฤหัสบดี,summer,12,1.0,13.0,17.0,1.5,2.5625,ปานกลาง
ตราด,เร่งด่วนเย็น (16:00-18:59),พฤหัสบดี,winter,12,4.0,15.0,30.0,1.5,3.375,สูง
ตราด,เร่งด่วนเย็น (16:00-18:59),พุธ,rainy,5,1.0,4.0,7.0,0.625,1.0625,ต่ำ
ตราด,เร่งด่วนเย็น (16:00-18:59),พุธ,summer,6,2.0,5.0,11.0,0.75,1.4375,ต่ำ
ตราด,เร่งด่วนเย็น (16:00-18:59),พุธ,winter,5,0.0,10.0,13.0,0.625,1.4375,ต่ำ
ตราด,เร่งด่วนเย็น (16:00-18:59),ศุกร์,rainy,4,0.0,1.0,1.0,0.5,0.5625,ต่ำ
ตราด,เร่งด่วนเย็น (16:00-18:59),ศุกร์,summer,8,2.0,6.0,12.0,1.0,1.75,ปานกลาง
ตราด,เร่งด่วนเย็น (16:00-18:59),ศุกร์,winter,2,0.0,2.0,2.0,0.25,0.375,ต่ำ
ตราด,เร่งด่วนเย็น (16:00-18:59),อังคาร,rainy,12,5.0,7.0,22.0,1.5,2.875,ปานกลาง
ตราด,เร่งด่วนเย็น (16:00-18:59),อังคาร,summer,7,1.0,9.0,13.0,0.875,1.6875,ปานกลาง
ตราด,เร่งด่วนเย็น (16:00-18:59),อังคาร,winter,9,1.0,12.0,11.0,1.125,1.8125,ปานกลาง
ตราด,เร่งด่วนเย็น (16:00-18:59),อาทิตย์,rainy,6,2.0,8.0,11.0,0.75,1.4375,ต่ำ
ตราด,เร่งด่วนเย็น (16:00-18:59),อาทิตย์,summer,6,2.0,7.0,13.0,0.75,1.5625,ต่ำ
ตราด,เร่งด่วนเย็น (16:00-18:59),อาทิตย์,winter,5,0.0,7.0,12.0,0.625,1.375,ต่ำ
ตราด,เร่งด่วนเย็น (16:00-18:59),เสาร์,rainy,11,1.0,15.0,17.0,1.375,2.4375,ปานกลาง
ตราด,เร่งด่วนเย็น (16:00-18:59),เสาร์,summer,8,0.0,15.0,11.0,1.0,1.6875,ปานกลาง
ตราด,เร่งด่วนเย็น (16:00-18:59),เสาร์,winter,11,2.0,12.0,19.0,1.375,2.5625,ปานกลาง
ตาก,กลางดึก (00:00-05:59),จันทร์,rainy,21,5.0,17.0,32.0,2.625,4.625,สูง
ตาก,กลางดึก (00:00-05:59),จันทร์,summer,18,1.0,17.0,24.0,2.25,3.75,สูง
ตาก,กลางดึก (00:00-05:59),จันทร์,winter,21,1.0,16.0,23.0,2.625,4.0625,สูง
ตาก,กลางดึก (00:00-05:59),พฤหัสบดี,rainy,25,6.0,32.0,57.0,3.125,6.6875,สูงมาก
ตาก,กลางดึก (00:00-05:59),พฤหัสบดี,summer,21,4.0,14.0,26.0,2.625,4.25,สูง
ตาก,กลางดึก (00:00-05:59),พฤหัสบดี,winter,35,3.0,15.0,24.0,4.375,5.875,สูงมาก
ตาก,กลางดึก (00:00-05:59),พุธ,rainy,38,5.0,29.0,37.0,4.75,7.0625,สูงมาก
ตาก,กลางดึก (00:00-05:59),พุธ,summer,15,1.0,7.0,12.0,1.875,2.625,ปานกลาง
ตาก,กลางดึก (00:00-05:59),พุธ,winter,34,7.0,34.0,55.0,4.25,7.6875,สูงมาก
ตาก,กลางดึก (00:00-05:59),ศุกร์,rainy,35,3.0,13.0,22.0,4.375,5.75,สูงมาก
ตาก,กลางดึก (00:00-05:59),ศุกร์,summer,19,2.0,15.0,19.0,2.375,3.5625,สูง
ตาก,กลางดึก (00:00-05:59),ศุกร์,winter,29,5.0,27.0,49.0,3.625,6.6875,สูงมาก
ตาก,กลางดึก (00:00-05:59),อังคาร,rainy,27,2.0,21.0,27.0,3.375,5.0625,สูง
ตาก,กลางดึก (00:00-05:59),อังคาร,summer,24,2.0,32.0,36.0,3.0,5.25,สูงมาก
ตาก,กลางดึก (00:00-05:59),อังคาร,winter,20,2.0,7.0,11.0,2.5,3.1875,สูง
ตาก,กลางดึก (00:00-05:59),อาทิตย์,rainy,34,3.0,32.0,30.0,4.25,6.125,สูงมาก
ตาก,กลางดึก (00:00-05:59),อาทิตย์,summer,22,4.0,33.0,23.0,2.75,4.1875,สูง
ตาก,กลางดึก (00:00-05:59),อาทิตย์,winter,29,0.0,17.0,16.0,3.625,4.625,สูง
ตาก,กลางดึก (00:00-05:59),เสาร์,rainy,26,4.0,9.0,21.0,3.25,4.5625,สูง
ตาก,กลางดึก (00:00-05:59),เสาร์,summer,27,3.0,31.0,37.0,3.375,5.6875,สูงมาก
ตาก,กลางดึก (00:00-05:59),เสาร์,winter,33,4.0,24.0,32.0,4.125,6.125,สูงมาก
ตาก,กลางวัน (09:00-15:59),จันทร์,rainy,59,3.0,42.0,53.0,7.375,10.6875,สูงมาก
ตาก,กลางวัน (09:00-15:59),จันทร์,summer,63,13.0,72.0,115.0,7.875,15.0625,สูงมาก
ตาก,กลางวัน (09:00-15:59),จันทร์,winter,69,4.0,61.0,83.0,8.625,13.8125,สูงมาก
ตาก,กลางวัน (09:00-15:59),พฤหัสบดี,rainy,67,10.0,60.0,87.0,8.375,13.8125,สูงมาก
ตาก,กลางวัน (09:00-15:59),พฤหัสบดี,summer,58,4.0,46.0,66.0,7.25,11.375,สูงมาก
ตาก,กลางวัน (09:00-15:59),พฤหัสบดี,winter,81,11.0,60.0,93.0,10.125,15.9375,สูงมาก
ตาก,กลางวัน (09:00-15:59),พุธ,rainy,79,4.0,76.0,74.0,9.875,14.5,สูงมาก
ตาก,กลางวัน (09:00-15:59),พุธ,summer,62,9.0,86.0,103.0,7.75,14.1875,สูงมาก
ตาก,กลางวัน (09:00-15:59),พุธ,winter,66,6.0,61.0,79.0,8.25,13.1875,สูงมาก
ตาก,กลางวัน (09:00-15:59),ศุกร์,rainy,76,5.0,54.0,71.0,9.5,13.9375,สูงมาก
ตาก,กลางวัน (09:00-15:59),ศุกร์,summer,46,2.0,34.0,43.0,5.75,8.4375,สูงมาก
ตาก,กลางวัน (09:00-15:59),ศุกร์,winter,68,7.0,72.0,99.0,8.5,14.6875,สูงมาก
ตาก,กลางวัน (09:00-15:59),อังคาร,rainy,65,8.0,57.0,88.0,8.125,13.625,สูงมาก
ตาก,กลางวัน (09:00-15:59),อังคาร,summer,53,8.0,65.0,93.0,6.625,12.4375,สูงมาก
ตาก,กลางวัน (09:00-15:59),อังคาร,winter,60,4.0,55.0,70.0,7.5,11.875,สูงมาก
ตาก,กลางวัน (09:00-15:59),อาทิตย์,rainy,65,5.0,51.0,68.0,8.125,12.375,สูงมาก
ตาก,กลางวัน (09:00-15:59),อาทิตย์,summer,55,4.0,62.0,74.0,6.875,11.5,สูงมาก
ตาก,กลางวัน (09:00-15:59),อาทิตย์,winter,68,10.0,90.0,98.0,8.5,14.625,สูงมาก
ตาก,กลางวัน (09:00-15:59),เสาร์,rainy,61,12.0,57.0,92.0,7.625,13.375,สูงมาก
ตาก,กลางวัน (09:00-15:59),เสาร์,summer,46,5.0,36.0,52.0,5.75,9.0,สูงมาก
ตาก,กลางวัน (09:00-15:59),เสาร์,winter,55,7.0,41.0,58.0,6.875,10.5,สูงมาก
ตาก,หัวค่ำ-ดึก (19:00-23:59),จันทร์,rainy,27,3.0,16.0,20.0,3.375,4.625,สูง
ตาก,หัวค่ำ-ดึก (19:00-23:59),จันทร์,summer,21,3.0,14.0,28.0,2.625,4.375,สูง
ตาก,หัวค่ำ-ดึก (19:00-23:59),จันทร์,winter,30,5.0,31.0,42.0,3.75,6.375,สูงมาก
ตาก,หัวค่ำ-ดึก (19:00-23:59),พฤหัสบดี,rainy,31,5.0,17.0,37.0,3.875,6.1875,สูงมาก
ตาก,หัวค่ำ-ดึก (19:00-23:59),พฤหัสบดี,summer,29,5.0,23.0,42.0,3.625,6.25,สูงมาก
ตาก,หัวค่ำ-ดึก (19:00-23:59),พฤหัสบดี,winter,44,9.0,50.0,82.0,5.5,10.625,สูงมาก
ตาก,หัวค่ำ-ดึก (19:00-23:59),พุธ,rainy,36,13.0,27.0,65.0,4.5,8.5625,สูงมาก
ตาก,หัวค่ำ-ดึก (19:00-23:59),พุธ,summer,23,2.0,23.0,30.0,2.875,4.75,สูง
ตาก,หัวค่ำ-ดึก (19:00-23:59),พุธ,winter,32,4.0,19.0,29.0,4.0,5.8125,สูงมาก
ตาก,หัวค่ำ-ดึก (19:00-23:59),ศุกร์,rainy,41,12.0,34.0,60.0,5.125,8.875,สูงมาก
ตาก,หัวค่ำ-ดึก (19:00-23:59),ศุกร์,summer,21,0.0,52.0,52.0,2.625,5.875,สูงมาก
ตาก,หัวค่ำ-ดึก (19:00-23:59),ศุกร์,winter,37,7.0,36.0,58.0,4.625,8.25,สูงมาก
ตาก,หัวค่ำ-ดึก (19:00-23:59),อังคาร,rainy,31,1.0,25.0,23.0,3.875,5.3125,สูงมาก
ตาก,หัวค่ำ-ดึก (19:00-23:59),อังคาร,summer,30,3.0,19.0,28.0,3.75,5.5,สูงมาก
ตาก,หัวค่ำ-ดึก (19:00-23:59),อังคาร,winter,28,7.0,61.0,88.0,3.5,9.0,สูงมาก
ตาก,หัวค่ำ-ดึก (19:00-23:59),อาทิตย์,rainy,24,3.0,23.0,31.0,3.0,4.9375,สูง
ตาก,หัวค่ำ-ดึก (19:00-23:59),อาทิตย์,summer,24,1.0,15.0,18.0,3.0,4.125,สูง
ตาก,หัวค่ำ-ดึก (19:00-23:59),อาทิตย์,winter,38,6.0,22.0,32.0,4.75,6.75,สูงมาก
ตาก,หัวค่ำ-ดึก (19:00-23:59),เสาร์,rainy,22,1.0,10.0,12.0,2.75,3.5,สูง
ตาก,หัวค่ำ-ดึก (19:00-23:59),เสาร์,summer,26,4.0,28.0,45.0,3.25,6.0625,สูงมาก
ตาก,หัวค่ำ-ดึก (19:00-23:59),เสาร์,winter,41,4.0,45.0,57.0,5.125,8.6875,สูงมาก
ตาก,เร่งด่วนเช้า (06:00-08:59),จันทร์,rainy,28,1.0,11.0,13.0,3.5,4.3125,สูง
ตาก,เร่งด่วนเช้า (06:00-08:59),จันทร์,summer,25,1.0,38.0,45.0,3.125,5.9375,สูงมาก
ตาก,เร่งด่วนเช้า (06:00-08:59),จันทร์,winter,20,8.0,20.0,45.0,2.5,5.3125,สูงมาก
ตาก,เร่งด่วนเช้า (06:00-08:59),พฤหัสบดี,rainy,34,5.0,35.0,61.0,4.25,8.0625,สูงมาก
ตาก,เร่งด่วนเช้า (06:00-08:59),พฤหัสบดี,summer,16,2.0,12.0,18.0,2.0,3.125,สูง
ตาก,เร่งด่วนเช้า (06:00-08:59),พฤหัสบดี,winter,19,3.0,17.0,29.0,2.375,4.1875,สูง
ตาก,เร่งด่วนเช้า (06:00-08:59),พุธ,rainy,29,4.0,24.0,41.0,3.625,6.1875,สูงมาก
ตาก,เร่งด่วนเช้า (06:00-08:59),พุธ,summer,20,4.0,16.0,27.0,2.5,4.1875,สูง
ตาก,เร่งด่วนเช้า (06:00-08:59),พุธ,winter,34,6.0,27.0,44.0,4.25,7.0,สูงมาก
ตาก,เร่งด่วนเช้า (06:00-08:59),ศุกร์,rainy,31,4.0,20.0,32.0,3.875,5.875,สูงมาก
ตาก,เร่งด่วนเช้า (06:00-08:59),ศุกร์,summer,18,2.0,9.0,14.0,2.25,3.125,สูง
ตาก,เร่งด่วนเช้า (06:00-08:59),ศุกร์,winter,26,2.0,19.0,26.0,3.25,4.875,สูง
ตาก,เร่งด่วนเช้า (06:00-08:59),อังคาร,rainy,25,3.0,15.0,23.0,3.125,4.5625,สูง
ตาก,เร่งด่วนเช้า (06:00-08:59),อังคาร,summer,21,2.0,10.0,15.0,2.625,3.5625,สูง
ตาก,เร่งด่วนเช้า (06:00-08:59),อังคาร,winter,30,2.0,16.0,22.0,3.75,5.125,สูงมาก
ตาก,เร่งด่วนเช้า (06:00-08:59),อาทิตย์,rainy,18,3.0,14.0,18.0,2.25,3.375,สูง
ตาก,เร่งด่วนเช้า (06:00-08:59),อาทิตย์,summer,11,2.0,11.0,19.0,1.375,2.5625,ปานกลาง
ตาก,เร่งด่วนเช้า (06:00-08:59),อาทิตย์,winter,24,1.0,17.0,25.0,3.0,4.5625,สูง
ตาก,เร่งด่วนเช้า (06:00-08:59),เสาร์,rainy,18,3.0,34.0,47.0,2.25,5.1875,สูงมาก
ตาก,เร่งด่วนเช้า (06:00-08:59),เสาร์,summer,23,1.0,15.0,21.0,2.875,4.1875,สูง
ตาก,เร่งด่วนเช้า (06:00-08:59),เสาร์,winter,24,0.0,27.0,31.0,3.0,4.9375,สูง
ตาก,เร่งด่วนเย็น (16:00-18:59),จันทร์,rainy,30,3.0,63.0,54.0,3.75,7.125,สูงมาก
ตาก,เร่งด่วนเย็น (16:00-18:59),จันทร์,summer,30,2.0,24.0,35.0,3.75,5.9375,สูงมาก
ตาก,เร่งด่วนเย็น (16:00-18:59),จันทร์,winter,22,3.0,21.0,35.0,2.75,4.9375,สูง
ตาก,เร่งด่วนเย็น (16:00-18:59),พฤหัสบดี,rainy,32,7.0,34.0,56.0,4.0,7.5,สูงมาก
ตาก,เร่งด่วนเย็น (16:00-18:59),พฤหัสบดี,summer,29,2.0,24.0,33.0,3.625,5.6875,สูงมาก
ตาก,เร่งด่วนเย็น (16:00-18:59),พฤหัสบดี,winter,35,1.0,30.0,32.0,4.375,6.375,สูงมาก
ตาก,เร่งด่วนเย็น (16:00-18:59),พุธ,rainy,30,5.0,32.0,52.0,3.75,7.0,สูงมาก
ตาก,เร่งด่วนเย็น (16:00-18:59),พุธ,summer,26,3.0,15.0,24.0,3.25,4.75,สูง
ตาก,เร่งด่วนเย็น (16:00-18:59),พุธ,winter,31,0.0,42.0,43.0,3.875,6.5625,สูงมาก
ตาก,เร่งด่วนเย็น (16:00-18:59),ศุกร์,rainy,30,3.0,10.0,16.0,3.75,4.75,สูง
ตาก,เร่งด่วนเย็น (16:00-18:59),ศุกร์,summer,19,0.0,11.0,10.0,2.375,3.0,สูง
ตาก,เร่งด่วนเย็น (16:00-18:59),ศุกร์,winter,31,3.0,30.0,41.0,3.875,6.4375,สูงมาก
ตาก,เร่งด่วนเย็น (16:00-18:59),อังคาร,rainy,34,5.0,27.0,36.0,4.25,6.5,สูงมาก
ตาก,เร่งด่วนเย็น (16:00-18:59),อังคาร,summer,24,1.0,19.0,25.0,3.0,4.5625,สูง
ตาก,เร่งด่วนเย็น (16:00-18:59),อังคาร,winter,39,7.0,35.0,56.0,4.875,8.375,สูงมาก
ตาก,เร่งด่วนเย็น (16:00-18:59),อาทิตย์,rainy,26,4.0,18.0,33.0,3.25,5.3125,สูงมาก
ตาก,เร่งด่วนเย็น (16:00-18:59),อาทิตย์,summer,19,0.0,15.0,13.0,2.375,3.1875,สูง
ตาก,เร่งด่วนเย็น (16:00-18:59),อาทิตย์,winter,27,1.0,21.0,22.0,3.375,4.75,สูง
ตาก,เร่งด่วนเย็น (16:00-18:59),เสาร์,rainy,27,6.0,16.0,35.0,3.375,5.5625,สูงมาก
ตาก,เร่งด่วนเย็น (16:00-18:59),เสาร์,summer,27,5.0,24.0,41.0,3.375,5.9375,สูงมาก
ตาก,เร่งด่วนเย็น (16:00-18:59),เสาร์,winter,21,6.0,25.0,24.0,2.625,4.125,สูง
นครนายก,กลางดึก (00:00-05:59),จันทร์,rainy,3,1.0,3.0,6.0,0.375,0.75,ต่ำ
นครนายก,กลางดึก (00:00-05:59),จันทร์,summer,3,0.0,3.0,5.0,0.375,0.6875,ต่ำ
นครนายก,กลางดึก (00:00-05:59),จันทร์,winter,5,0.0,1.0,1.0,0.625,0.6875,ต่ำ
นครนายก,กลางดึก (00:00-05:59),พฤหัสบดี,rainy,11,3.0,7.0,20.0,1.375,2.625,ปานกลาง
นครนายก,กลางดึก (00:00-05:59),พฤหัสบดี,summer,3,1.0,1.0,4.0,0.375,0.625,ต่ำ
นครนายก,กลางดึก (00:00-05:59),พฤหัสบดี,winter,4,0.0,1.0,1.0,0.5,0.5625,ต่ำ
นครนายก,กลางดึก (00:00-05:59),พุธ,rainy,7,2.0,4.0,8.0,0.875,1.375,ต่ำ
นครนายก,กลางดึก (00:00-05:59),พุธ,summer,7,0.0,15.0,15.0,0.875,1.8125,ปานกลาง
นครนายก,กลางดึก (00:00-05:59),พุธ,winter,2,0.0,0.0,0.0,0.25,0.25,ต่ำ
นครนายก,กลางดึก (00:00-05:59),ศุกร์,rainy,5,0.0,0.0,0.0,0.625,0.625,ต่ำ
นครนายก,กลางดึก (00:00-05:59),ศุกร์,summer,4,1.0,2.0,5.0,0.5,0.8125,ต่ำ
นครนายก,กลางดึก (00:00-05:59),ศุกร์,winter,9,2.0,7.0,14.0,1.125,2.0,ปานกลาง
นครนายก,กลางดึก (00:00-05:59),อังคาร,rainy,4,0.0,0.0,0.0,0.5,0.5,ต่ำ
นครนายก,กลางดึก (00:00-05:59),อังคาร,summer,3,1.0,6.0,10.0,0.375,1.0,ต่ำ
นครนายก,กลางดึก (00:00-05:59),อังคาร,winter,6,0.0,6.0,6.0,0.75,1.125,ต่ำ
นครนายก,กลางดึก (00:00-05:59),อาทิตย์,rainy,6,1.0,7.0,14.0,0.75,1.625,ต่ำ
นครนายก,กลางดึก (00:00-05:59),อาทิตย์,summer,7,1.0,9.0,12.0,0.875,1.625,ต่ำ
นครนายก,กลางดึก (00:00-05:59),อาทิตย์,winter,7,0.0,3.0,3.0,0.875,1.0625,ต่ำ
นครนายก,กลางดึก (00:00-05:59),เสาร์,rainy,3,0.0,1.0,1.0,0.375,0.4375,ต่ำ
นครนายก,กลางดึก (00:00-05:59),เสาร์,summer,6,0.0,4.0,7.0,0.75,1.1875,ต่ำ
นครนายก,กลางดึก (00:00-05:59),เสาร์,winter,5,1.0,6.0,9.0,0.625,1.1875,ต่ำ
นครนายก,กลางวัน (09:00-15:59),จันทร์,rainy,11,0.0,5.0,5.0,1.375,1.6875,ปานกลาง
นครนายก,กลางวัน (09:00-15:59),จันทร์,summer,12,0.0,16.0,17.0,1.5,2.5625,ปานกลาง
นครนายก,กลางวัน (09:00-15:59),จันทร์,winter,15,0.0,10.0,11.0,1.875,2.5625,ปานกลาง
นครนายก,กลางวัน (09:00-15:59),พฤหัสบดี,rainy,11,0.0,5.0,4.0,1.375,1.625,ต่ำ
นครนายก,กลางวัน (09:00-15:59),พฤหัสบดี,summer,16,3.0,11.0,23.0,2.0,3.4375,สูง
นครนายก,กลางวัน (09:00-15:59),พฤหัสบดี,winter,18,0.0,10.0,9.0,2.25,2.8125,ปานกลาง
นครนายก,กลางวัน (09:00-15:59),พุธ,rainy,13,3.0,11.0,22.0,1.625,3.0,สูง
นครนายก,กลางวัน (09:00-15:59),พุธ,summer,10,1.0,3.0,6.0,1.25,1.625,ต่ำ
นครนายก,กลางวัน (09:00-15:59),พุธ,winter,20,3.0,22.0,34.0,2.5,4.625,สูง
นครนายก,กลางวัน (09:00-15:59),ศุกร์,rainy,14,1.0,8.0,11.0,1.75,2.4375,ปานกลาง
นครนายก,กลางวัน (09:00-15:59),ศุกร์,summer,9,0.0,12.0,12.0,1.125,1.875,ปานกลาง
นครนายก,กลางวัน (09:00-15:59),ศุกร์,winter,22,5.0,15.0,30.0,2.75,4.625,สูง
นครนายก,กลางวัน (09:00-15:59),อังคาร,rainy,10,6.0,4.0,23.0,1.25,2.6875,ปานกลาง
นครนายก,กลางวัน (09:00-15:59),อังคาร,summer,8,4.0,7.0,20.0,1.0,2.25,ปานกลาง
นครนายก,กลางวัน (09:00-15:59),อังคาร,winter,16,2.0,13.0,24.0,2.0,3.5,สูง
นครนายก,กลางวัน (09:00-15:59),อาทิตย์,rainy,7,2.0,8.0,16.0,0.875,1.875,ปานกลาง
นครนายก,กลางวัน (09:00-15:59),อาทิตย์,summer,12,3.0,17.0,27.0,1.5,3.1875,สูง
นครนายก,กลางวัน (09:00-15:59),อาทิตย์,winter,15,0.0,18.0,22.0,1.875,3.25,สูง
นครนายก,กลางวัน (09:00-15:59),เสาร์,rainy,10,2.0,8.0,12.0,1.25,2.0,ปานกลาง
นครนายก,กลางวัน (09:00-15:59),เสาร์,summer,10,1.0,9.0,11.0,1.25,1.9375,ปานกลาง
นครนายก,กลางวัน (09:00-15:59),เสาร์,winter,21,3.0,26.0,41.0,2.625,5.1875,สูงมาก
นครนายก,หัวค่ำ-ดึก (19:00-23:59),จันทร์,rainy,6,2.0,5.0,14.0,0.75,1.625,ต่ำ
นครนายก,หัวค่ำ-ดึก (19:00-23:59),จันทร์,summer,6,1.0,3.0,8.0,0.75,1.25,ต่ำ
นครนายก,หัวค่ำ-ดึก (19:00-23:59),จันทร์,winter,3,0.0,4.0,4.0,0.375,0.625,ต่ำ
นครนายก,หัวค่ำ-ดึก (19:00-23:59),พฤหัสบดี,rainy,4,0.0,2.0,3.0,0.5,0.6875,ต่ำ
นครนายก,หัวค่ำ-ดึก (19:00-23:59),พฤหัสบดี,summer,6,1.0,7.0,11.0,0.75,1.4375,ต่ำ
นครนายก,หัวค่ำ-ดึก (19:00-23:59),พฤหัสบดี,winter,2,0.0,1.0,1.0,0.25,0.3125,ต่ำ
นครนายก,หัวค่ำ-ดึก (19:00-23:59),พุธ,rainy,12,0.0,9.0,11.0,1.5,2.1875,ปานกลาง
นครนายก,หัวค่ำ-ดึก (19:00-23:59),พุธ,summer,3,1.0,3.0,6.0,0.375,0.75,ต่ำ
นครนายก,หัวค่ำ-ดึก (19:00-23:59),พุธ,winter,10,5.0,8.0,21.0,1.25,2.5625,ปานกลาง
นครนายก,หัวค่ำ-ดึก (19:00-23:59),ศุกร์,rainy,10,2.0,6.0,13.0,1.25,2.0625,ปานกลาง
นครนายก,หัวค่ำ-ดึก (19:00-23:59),ศุกร์,summer,8,3.0,1.0,10.0,1.0,1.625,ต่ำ
นครนายก,หัวค่ำ-ดึก (19:00-23:59),ศุกร์,winter,7,2.0,7.0,10.0,0.875,1.5,ต่ำ
นครนายก,หัวค่ำ-ดึก (19:00-23:59),อังคาร,rainy,4,0.0,4.0,4.0,0.5,0.75,ต่ำ
นครนายก,หัวค่ำ-ดึก (19:00-23:59),อังคาร,summer,6,1.0,4.0,7.0,0.75,1.1875,ต่ำ
นครนายก,หัวค่ำ-ดึก (19:00-23:59),อังคาร,winter,3,1.0,1.0,4.0,0.375,0.625,ต่ำ
นครนายก,หัวค่ำ-ดึก (19:00-23:59),อาทิตย์,rainy,5,1.0,1.0,4.0,0.625,0.875,ต่ำ
นครนายก,หัวค่ำ-ดึก (19:00-23:59),อาทิตย์,summer,7,0.0,13.0,14.0,0.875,1.75,ปานกลาง
นครนายก,หัวค่ำ-ดึก (19:00-23:59),อาทิตย์,winter,10,4.0,9.0,28.0,1.25,3.0,สูง
นครนายก,หัวค่ำ-ดึก (19:00-23:59),เสาร์,rainy,8,2.0,7.0,13.0,1.0,1.8125,ปานกลาง
นครนายก,หัวค่ำ-ดึก (19:00-23:59),เสาร์,summer,6,2.0,7.0,15.0,0.75,1.6875,ปานกลาง
นครนายก,หัวค่ำ-ดึก (19:00-23:59),เสาร์,winter,9,1.0,8.0,11.0,1.125,1.8125,ปานกลาง
นครนายก,เร่งด่วนเช้า (06:00-08:59),จันทร์,rainy,7,4.0,11.0,23.0,0.875,2.3125,ปานกลาง
นครนายก,เร่งด่วนเช้า (06:00-08:59),จันทร์,summer,3,0.0,3.0,5.0,0.375,0.6875,ต่ำ
นครนายก,เร่งด่วนเช้า (06:00-08:59),จันทร์,winter,6,1.0,5.0,6.0,0.75,1.125,ต่ำ
นครนายก,เร่งด่วนเช้า (06:00-08:59),พฤหัสบดี,rainy,5,0.0,1.0,0.0,0.625,0.625,ต่ำ
นครนายก,เร่งด่วนเช้า (06:00-08:59),พฤหัสบดี,summer,6,1.0,8.0,11.0,0.75,1.4375,ต่ำ
นครนายก,เร่งด่วนเช้า (06:00-08:59),พฤหัสบดี,winter,4,0.0,4.0,4.0,0.5,0.75,ต่ำ
นครนายก,เร่งด่วนเช้า (06:00-08:59),พุธ,rainy,10,1.0,18.0,22.0,1.25,2.625,ปานกลาง
นครนายก,เร่งด่วนเช้า (06:00-08:59),พุธ,summer,5,1.0,8.0,10.0,0.625,1.25,ต่ำ
นครนายก,เร่งด่วนเช้า (06:00-08:59),พุธ,winter,5,1.0,0.0,3.0,0.625,0.8125,ต่ำ
นครนายก,เร่งด่วนเช้า (06:00-08:59),ศุกร์,rainy,4,1.0,2.0,7.0,0.5,0.9375,ต่ำ
นครนายก,เร่งด่วนเช้า (06:00-08:59),ศุกร์,winter,9,1.0,6.0,10.0,1.125,1.75,ปานกลาง
นครนายก,เร่งด่วนเช้า (06:00-08:59),อังคาร,rainy,4,1.0,3.0,6.0,0.5,0.875,ต่ำ
นครนายก,เร่งด่วนเช้า (06:00-08:59),อังคาร,summer,5,1.0,2.0,4.0,0.625,0.875,ต่ำ
นครนายก,เร่งด่วนเช้า (06:00-08:59),อังคาร,winter,5,1.0,3.0,8.0,0.625,1.125,ต่ำ
นครนายก,เร่งด่วนเช้า (06:00-08:59),อาทิตย์,rainy,6,4.0,1.0,13.0,0.75,1.5625,ต่ำ
นครนายก,เร่งด่วนเช้า (06:00-08:59),อาทิตย์,summer,9,1.0,6.0,10.0,1.125,1.75,ปานกลาง
นครนายก,เร่งด่วนเช้า (06:00-08:59),อาทิตย์,winter,9,2.0,6.0,12.0,1.125,1.875,ปานกลาง
นครนายก,เร่งด่วนเช้า (06:00-08:59),เสาร์,rainy,6,0.0,4.0,3.0,0.75,0.9375,ต่ำ
นครนายก,เร่งด่วนเช้า (06:00-08:59),เสาร์,summer,9,1.0,29.0,33.0,1.125,3.1875,สูง
นครนายก,เร่งด่วนเช้า (06:00-08:59),เสาร์,winter,2,1.0,0.0,3.0,0.25,0.4375,ต่ำ
นครนายก,เร่งด่วนเย็น (16:00-18:59),จันทร์,rainy,8,0.0,17.0,16.0,1.0,2.0,ปานกลาง
นครนายก,เร่งด่วนเย็น (16:00-18:59),จันทร์,summer,7,1.0,3.0,5.0,0.875,1.1875,ต่ำ
นครนายก,เร่งด่วนเย็น (16:00-18:59),จันทร์,winter,5,1.0,6.0,10.0,0.625,1.25,ต่ำ
นครนายก,เร่งด่วนเย็น (16:00-18:59),พฤหัสบดี,rainy,5,1.0,1.0,4.0,0.625,0.875,ต่ำ
นครนายก,เร่งด่วนเย็น (16:00-18:59),พฤหัสบดี,summer,4,1.0,4.0,8.0,0.5,1.0,ต่ำ
นครนายก,เร่งด่วนเย็น (16:00-18:59),พฤหัสบดี,winter,3,1.0,3.0,7.0,0.375,0.8125,ต่ำ
นครนายก,เร่งด่วนเย็น (16:00-18:59),พุธ,rainy,5,0.0,4.0,7.0,0.625,1.0625,ต่ำ
นครนายก,เร่งด่วนเย็น (16:00-18:59),พุธ,summer,4,0.0,1.0,1.0,0.5,0.5625,ต่ำ
นครนายก,เร่งด่วนเย็น (16:00-18:59),พุธ,winter,10,4.0,6.0,18.0,1.25,2.375,ปานกลาง
นครนายก,เร่งด่วนเย็น (16:00-18:59),ศุกร์,rainy,6,0.0,4.0,4.0,0.75,1.0,ต่ำ
นครนายก,เร่งด่วนเย็น (16:00-18:59),ศุกร์,summer,4,0.0,3.0,4.0,0.5,0.75,ต่ำ
นครนายก,เร่งด่วนเย็น (16:00-18:59),ศุกร์,winter,5,0.0,3.0,3.0,0.625,0.8125,ต่ำ
นครนายก,เร่งด่วนเย็น (16:00-18:59),อังคาร,rainy,7,2.0,6.0,13.0,0.875,1.6875,ปานกลาง
นครนายก,เร่งด่วนเย็น (16:00-18:59),อังคาร,summer,9,0.0,9.0,8.0,1.125,1.625,ต่ำ
นครนายก,เร่งด่วนเย็น (16:00-18:59),อังคาร,winter,11,3.0,8.0,14.0,1.375,2.25,ปานกลาง
นครนายก,เร่งด่วนเย็น (16:00-18:59),อาทิตย์,rainy,4,2.0,6.0,17.0,0.5,1.5625,ต่ำ
นครนายก,เร่งด่วนเย็น (16:00-18:59),อาทิตย์,summer,6,1.0,6.0,12.0,0.75,1.5,ต่ำ
นครนายก,เร่งด่วนเย็น (16:00-18:59),อาทิตย์,winter,6,0.0,10.0,13.0,0.75,1.5625,ต่ำ
นครนายก,เร่งด่วนเย็น (16:00-18:59),เสาร์,rainy,8,0.0,7.0,8.0,1.0,1.5,ต่ำ
นครนายก,เร่งด่วนเย็น (16:00-18:59),เสาร์,summer,3,0.0,1.0,1.0,0.375,0.4375,ต่ำ
นครนายก,เร่งด่วนเย็น (16:00-18:59),เสาร์,winter,5,1.0,5.0,8.0,0.625,1.125,ต่ำ
นครปฐม,กลางดึก (00:00-05:59),จันทร์,rainy,27,3.0,12.0,20.0,3.375,4.625,สูง
นครปฐม,กลางดึก (00:00-05:59),จันทร์,summer,13,1.0,9.0,15.0,1.625,2.5625,ปานกลาง
นครปฐม,กลางดึก (00:00-05:59),จันทร์,winter,19,4.0,15.0,21.0,2.375,3.6875,สูง
นครปฐม,กลางดึก (00:00-05:59),พฤหัสบดี,rainy,25,5.0,42.0,26.0,3.125,4.75,สูง
นครปฐม,กลางดึก (00:00-05:59),พฤหัสบดี,summer,17,4.0,6.0,19.0,2.125,3.3125,สูง
นครปฐม,กลางดึก (00:00-05:59),พฤหัสบดี,winter,13,1.0,7.0,10.0,1.625,2.25,ปานกลาง
นครปฐม,กลางดึก (00:00-05:59),พุธ,rainy,17,0.0,14.0,18.0,2.125,3.25,สูง
นครปฐม,กลางดึก (00:00-05:59),พุธ,summer,12,2.0,5.0,8.0,1.5,2.0,ปานกลาง
นครปฐม,กลางดึก (00:00-05:59),พุธ,winter,12,3.0,9.0,15.0,1.5,2.4375,ปานกลาง
นครปฐม,กลางดึก (00:00-05:59),ศุกร์,rainy,16,1.0,5.0,8.0,2.0,2.5,ปานกลาง
นครปฐม,กลางดึก (00:00-05:59),ศุกร์,summer,19,3.0,7.0,17.0,2.375,3.4375,สูง
นครปฐม,กลางดึก (00:00-05:59),ศุกร์,winter,19,1.0,5.0,7.0,2.375,2.8125,ปานกลาง
นครปฐม,กลางดึก (00:00-05:59),อังคาร,rainy,18,4.0,10.0,23.0,2.25,3.6875,สูง
นครปฐม,กลางดึก (00:00-05:59),อังคาร,summer,19,5.0,14.0,28.0,2.375,4.125,สูง
นครปฐม,กลางดึก (00:00-05:59),อังคาร,winter,15,0.0,17.0,5.0,1.875,2.1875,ปานกลาง
นครปฐม,กลางดึก (00:00-05:59),อาทิตย์,rainy,31,0.0,14.0,14.0,3.875,4.75,สูง
นครปฐม,กลางดึก (00:00-05:59),อาทิตย์,summer,15,1.0,6.0,10.0,1.875,2.5,ปานกลาง
นครปฐม,กลางดึก (00:00-05:59),อาทิตย์,winter,25,0.0,25.0,11.0,3.125,3.8125,สูง
นครปฐม,กลางดึก (00:00-05:59),เสาร์,rainy,22,0.0,10.0,8.0,2.75,3.25,สูง
นครปฐม,กลางดึก (00:00-05:59),เสาร์,summer,12,5.0,9.0,27.0,1.5,3.1875,สูง
นครปฐม,กลางดึก (00:00-05:59),เสาร์,winter,23,1.0,16.0,17.0,2.875,3.9375,สูง
นครปฐม,กลางวัน (09:00-15:59),จันทร์,rainy,24,0.0,17.0,17.0,3.0,4.0625,สูง
นครปฐม,กลางวัน (09:00-15:59),จันทร์,summer,33,5.0,25.0,40.0,4.125,6.625,สูงมาก
นครปฐม,กลางวัน (09:00-15:59),จันทร์,winter,31,3.0,22.0,30.0,3.875,5.75,สูงมาก
นครปฐม,กลางวัน (09:00-15:59),พฤหัสบดี,rainy,17,1.0,7.0,10.0,2.125,2.75,ปานกลาง
นครปฐม,กลางวัน (09:00-15:59),พฤหัสบดี,summer,17,3.0,10.0,17.0,2.125,3.1875,สูง
นครปฐม,กลางวัน (09:00-15:59),พฤหัสบดี,winter,27,3.0,14.0,22.0,3.375,4.75,สูง
นครปฐม,กลางวัน (09:00-15:59),พุธ,rainy,18,1.0,11.0,8.0,2.25,2.75,ปานกลาง
นครปฐม,กลางวัน (09:00-15:59),พุธ,summer,22,2.0,10.0,14.0,2.75,3.625,สูง
นครปฐม,กลางวัน (09:00-15:59),พุธ,winter,24,1.0,17.0,24.0,3.0,4.5,สูง
นครปฐม,กลางวัน (09:00-15:59),ศุกร์,rainy,19,0.0,12.0,15.0,2.375,3.3125,สูง
นครปฐม,กลางวัน (09:00-15:59),ศุกร์,summer,24,2.0,30.0,37.0,3.0,5.3125,สูงมาก
นครปฐม,กลางวัน (09:00-15:59),ศุกร์,winter,22,0.0,14.0,18.0,2.75,3.875,สูง
นครปฐม,กลางวัน (09:00-15:59),อังคาร,rainy,27,3.0,18.0,31.0,3.375,5.3125,สูงมาก
นครปฐม,กลางวัน (09:00-15:59),อังคาร,summer,18,0.0,10.0,10.0,2.25,2.875,ปานกลาง
นครปฐม,กลางวัน (09:00-15:59),อังคาร,winter,22,4.0,13.0,23.0,2.75,4.1875,สูง
นครปฐม,กลางวัน (09:00-15:59),อาทิตย์,rainy,17,2.0,19.0,26.0,2.125,3.75,สูง
นครปฐม,กลางวัน (09:00-15:59),อาทิตย์,summer,15,1.0,9.0,15.0,1.875,2.8125,ปานกลาง
นครปฐม,กลางวัน (09:00-15:59),อาทิตย์,winter,26,0.0,28.0,20.0,3.25,4.5,สูง
นครปฐม,กลางวัน (09:00-15:59),เสาร์,rainy,23,5.0,19.0,31.0,2.875,4.8125,สูง
นครปฐม,กลางวัน (09:00-15:59),เสาร์,summer,21,1.0,12.0,13.0,2.625,3.4375,สูง
นครปฐม,กลางวัน (09:00-15:59),เสาร์,winter,33,5.0,16.0,25.0,4.125,5.6875,สูงมาก
นครปฐม,หัวค่ำ-ดึก (19:00-23:59),จันทร์,rainy,13,0.0,7.0,4.0,1.625,1.875,ปานกลาง
นครปฐม,หัวค่ำ-ดึก (19:00-23:59),จันทร์,summer,16,3.0,8.0,18.0,2.0,3.125,สูง
นครปฐม,หัวค่ำ-ดึก (19:00-23:59),จันทร์,winter,16,0.0,9.0,10.0,2.0,2.625,ปานกลาง
นครปฐม,หัวค่ำ-ดึก (19:00-23:59),พฤหัสบดี,rainy,20,0.0,10.0,8.0,2.5,3.0,สูง
นครปฐม,หัวค่ำ-ดึก (19:00-23:59),พฤหัสบดี,summer,16,3.0,10.0,19.0,2.0,3.1875,สูง
นครปฐม,หัวค่ำ-ดึก (19:00-23:59),พฤหัสบดี,winter,12,3.0,5.0,16.0,1.5,2.5,ปานกลาง
นครปฐม,หัวค่ำ-ดึก (19:00-23:59),พุธ,rainy,10,2.0,3.0,8.0,1.25,1.75,ปานกลาง
นครปฐม,หัวค่ำ-ดึก (19:00-23:59),พุธ,summer,9,0.0,7.0,9.0,1.125,1.6875,ปานกลาง
นครปฐม,หัวค่ำ-ดึก (19:00-23:59),พุธ,winter,8,2.0,3.0,8.0,1.0,1.5,ต่ำ
นครปฐม,หัวค่ำ-ดึก (19:00-23:59),ศุกร์,rainy,20,0.0,11.0,10.0,2.5,3.125,สูง
นครปฐม,หัวค่ำ-ดึก (19:00-23:59),ศุกร์,summer,20,1.0,12.0,19.0,2.5,3.6875,สูง
นครปฐม,หัวค่ำ-ดึก (19:00-23:59),ศุกร์,winter,20,1.0,19.0,24.0,2.5,4.0,สูง
นครปฐม,หัวค่ำ-ดึก (19:00-23:59),อังคาร,rainy,14,2.0,12.0,16.0,1.75,2.75,ปานกลาง
นครปฐม,หัวค่ำ-ดึก (19:00-23:59),อังคาร,summer,16,4.0,16.0,27.0,2.0,3.6875,สูง
นครปฐม,หัวค่ำ-ดึก (19:00-23:59),อังคาร,winter,11,8.0,6.0,28.0,1.375,3.125,สูง
นครปฐม,หัวค่ำ-ดึก (19:00-23:59),อาทิตย์,rainy,12,4.0,16.0,32.0,1.5,3.5,สูง
นครปฐม,หัวค่ำ-ดึก (19:00-23:59),อาทิตย์,summer,20,4.0,21.0,34.0,2.5,4.625,สูง
นครปฐม,หัวค่ำ-ดึก (19:00-23:59),อาทิตย์,winter,12,1.0,12.0,16.0,1.5,2.5,ปานกลาง
นครปฐม,หัวค่ำ-ดึก (19:00-23:59),เสาร์,rainy,24,3.0,18.0,30.0,3.0,4.875,สูง
นครปฐม,หัวค่ำ-ดึก (19:00-23:59),เสาร์,summer,17,3.0,10.0,19.0,2.125,3.3125,สูง
นครปฐม,หัวค่ำ-ดึก (19:00-23:59),เสาร์,winter,19,3.0,19.0,17.0,2.375,3.4375,สูง
นครปฐม,เร่งด่วนเช้า (06:00-08:59),จันทร์,rainy,7,4.0,4.0,16.0,0.875,1.875,ปานกลาง
นครปฐม,เร่งด่วนเช้า (06:00-08:59),จันทร์,summer,8,1.0,3.0,7.0,1.0,1.4375,ต่ำ
นครปฐม,เร่งด่วนเช้า (06:00-08:59),จันทร์,winter,12,1.0,12.0,15.0,1.5,2.4375,ปานกลาง
นครปฐม,เร่งด่วนเช้า (06:00-08:59),พฤหัสบดี,rainy,10,0.0,9.0,14.0,1.25,2.125,ปานกลาง
นครปฐม,เร่งด่วนเช้า (06:00-08:59),พฤหัสบดี,summer,5,0.0,5.0,4.0,0.625,0.875,ต่ำ
นครปฐม,เร่งด่วนเช้า (06:00-08:59),พฤหัสบดี,winter,5,1.0,7.0,9.0,0.625,1.1875,ต่ำ
นครปฐม,เร่งด่วนเช้า (06:00-08:59),พุธ,rainy,17,1.0,3.0,6.0,2.125,2.5,ปานกลาง
นครปฐม,เร่งด่วนเช้า (06:00-08:59),พุธ,summer,7,1.0,3.0,6.0,0.875,1.25,ต่ำ
นครปฐม,เร่งด่วนเช้า (06:00-08:59),พุธ,winter,11,0.0,8.0,8.0,1.375,1.875,ปานกลาง
นครปฐม,เร่งด่วนเช้า (06:00-08:59),ศุกร์,rainy,11,1.0,7.0,10.0,1.375,2.0,ปานกลาง
นครปฐม,เร่งด่วนเช้า (06:00-08:59),ศุกร์,summer,4,1.0,2.0,4.0,0.5,0.75,ต่ำ
นครปฐม,เร่งด่วนเช้า (06:00-08:59),ศุกร์,winter,8,0.0,7.0,7.0,1.0,1.4375,ต่ำ
นครปฐม,เร่งด่วนเช้า (06:00-08:59),อังคาร,rainy,12,1.0,13.0,18.0,1.5,2.625,ปานกลาง
นครปฐม,เร่งด่วนเช้า (06:00-08:59),อังคาร,summer,9,2.0,6.0,12.0,1.125,1.875,ปานกลาง
นครปฐม,เร่งด่วนเช้า (06:00-08:59),อังคาร,winter,8,1.0,4.0,10.0,1.0,1.625,ต่ำ
นครปฐม,เร่งด่วนเช้า (06:00-08:59),อาทิตย์,rainy,13,1.0,18.0,21.0,1.625,2.9375,ปานกลาง
นครปฐม,เร่งด่วนเช้า (06:00-08:59),อาทิตย์,summer,6,0.0,6.0,4.0,0.75,1.0,ต่ำ
นครปฐม,เร่งด่วนเช้า (06:00-08:59),อาทิตย์,winter,15,1.0,11.0,14.0,1.875,2.75,ปานกลาง
นครปฐม,เร่งด่วนเช้า (06:00-08:59),เสาร์,rainy,11,2.0,6.0,15.0,1.375,2.3125,ปานกลาง
นครปฐม,เร่งด่วนเช้า (06:00-08:59),เสาร์,summer,6,0.0,2.0,2.0,0.75,0.875,ต่ำ
นครปฐม,เร่งด่วนเช้า (06:00-08:59),เสาร์,winter,18,2.0,10.0,17.0,2.25,3.3125,สูง
นครปฐม,เร่งด่วนเย็น (16:00-18:59),จันทร์,rainy,8,0.0,6.0,6.0,1.0,1.375,ต่ำ
นครปฐม,เร่งด่วนเย็น (16:00-18:59),จันทร์,summer,13,3.0,14.0,22.0,1.625,3.0,สูง
นครปฐม,เร่งด่วนเย็น (16:00-18:59),จันทร์,winter,18,2.0,11.0,18.0,2.25,3.375,สูง
นครปฐม,เร่งด่วนเย็น (16:00-18:59),พฤหัสบดี,rainy,8,0.0,5.0,6.0,1.0,1.375,ต่ำ
นครปฐม,เร่งด่วนเย็น (16:00-18:59),พฤหัสบดี,summer,8,1.0,6.0,6.0,1.0,1.375,ต่ำ
นครปฐม,เร่งด่วนเย็น (16:00-18:59),พฤหัสบดี,winter,5,0.0,8.0,9.0,0.625,1.1875,ต่ำ
นครปฐม,เร่งด่วนเย็น (16:00-18:59),พุธ,rainy,12,0.0,4.0,3.0,1.5,1.6875,ปานกลาง
นครปฐม,เร่งด่วนเย็น (16:00-18:59),พุธ,summer,3,0.0,2.0,2.0,0.375,0.5,ต่ำ
นครปฐม,เร่งด่วนเย็น (16:00-18:59),พุธ,winter,6,2.0,3.0,8.0,0.75,1.25,ต่ำ
นครปฐม,เร่งด่วนเย็น (16:00-18:59),ศุกร์,rainy,4,0.0,3.0,3.0,0.5,0.6875,ต่ำ
นครปฐม,เร่งด่วนเย็น (16:00-18:59),ศุกร์,summer,12,3.0,7.0,13.0,1.5,2.3125,ปานกลาง
นครปฐม,เร่งด่วนเย็น (16:00-18:59),ศุกร์,winter,8,0.0,8.0,5.0,1.0,1.3125,ต่ำ
นครปฐม,เร่งด่วนเย็น (16:00-18:59),อังคาร,rainy,15,0.0,7.0,6.0,1.875,2.25,ปานกลาง
นครปฐม,เร่งด่วนเย็น (16:00-18:59),อังคาร,summer,10,0.0,9.0,9.0,1.25,1.8125,ปานกลาง
นครปฐม,เร่งด่วนเย็น (16:00-18:59),อังคาร,winter,9,0.0,6.0,4.0,1.125,1.375,ต่ำ
นครปฐม,เร่งด่วนเย็น (16:00-18:59),อาทิตย์,rainy,7,0.0,6.0,8.0,0.875,1.375,ต่ำ
นครปฐม,เร่งด่วนเย็น (16:00-18:59),อาทิตย์,summer,3,0.0,5.0,5.0,0.375,0.6875,ต่ำ
นครปฐม,เร่งด่วนเย็น (16:00-18:59),อาทิตย์,winter,13,1.0,10.0,10.0,1.625,2.25,ปานกลาง
นครปฐม,เร่งด่วนเย็น (16:00-18:59),เสาร์,rainy,8,1.0,8.0,12.0,1.0,1.75,ปานกลาง
นครปฐม,เร่งด่วนเย็น (16:00-18:59),เสาร์,summer,6,0.0,8.0,3.0,0.75,0.9375,ต่ำ
นครปฐม,เร่งด่วนเย็น (16:00-18:59),เสาร์,winter,11,0.0,14.0,17.0,1.375,2.4375,ปานกลาง
นครพนม,กลางดึก (00:00-05:59),จันทร์,rainy,6,0.0,3.0,3.0,0.75,0.9375,ต่ำ
นครพนม,กลางดึก (00:00-05:59),จันทร์,summer,11,1.0,6.0,10.0,1.375,2.0,ปานกลาง
นครพนม,กลางดึก (00:00-05:59),จันทร์,winter,6,0.0,6.0,5.0,0.75,1.0625,ต่ำ
นครพนม,กลางดึก (00:00-05:59),พฤหัสบดี,rainy,13,0.0,10.0,8.0,1.625,2.125,ปานกลาง
นครพนม,กลางดึก (00:00-05:59),พฤหัสบดี,summer,5,0.0,3.0,3.0,0.625,0.8125,ต่ำ
นครพนม,กลางดึก (00:00-05:59),พฤหัสบดี,winter,6,0.0,10.0,12.0,0.75,1.5,ต่ำ
นครพนม,กลางดึก (00:00-05:59),พุธ,rainy,6,2.0,6.0,12.0,0.75,1.5,ต่ำ
นครพนม,กลางดึก (00:00-05:59),พุธ,summer,2,1.0,1.0,4.0,0.25,0.5,ต่ำ
นครพนม,กลางดึก (00:00-05:59),พุธ,winter,9,4.0,7.0,19.0,1.125,2.3125,ปานกลาง
นครพนม,กลางดึก (00:00-05:59),ศุกร์,rainy,6,1.0,5.0,8.0,0.75,1.25,ต่ำ
นครพนม,กลางดึก (00:00-05:59),ศุกร์,summer,2,1.0,2.0,6.0,0.25,0.625,ต่ำ
นครพนม,กลางดึก (00:00-05:59),ศุกร์,winter,5,1.0,3.0,5.0,0.625,0.9375,ต่ำ
นครพนม,กลางดึก (00:00-05:59),อังคาร,rainy,12,2.0,14.0,18.0,1.5,2.625,ปานกลาง
นครพนม,กลางดึก (00:00-05:59),อังคาร,summer,3,0.0,4.0,4.0,0.375,0.625,ต่ำ
นครพนม,กลางดึก (00:00-05:59),อังคาร,winter,5,2.0,1.0,7.0,0.625,1.0625,ต่ำ
นครพนม,กลางดึก (00:00-05:59),อาทิตย์,rainy,9,1.0,6.0,11.0,1.125,1.8125,ปานกลาง
นครพนม,กลางดึก (00:00-05:59),อาทิตย์,summer,6,0.0,3.0,3.0,0.75,0.9375,ต่ำ
นครพนม,กลางดึก (00:00-05:59),อาทิตย์,winter,12,3.0,13.0,20.0,1.5,2.75,ปานกลาง
นครพนม,กลางดึก (00:00-05:59),เสาร์,rainy,9,1.0,6.0,10.0,1.125,1.75,ปานกลาง
นครพนม,กลางดึก (00:00-05:59),เสาร์,summer,10,1.0,11.0,15.0,1.25,2.1875,ปานกลาง
นครพนม,กลางดึก (00:00-05:59),เสาร์,winter,15,7.0,9.0,32.0,1.875,3.875,สูง
นครพนม,กลางวัน (09:00-15:59),จันทร์,rainy,19,0.0,17.0,16.0,2.375,3.375,สูง
นครพนม,กลางวัน (09:00-15:59),จันทร์,summer,11,2.0,17.0,23.0,1.375,2.8125,ปานกลาง
นครพนม,กลางวัน (09:00-15:59),จันทร์,winter,25,5.0,16.0,28.0,3.125,4.875,สูง
นครพนม,กลางวัน (09:00-15:59),พฤหัสบดี,rainy,26,1.0,12.0,12.0,3.25,4.0,สูง
นครพนม,กลางวัน (09:00-15:59),พฤหัสบดี,summer,16,7.0,13.0,38.0,2.0,4.375,สูง
นครพนม,กลางวัน (09:00-15:59),พฤหัสบดี,winter,25,6.0,18.0,38.0,3.125,5.5,สูงมาก
นครพนม,กลางวัน (09:00-15:59),พุธ,rainy,28,8.0,11.0,35.0,3.5,5.6875,สูงมาก
นครพนม,กลางวัน (09:00-15:59),พุธ,summer,12,0.0,21.0,18.0,1.5,2.625,ปานกลาง
นครพนม,กลางวัน (09:00-15:59),พุธ,winter,24,4.0,22.0,36.0,3.0,5.25,สูงมาก
นครพนม,กลางวัน (09:00-15:59),ศุกร์,rainy,19,5.0,9.0,23.0,2.375,3.8125,สูง
นครพนม,กลางวัน (09:00-15:59),ศุกร์,summer,10,0.0,6.0,8.0,1.25,1.75,ปานกลาง
นครพนม,กลางวัน (09:00-15:59),ศุกร์,winter,16,1.0,9.0,11.0,2.0,2.6875,ปานกลาง
นครพนม,กลางวัน (09:00-15:59),อังคาร,rainy,20,0.0,16.0,14.0,2.5,3.375,สูง
นครพนม,กลางวัน (09:00-15:59),อังคาร,summer,17,5.0,11.0,28.0,2.125,3.875,สูง
นครพนม,กลางวัน (09:00-15:59),อังคาร,winter,12,5.0,11.0,26.0,1.5,3.125,สูง
นครพนม,กลางวัน (09:00-15:59),อาทิตย์,rainy,12,2.0,17.0,27.0,1.5,3.1875,สูง
นครพนม,กลางวัน (09:00-15:59),อาทิตย์,summer,2,1.0,0.0,3.0,0.25,0.4375,ต่ำ
นครพนม,กลางวัน (09:00-15:59),อาทิตย์,winter,15,4.0,24.0,27.0,1.875,3.5625,สูง
นครพนม,กลางวัน (09:00-15:59),เสาร์,rainy,11,2.0,3.0,9.0,1.375,1.9375,ปานกลาง
นครพนม,กลางวัน (09:00-15:59),เสาร์,summer,12,3.0,16.0,25.0,1.5,3.0625,สูง
นครพนม,กลางวัน (09:00-15:59),เสาร์,winter,21,4.0,30.0,44.0,2.625,5.375,สูงมาก
นครพนม,หัวค่ำ-ดึก (19:00-23:59),จันทร์,rainy,8,2.0,4.0,9.0,1.0,1.5625,ต่ำ
นครพนม,หัวค่ำ-ดึก (19:00-23:59),จันทร์,summer,4,1.0,3.0,6.0,0.5,0.875,ต่ำ
นครพนม,หัวค่ำ-ดึก (19:00-23:59),จันทร์,winter,7,1.0,5.0,5.0,0.875,1.1875,ต่ำ
นครพนม,หัวค่ำ-ดึก (19:00-23:59),พฤหัสบดี,rainy,7,3.0,5.0,14.0,0.875,1.75,ปานกลาง
นครพนม,หัวค่ำ-ดึก (19:00-23:59),พฤหัสบดี,summer,3,1.0,3.0,6.0,0.375,0.75,ต่ำ
นครพนม,หัวค่ำ-ดึก (19:00-23:59),พฤหัสบดี,winter,8,0.0,14.0,12.0,1.0,1.75,ปานกลาง
นครพนม,หัวค่ำ-ดึก (19:00-23:59),พุธ,rainy,8,4.0,5.0,16.0,1.0,2.0,ปานกลาง
นครพนม,หัวค่ำ-ดึก (19:00-23:59),พุธ,summer,7,1.0,5.0,8.0,0.875,1.375,ต่ำ
นครพนม,หัวค่ำ-ดึก (19:00-23:59),พุธ,winter,8,0.0,10.0,9.0,1.0,1.5625,ต่ำ
นครพนม,หัวค่ำ-ดึก (19:00-23:59),ศุกร์,rainy,6,0.0,6.0,6.0,0.75,1.125,ต่ำ
นครพนม,หัวค่ำ-ดึก (19:00-23:59),ศุกร์,summer,2,0.0,4.0,4.0,0.25,0.5,ต่ำ
นครพนม,หัวค่ำ-ดึก (19:00-23:59),ศุกร์,winter,12,4.0,15.0,26.0,1.5,3.125,สูง
นครพนม,หัวค่ำ-ดึก (19:00-23:59),อังคาร,rainy,6,1.0,5.0,8.0,0.75,1.25,ต่ำ
นครพนม,หัวค่ำ-ดึก (19:00-23:59),อังคาร,summer,3,1.0,1.0,4.0,0.375,0.625,ต่ำ
นครพนม,หัวค่ำ-ดึก (19:00-23:59),อังคาร,winter,6,0.0,8.0,10.0,0.75,1.375,ต่ำ
นครพนม,หัวค่ำ-ดึก (19:00-23:59),อาทิตย์,rainy,13,4.0,7.0,17.0,1.625,2.6875,ปานกลาง
นครพนม,หัวค่ำ-ดึก (19:00-23:59),อาทิตย์,summer,12,3.0,11.0,22.0,1.5,2.875,ปานกลาง
นครพนม,หัวค่ำ-ดึก (19:00-23:59),อาทิตย์,winter,10,4.0,13.0,27.0,1.25,2.9375,ปานกลาง
นครพนม,หัวค่ำ-ดึก (19:00-23:59),เสาร์,rainy,16,3.0,12.0,20.0,2.0,3.25,สูง
นครพนม,หัวค่ำ-ดึก (19:00-23:59),เสาร์,summer,7,3.0,5.0,14.0,0.875,1.75,ปานกลาง
นครพนม,หัวค่ำ-ดึก (19:00-23:59),เสาร์,winter,7,1.0,5.0,7.0,0.875,1.3125,ต่ำ
นครพนม,เร่งด่วนเช้า (06:00-08:59),จันทร์,rainy,6,2.0,5.0,12.0,0.75,1.5,ต่ำ
นครพนม,เร่งด่วนเช้า (06:00-08:59),จันทร์,summer,3,2.0,2.0,8.0,0.375,0.875,ต่ำ
นครพนม,เร่งด่วนเช้า (06:00-08:59),จันทร์,winter,5,2.0,2.0,8.0,0.625,1.125,ต่ำ
นครพนม,เร่งด่วนเช้า (06:00-08:59),พฤหัสบดี,rainy,4,2.0,7.0,14.0,0.5,1.375,ต่ำ
นครพนม,เร่งด่วนเช้า (06:00-08:59),พฤหัสบดี,summer,3,3.0,2.0,10.0,0.375,1.0,ต่ำ
นครพนม,เร่งด่วนเช้า (06:00-08:59),พฤหัสบดี,winter,6,0.0,5.0,5.0,0.75,1.0625,ต่ำ
นครพนม,เร่งด่วนเช้า (06:00-08:59),พุธ,rainy,6,1.0,4.0,5.0,0.75,1.0625,ต่ำ
นครพนม,เร่งด่วนเช้า (06:00-08:59),พุธ,summer,1,0.0,0.0,0.0,0.125,0.125,ต่ำ
นครพนม,เร่งด่วนเช้า (06:00-08:59),พุธ,winter,2,1.0,0.0,3.0,0.25,0.4375,ต่ำ
นครพนม,เร่งด่วนเช้า (06:00-08:59),ศุกร์,rainy,5,1.0,3.0,6.0,0.625,1.0,ต่ำ
นครพนม,เร่งด่วนเช้า (06:00-08:59),ศุกร์,summer,2,0.0,1.0,1.0,0.25,0.3125,ต่ำ
นครพนม,เร่งด่วนเช้า (06:00-08:59),ศุกร์,winter,6,1.0,3.0,6.0,0.75,1.125,ต่ำ
นครพนม,เร่งด่วนเช้า (06:00-08:59),อังคาร,rainy,9,1.0,15.0,18.0,1.125,2.25,ปานกลาง
นครพนม,เร่งด่วนเช้า (06:00-08:59),อังคาร,summer,2,1.0,1.0,4.0,0.25,0.5,ต่ำ
นครพนม,เร่งด่วนเช้า (06:00-08:59),อังคาร,winter,5,2.0,3.0,9.0,0.625,1.1875,ต่ำ
นครพนม,เร่งด่วนเช้า (06:00-08:59),อาทิตย์,rainy,6,0.0,5.0,6.0,0.75,1.125,ต่ำ
นครพนม,เร่งด่วนเช้า (06:00-08:59),อาทิตย์,summer,5,1.0,7.0,8.0,0.625,1.125,ต่ำ
นครพนม,เร่งด่วนเช้า (06:00-08:59),อาทิตย์,winter,1,0.0,1.0,1.0,0.125,0.1875,ต่ำ
นครพนม,เร่งด่วนเช้า (06:00-08:59),เสาร์,rainy,11,6.0,6.0,21.0,1.375,2.6875,ปานกลาง
นครพนม,เร่งด่วนเช้า (06:00-08:59),เสาร์,summer,4,0.0,1.0,1.0,0.5,0.5625,ต่ำ
นครพนม,เร่งด่วนเช้า (06:00-08:59),เสาร์,winter,6,1.0,3.0,6.0,0.75,1.125,ต่ำ
นครพนม,เร่งด่วนเย็น (16:00-18:59),จันทร์,rainy,8,2.0,5.0,11.0,1.0,1.6875,ปานกลาง
นครพนม,เร่งด่วนเย็น (16:00-18:59),จันทร์,summer,4,2.0,6.0,13.0,0.5,1.3125,ต่ำ
นครพนม,เร่งด่วนเย็น (16:00-18:59),จันทร์,winter,2,0.0,2.0,3.0,0.25,0.4375,ต่ำ
นครพนม,เร่งด่วนเย็น (16:00-18:59),พฤหัสบดี,rainy,5,2.0,12.0,17.0,0.625,1.6875,ปานกลาง
นครพนม,เร่งด่วนเย็น (16:00-18:59),พฤหัสบดี,summer,4,3.0,6.0,17.0,0.5,1.5625,ต่ำ
นครพนม,เร่งด่วนเย็น (16:00-18:59),พฤหัสบดี,winter,7,4.0,6.0,19.0,0.875,2.0625,ปานกลาง
นครพนม,เร่งด่วนเย็น (16:00-18:59),พุธ,rainy,7,7.0,7.0,27.0,0.875,2.5625,ปานกลาง
นครพนม,เร่งด่วนเย็น (16:00-18:59),พุธ,summer,8,2.0,8.0,18.0,1.0,2.125,ปานกลาง
นครพนม,เร่งด่วนเย็น (16:00-18:59),พุธ,winter,9,4.0,11.0,22.0,1.125,2.5,ปานกลาง
นครพนม,เร่งด่วนเย็น (16:00-18:59),ศุกร์,rainy,3,0.0,2.0,3.0,0.375,0.5625,ต่ำ
นครพนม,เร่งด่วนเย็น (16:00-18:59),ศุกร์,summer,2,0.0,2.0,2.0,0.25,0.375,ต่ำ
นครพนม,เร่งด่วนเย็น (16:00-18:59),ศุกร์,winter,5,2.0,7.0,14.0,0.625,1.5,ต่ำ
นครพนม,เร่งด่วนเย็น (16:00-18:59),อังคาร,rainy,6,1.0,2.0,6.0,0.75,1.125,ต่ำ
นครพนม,เร่งด่วนเย็น (16:00-18:59),อังคาร,summer,5,0.0,4.0,3.0,0.625,0.8125,ต่ำ
นครพนม,เร่งด่วนเย็น (16:00-18:59),อังคาร,winter,7,2.0,5.0,11.0,0.875,1.5625,ต่ำ
นครพนม,เร่งด่วนเย็น (16:00-18:59),อาทิตย์,rainy,8,2.0,5.0,8.0,1.0,1.5,ต่ำ
นครพนม,เร่งด่วนเย็น (16:00-18:59),อาทิตย์,summer,5,1.0,6.0,11.0,0.625,1.3125,ต่ำ
นครพนม,เร่งด่วนเย็น (16:00-18:59),อาทิตย์,winter,3,1.0,2.0,4.0,0.375,0.625,ต่ำ
นครพนม,เร่งด่วนเย็น (16:00-18:59),เสาร์,rainy,6,1.0,8.0,9.0,0.75,1.3125,ต่ำ
นครพนม,เร่งด่วนเย็น (16:00-18:59),เสาร์,summer,7,2.0,9.0,16.0,0.875,1.875,ปานกลาง
นครพนม,เร่งด่วนเย็น (16:00-18:59),เสาร์,winter,8,1.0,13.0,17.0,1.0,2.0625,ปานกลาง
นครราชสีมา,กลางดึก (00:00-05:59),จันทร์,rainy,59,6.0,85.0,87.0,7.375,12.8125,สูงมาก
นครราชสีมา,กลางดึก (00:00-05:59),จันทร์,summer,52,7.0,47.0,70.0,6.5,10.875,สูงมาก
นครราชสีมา,กลางดึก (00:00-05:59),จันทร์,winter,73,11.0,58.0,93.0,9.125,14.9375,สูงมาก
นครราชสีมา,กลางดึก (00:00-05:59),พฤหัสบดี,rainy,97,10.0,97.0,131.0,12.125,20.3125,สูงมาก
นครราชสีมา,กลางดึก (00:00-05:59),พฤหัสบดี,summer,72,6.0,57.0,58.0,9.0,12.625,สูงมาก
นครราชสีมา,กลางดึก (00:00-05:59),พฤหัสบดี,winter,61,7.0,70.0,88.0,7.625,13.125,สูงมาก
นครราชสีมา,กลางดึก (00:00-05:59),พุธ,rainy,68,5.0,51.0,61.0,8.5,12.3125,สูงมาก
นครราชสีมา,กลางดึก (00:00-05:59),พุธ,summer,58,3.0,62.0,68.0,7.25,11.5,สูงมาก
นครราชสีมา,กลางดึก (00:00-05:59),พุธ,winter,66,12.0,46.0,78.0,8.25,13.125,สูงมาก
นครราชสีมา,กลางดึก (00:00-05:59),ศุกร์,rainy,69,3.0,44.0,48.0,8.625,11.625,สูงมาก
นครราชสีมา,กลางดึก (00:00-05:59),ศุกร์,summer,73,9.0,111.0,145.0,9.125,18.1875,สูงมาก
นครราชสีมา,กลางดึก (00:00-05:59),ศุกร์,winter,66,10.0,58.0,91.0,8.25,13.9375,สูงมาก
นครราชสีมา,กลางดึก (00:00-05:59),อังคาร,rainy,62,8.0,63.0,90.0,7.75,13.375,สูงมาก
นครราชสีมา,กลางดึก (00:00-05:59),อังคาร,summer,67,5.0,105.0,119.0,8.375,15.8125,สูงมาก
นครราชสีมา,กลางดึก (00:00-05:59),อังคาร,winter,79,10.0,63.0,96.0,9.875,15.875,สูงมาก
นครราชสีมา,กลางดึก (00:00-05:59),อาทิตย์,rainy,83,5.0,78.0,91.0,10.375,16.0625,สูงมาก
นครราชสีมา,กลางดึก (00:00-05:59),อาทิตย์,summer,69,8.0,59.0,85.0,8.625,13.9375,สูงมาก
นครราชสีมา,กลางดึก (00:00-05:59),อาทิตย์,winter,79,10.0,106.0,116.0,9.875,17.125,สูงมาก
นครราชสีมา,กลางดึก (00:00-05:59),เสาร์,rainy,72,19.0,102.0,162.0,9.0,19.125,สูงมาก
นครราชสีมา,กลางดึก (00:00-05:59),เสาร์,summer,52,7.0,55.0,67.0,6.5,10.6875,สูงมาก
นครราชสีมา,กลางดึก (00:00-05:59),เสาร์,winter,90,9.0,87.0,113.0,11.25,18.3125,สูงมาก
นครราชสีมา,กลางวัน (09:00-15:59),จันทร์,rainy,134,2.0,88.0,104.0,16.75,23.25,สูงมาก
นครราชสีมา,กลางวัน (09:00-15:59),จันทร์,summer,121,6.0,81.0,99.0,15.125,21.3125,สูงมาก
นครราชสีมา,กลางวัน (09:00-15:59),จันทร์,winter,130,16.0,104.0,149.0,16.25,25.5625,สูงมาก
นครราชสีมา,กลางวัน (09:00-15:59),พฤหัสบดี,rainy,136,7.0,118.0,129.0,17.0,25.0625,สูงมาก
นครราชสีมา,กลางวัน (09:00-15:59),พฤหัสบดี,summer,110,6.0,82.0,94.0,13.75,19.625,สูงมาก
นครราชสีมา,กลางวัน (09:00-15:59),พฤหัสบดี,winter,123,13.0,60.0,102.0,15.375,21.75,สูงมาก
นครราชสีมา,กลางวัน (09:00-15:59),พุธ,rainy,126,2.0,89.0,85.0,15.75,21.0625,สูงมาก
นครราชสีมา,กลางวัน (09:00-15:59),พุธ,summer,103,9.0,67.0,96.0,12.875,18.875,สูงมาก
นครราชสีมา,กลางวัน (09:00-15:59),พุธ,winter,110,15.0,136.0,149.0,13.75,23.0625,สูงมาก
นครราชสีมา,กลางวัน (09:00-15:59),ศุกร์,rainy,132,3.0,75.0,90.0,16.5,22.125,สูงมาก
นครราชสีมา,กลางวัน (09:00-15:59),ศุกร์,summer,107,5.0,94.0,106.0,13.375,20.0,สูงมาก
นครราชสีมา,กลางวัน (09:00-15:59),ศุกร์,winter,106,9.0,67.0,84.0,13.25,18.5,สูงมาก
นครราชสีมา,กลางวัน (09:00-15:59),อังคาร,rainy,155,14.0,85.0,116.0,19.375,26.625,สูงมาก
นครราชสีมา,กลางวัน (09:00-15:59),อังคาร,summer,121,4.0,112.0,127.0,15.125,23.0625,สูงมาก
นครราชสีมา,กลางวัน (09:00-15:59),อังคาร,winter,112,18.0,113.0,153.0,14.0,23.5625,สูงมาก
นครราชสีมา,กลางวัน (09:00-15:59),อาทิตย์,rainy,119,7.0,105.0,144.0,14.875,23.875,สูงมาก
นครราชสีมา,กลางวัน (09:00-15:59),อาทิตย์,summer,118,4.0,119.0,117.0,14.75,22.0625,สูงมาก
นครราชสีมา,กลางวัน (09:00-15:59),อาทิตย์,winter,116,10.0,97.0,111.0,14.5,21.4375,สูงมาก
นครราชสีมา,กลางวัน (09:00-15:59),เสาร์,rainy,107,11.0,83.0,112.0,13.375,20.375,สูงมาก
นครราชสีมา,กลางวัน (09:00-15:59),เสาร์,summer,103,9.0,90.0,115.0,12.875,20.0625,สูงมาก
นครราชสีมา,กลางวัน (09:00-15:59),เสาร์,winter,125,17.0,110.0,168.0,15.625,26.125,สูงมาก
นครราชสีมา,หัวค่ำ-ดึก (19:00-23:59),จันทร์,rainy,63,6.0,56.0,76.0,7.875,12.625,สูงมาก
นครราชสีมา,หัวค่ำ-ดึก (19:00-23:59),จันทร์,summer,59,10.0,49.0,77.0,7.375,12.1875,สูงมาก
นครราชสีมา,หัวค่ำ-ดึก (19:00-23:59),จันทร์,winter,52,9.0,41.0,48.0,6.5,9.5,สูงมาก
นครราชสีมา,หัวค่ำ-ดึก (19:00-23:59),พฤหัสบดี,rainy,58,9.0,41.0,72.0,7.25,11.75,สูงมาก
นครราชสีมา,หัวค่ำ-ดึก (19:00-23:59),พฤหัสบดี,summer,49,6.0,54.0,70.0,6.125,10.5,สูงมาก
นครราชสีมา,หัวค่ำ-ดึก (19:00-23:59),พฤหัสบดี,winter,66,9.0,44.0,73.0,8.25,12.8125,สูงมาก
นครราชสีมา,หัวค่ำ-ดึก (19:00-23:59),พุธ,rainy,66,13.0,59.0,90.0,8.25,13.875,สูงมาก
นครราชสีมา,หัวค่ำ-ดึก (19:00-23:59),พุธ,summer,47,4.0,69.0,74.0,5.875,10.5,สูงมาก
นครราชสีมา,หัวค่ำ-ดึก (19:00-23:59),พุธ,winter,56,12.0,41.0,80.0,7.0,12.0,สูงมาก
นครราชสีมา,หัวค่ำ-ดึก (19:00-23:59),ศุกร์,rainy,78,7.0,64.0,89.0,9.75,15.3125,สูงมาก
นครราชสีมา,หัวค่ำ-ดึก (19:00-23:59),ศุกร์,summer,67,8.0,73.0,86.0,8.375,13.75,สูงมาก
นครราชสีมา,หัวค่ำ-ดึก (19:00-23:59),ศุกร์,winter,62,9.0,63.0,77.0,7.75,12.5625,สูงมาก
นครราชสีมา,หัวค่ำ-ดึก (19:00-23:59),อังคาร,rainy,62,8.0,51.0,70.0,7.75,12.125,สูงมาก
นครราชสีมา,หัวค่ำ-ดึก (19:00-23:59),อังคาร,summer,36,6.0,25.0,33.0,4.5,6.5625,สูงมาก
นครราชสีมา,หัวค่ำ-ดึก (19:00-23:59),อังคาร,winter,53,10.0,39.0,69.0,6.625,10.9375,สูงมาก
นครราชสีมา,หัวค่ำ-ดึก (19:00-23:59),อาทิตย์,rainy,86,12.0,73.0,113.0,10.75,17.8125,สูงมาก
นครราชสีมา,หัวค่ำ-ดึก (19:00-23:59),อาทิตย์,summer,39,5.0,52.0,67.0,4.875,9.0625,สูงมาก
นครราชสีมา,หัวค่ำ-ดึก (19:00-23:59),อาทิตย์,winter,66,18.0,61.0,112.0,8.25,15.25,สูงมาก
นครราชสีมา,หัวค่ำ-ดึก (19:00-23:59),เสาร์,rainy,69,8.0,49.0,74.0,8.625,13.25,สูงมาก
นครราชสีมา,หัวค่ำ-ดึก (19:00-23:59),เสาร์,summer,52,8.0,42.0,66.0,6.5,10.625,สูงมาก
นครราชสีมา,หัวค่ำ-ดึก (19:00-23:59),เสาร์,winter,64,22.0,42.0,115.0,8.0,15.1875,สูงมาก
นครราชสีมา,เร่งด่วนเช้า (06:00-08:59),จันทร์,rainy,57,2.0,42.0,48.0,7.125,10.125,สูงมาก
นครราชสีมา,เร่งด่วนเช้า (06:00-08:59),จันทร์,summer,39,4.0,62.0,72.0,4.875,9.375,สูงมาก
นครราชสีมา,เร่งด่วนเช้า (06:00-08:59),จันทร์,winter,51,5.0,60.0,58.0,6.375,10.0,สูงมาก
นครราชสีมา,เร่งด่วนเช้า (06:00-08:59),พฤหัสบดี,rainy,66,12.0,36.0,63.0,8.25,12.1875,สูงมาก
นครราชสีมา,เร่งด่วนเช้า (06:00-08:59),พฤหัสบดี,summer,43,5.0,39.0,53.0,5.375,8.6875,สูงมาก
นครราชสีมา,เร่งด่วนเช้า (06:00-08:59),พฤหัสบดี,winter,52,12.0,52.0,93.0,6.5,12.3125,สูงมาก
นครราชสีมา,เร่งด่วนเช้า (06:00-08:59),พุธ,rainy,52,7.0,28.0,48.0,6.5,9.5,สูงมาก
นครราชสีมา,เร่งด่วนเช้า (06:00-08:59),พุธ,summer,53,5.0,44.0,59.0,6.625,10.3125,สูงมาก
นครราชสีมา,เร่งด่วนเช้า (06:00-08:59),พุธ,winter,50,6.0,94.0,107.0,6.25,12.9375,สูงมาก
นครราชสีมา,เร่งด่วนเช้า (06:00-08:59),ศุกร์,rainy,49,4.0,32.0,48.0,6.125,9.125,สูงมาก
นครราชสีมา,เร่งด่วนเช้า (06:00-08:59),ศุกร์,summer,44,13.0,24.0,58.0,5.5,9.125,สูงมาก
นครราชสีมา,เร่งด่วนเช้า (06:00-08:59),ศุกร์,winter,50,10.0,49.0,78.0,6.25,11.125,สูงมาก
นครราชสีมา,เร่งด่วนเช้า (06:00-08:59),อังคาร,rainy,51,3.0,42.0,50.0,6.375,9.5,สูงมาก
นครราชสีมา,เร่งด่วนเช้า (06:00-08:59),อังคาร,summer,44,5.0,40.0,54.0,5.5,8.875,สูงมาก
นครราชสีมา,เร่งด่วนเช้า (06:00-08:59),อังคาร,winter,32,3.0,35.0,32.0,4.0,6.0,สูงมาก
นครราชสีมา,เร่งด่วนเช้า (06:00-08:59),อาทิตย์,rainy,48,2.0,26.0,32.0,6.0,8.0,สูงมาก
นครราชสีมา,เร่งด่วนเช้า (06:00-08:59),อาทิตย์,summer,49,4.0,47.0,59.0,6.125,9.8125,สูงมาก
นครราชสีมา,เร่งด่วนเช้า (06:00-08:59),อาทิตย์,winter,37,9.0,42.0,71.0,4.625,9.0625,สูงมาก
นครราชสีมา,เร่งด่วนเช้า (06:00-08:59),เสาร์,rainy,50,2.0,44.0,37.0,6.25,8.5625,สูงมาก
นครราชสีมา,เร่งด่วนเช้า (06:00-08:59),เสาร์,summer,43,4.0,40.0,55.0,5.375,8.8125,สูงมาก
นครราชสีมา,เร่งด่วนเช้า (06:00-08:59),เสาร์,winter,33,3.0,23.0,26.0,4.125,5.75,สูงมาก
นครราชสีมา,เร่งด่วนเย็น (16:00-18:59),จันทร์,rainy,53,1.0,49.0,45.0,6.625,9.4375,สูงมาก
นครราชสีมา,เร่งด่วนเย็น (16:00-18:59),จันทร์,summer,57,7.0,55.0,74.0,7.125,11.75,สูงมาก
นครราชสีมา,เร่งด่วนเย็น (16:00-18:59),จันทร์,winter,51,9.0,34.0,66.0,6.375,10.5,สูงมาก
นครราชสีมา,เร่งด่วนเย็น (16:00-18:59),พฤหัสบดี,rainy,49,4.0,66.0,64.0,6.125,10.125,สูงมาก
นครราชสีมา,เร่งด่วนเย็น (16:00-18:59),พฤหัสบดี,summer,48,7.0,43.0,69.0,6.0,10.3125,สูงมาก
นครราชสีมา,เร่งด่วนเย็น (16:00-18:59),พฤหัสบดี,winter,56,7.0,73.0,105.0,7.0,13.5625,สูงมาก
นครราชสีมา,เร่งด่วนเย็น (16:00-18:59),พุธ,rainy,51,9.0,53.0,85.0,6.375,11.6875,สูงมาก
นครราชสีมา,เร่งด่วนเย็น (16:00-18:59),พุธ,summer,44,4.0,34.0,40.0,5.5,8.0,สูงมาก
นครราชสีมา,เร่งด่วนเย็น (16:00-18:59),พุธ,winter,45,4.0,36.0,49.0,5.625,8.6875,สูงมาก
นครราชสีมา,เร่งด่วนเย็น (16:00-18:59),ศุกร์,rainy,39,6.0,32.0,51.0,4.875,8.0625,สูงมาก
นครราชสีมา,เร่งด่วนเย็น (16:00-18:59),ศุกร์,summer,44,3.0,33.0,47.0,5.5,8.4375,สูงมาก
นครราชสีมา,เร่งด่วนเย็น (16:00-18:59),ศุกร์,winter,50,8.0,41.0,59.0,6.25,9.9375,สูงมาก
นครราชสีมา,เร่งด่วนเย็น (16:00-18:59),อังคาร,rainy,55,3.0,41.0,50.0,6.875,10.0,สูงมาก
นครราชสีมา,เร่งด่วนเย็น (16:00-18:59),อังคาร,summer,47,3.0,35.0,46.0,5.875,8.75,สูงมาก
นครราชสีมา,เร่งด่วนเย็น (16:00-18:59),อังคาร,winter,40,8.0,28.0,56.0,5.0,8.5,สูงมาก
นครราชสีมา,เร่งด่วนเย็น (16:00-18:59),อาทิตย์,rainy,58,11.0,50.0,76.0,7.25,12.0,สูงมาก
นครราชสีมา,เร่งด่วนเย็น (16:00-18:59),อาทิตย์,summer,44,2.0,42.0,48.0,5.5,8.5,สูงมาก
นครราชสีมา,เร่งด่วนเย็น (16:00-18:59),อาทิตย์,winter,65,18.0,59.0,113.0,8.125,15.1875,สูงมาก
นครราชสีมา,เร่งด่วนเย็น (16:00-18:59),เสาร์,rainy,36,2.0,21.0,27.0,4.5,6.1875,สูงมาก
นครราชสีมา,เร่งด่วนเย็น (16:00-18:59),เสาร์,summer,43,2.0,37.0,45.0,5.375,8.1875,สูงมาก
นครราชสีมา,เร่งด่วนเย็น (16:00-18:59),เสาร์,winter,58,9.0,51.0,87.0,7.25,12.6875,สูงมาก
นครศรีธรรมราช,กลางดึก (00:00-05:59),จันทร์,rainy,12,2.0,3.0,9.0,1.5,2.0625,ปานกลาง
นครศรีธรรมราช,กลางดึก (00:00-05:59),จันทร์,summer,16,3.0,16.0,31.0,2.0,3.9375,สูง
นครศรีธรรมราช,กลางดึก (00:00-05:59),จันทร์,winter,14,0.0,4.0,4.0,1.75,2.0,ปานกลาง
นครศรีธรรมราช,กลางดึก (00:00-05:59),พฤหัสบดี,rainy,26,8.0,24.0,52.0,3.25,6.5,สูงมาก
นครศรีธรรมราช,กลางดึก (00:00-05:59),พฤหัสบดี,summer,20,1.0,17.0,20.0,2.5,3.75,สูง
นครศรีธรรมราช,กลางดึก (00:00-05:59),พฤหัสบดี,winter,26,0.0,24.0,29.0,3.25,5.0625,สูง
นครศรีธรรมราช,กลางดึก (00:00-05:59),พุธ,rainy,23,0.0,8.0,7.0,2.875,3.3125,สูง
นครศรีธรรมราช,กลางดึก (00:00-05:59),พุธ,summer,18,2.0,12.0,17.0,2.25,3.3125,สูง
นครศรีธรรมราช,กลางดึก (00:00-05:59),พุธ,winter,25,10.0,38.0,75.0,3.125,7.8125,สูงมาก
นครศรีธรรมราช,กลางดึก (00:00-05:59),ศุกร์,rainy,23,2.0,15.0,25.0,2.875,4.4375,สูง
นครศรีธรรมราช,กลางดึก (00:00-05:59),ศุกร์,summer,16,1.0,12.0,13.0,2.0,2.8125,ปานกลาง
นครศรีธรรมราช,กลางดึก (00:00-05:59),ศุกร์,winter,24,4.0,16.0,31.0,3.0,4.9375,สูง
นครศรีธรรมราช,กลางดึก (00:00-05:59),อังคาร,rainy,25,0.0,22.0,18.0,3.125,4.25,สูง
นครศรีธรรมราช,กลางดึก (00:00-05:59),อังคาร,summer,20,2.0,20.0,22.0,2.5,3.875,สูง
นครศรีธรรมราช,กลางดึก (00:00-05:59),อังคาร,winter,32,5.0,34.0,45.0,4.0,6.8125,สูงมาก
นครศรีธรรมราช,กลางดึก (00:00-05:59),อาทิตย์,rainy,21,1.0,12.0,12.0,2.625,3.375,สูง
นครศรีธรรมราช,กลางดึก (00:00-05:59),อาทิตย์,summer,29,9.0,20.0,48.0,3.625,6.625,สูงมาก
นครศรีธรรมราช,กลางดึก (00:00-05:59),อาทิตย์,winter,34,2.0,35.0,38.0,4.25,6.625,สูงมาก
นครศรีธรรมราช,กลางดึก (00:00-05:59),เสาร์,rainy,36,3.0,28.0,37.0,4.5,6.8125,สูงมาก
นครศรีธรรมราช,กลางดึก (00:00-05:59),เสาร์,summer,10,0.0,11.0,11.0,1.25,1.9375,ปานกลาง
นครศรีธรรมราช,กลางดึก (00:00-05:59),เสาร์,winter,28,6.0,24.0,48.0,3.5,6.5,สูงมาก
นครศรีธรรมราช,กลางวัน (09:00-15:59),จันทร์,rainy,72,6.0,101.0,130.0,9.0,17.125,สูงมาก
นครศรีธรรมราช,กลางวัน (09:00-15:59),จันทร์,summer,58,3.0,64.0,78.0,7.25,12.125,สูงมาก
นครศรีธรรมราช,กลางวัน (09:00-15:59),จันทร์,winter,70,12.0,90.0,136.0,8.75,17.25,สูงมาก
นครศรีธรรมราช,กลางวัน (09:00-15:59),พฤหัสบดี,rainy,55,13.0,89.0,127.0,6.875,14.8125,สูงมาก
นครศรีธรรมราช,กลางวัน (09:00-15:59),พฤหัสบดี,summer,63,4.0,74.0,95.0,7.875,13.8125,สูงมาก
นครศรีธรรมราช,กลางวัน (09:00-15:59),พฤหัสบดี,winter,66,5.0,65.0,77.0,8.25,13.0625,สูงมาก
นครศรีธรรมราช,กลางวัน (09:00-15:59),พุธ,rainy,73,11.0,91.0,134.0,9.125,17.5,สูงมาก
นครศรีธรรมราช,กลางวัน (09:00-15:59),พุธ,summer,55,6.0,63.0,84.0,6.875,12.125,สูงมาก
นครศรีธรรมราช,กลางวัน (09:00-15:59),พุธ,winter,56,5.0,61.0,84.0,7.0,12.25,สูงมาก
นครศรีธรรมราช,กลางวัน (09:00-15:59),ศุกร์,rainy,62,11.0,57.0,100.0,7.75,14.0,สูงมาก
นครศรีธรรมราช,กลางวัน (09:00-15:59),ศุกร์,summer,44,2.0,47.0,62.0,5.5,9.375,สูงมาก
นครศรีธรรมราช,กลางวัน (09:00-15:59),ศุกร์,winter,81,10.0,85.0,106.0,10.125,16.75,สูงมาก
นครศรีธรรมราช,กลางวัน (09:00-15:59),อังคาร,rainy,71,7.0,74.0,108.0,8.875,15.625,สูงมาก
นครศรีธรรมราช,กลางวัน (09:00-15:59),อังคาร,summer,67,8.0,75.0,93.0,8.375,14.1875,สูงมาก
นครศรีธรรมราช,กลางวัน (09:00-15:59),อังคาร,winter,80,16.0,97.0,155.0,10.0,19.6875,สูงมาก
นครศรีธรรมราช,กลางวัน (09:00-15:59),อาทิตย์,rainy,58,11.0,95.0,120.0,7.25,14.75,สูงมาก
นครศรีธรรมราช,กลางวัน (09:00-15:59),อาทิตย์,summer,42,4.0,42.0,65.0,5.25,9.3125,สูงมาก
นครศรีธรรมราช,กลางวัน (09:00-15:59),อาทิตย์,winter,62,15.0,95.0,155.0,7.75,17.4375,สูงมาก
นครศรีธรรมราช,กลางวัน (09:00-15:59),เสาร์,rainy,57,6.0,47.0,72.0,7.125,11.625,สูงมาก
นครศรีธรรมราช,กลางวัน (09:00-15:59),เสาร์,summer,57,9.0,73.0,103.0,7.125,13.5625,สูงมาก
นครศรีธรรมราช,กลางวัน (09:00-15:59),เสาร์,winter,76,16.0,91.0,148.0,9.5,18.75,สูงมาก
นครศรีธรรมราช,หัวค่ำ-ดึก (19:00-23:59),จันทร์,rainy,25,7.0,18.0,43.0,3.125,5.8125,สูงมาก
นครศรีธรรมราช,หัวค่ำ-ดึก (19:00-23:59),จันทร์,summer,24,8.0,23.0,50.0,3.0,6.125,สูงมาก
นครศรีธรรมราช,หัวค่ำ-ดึก (19:00-23:59),จันทร์,winter,27,3.0,38.0,50.0,3.375,6.5,สูงมาก
นครศรีธรรมราช,หัวค่ำ-ดึก (19:00-23:59),พฤหัสบดี,rainy,27,10.0,13.0,41.0,3.375,5.9375,สูงมาก
นครศรีธรรมราช,หัวค่ำ-ดึก (19:00-23:59),พฤหัสบดี,summer,23,11.0,22.0,54.0,2.875,6.25,สูงมาก
นครศรีธรรมราช,หัวค่ำ-ดึก (19:00-23:59),พฤหัสบดี,winter,29,7.0,36.0,65.0,3.625,7.6875,สูงมาก
นครศรีธรรมราช,หัวค่ำ-ดึก (19:00-23:59),พุธ,rainy,14,3.0,12.0,15.0,1.75,2.6875,ปานกลาง
นครศรีธรรมราช,หัวค่ำ-ดึก (19:00-23:59),พุธ,summer,21,2.0,32.0,35.0,2.625,4.8125,สูง
นครศรีธรรมราช,หัวค่ำ-ดึก (19:00-23:59),พุธ,winter,30,7.0,22.0,46.0,3.75,6.625,สูงมาก
นครศรีธรรมราช,หัวค่ำ-ดึก (19:00-23:59),ศุกร์,rainy,18,8.0,14.0,41.0,2.25,4.8125,สูง
นครศรีธรรมราช,หัวค่ำ-ดึก (19:00-23:59),ศุกร์,summer,24,8.0,20.0,51.0,3.0,6.1875,สูงมาก
นครศรีธรรมราช,หัวค่ำ-ดึก (19:00-23:59),ศุกร์,winter,37,11.0,40.0,87.0,4.625,10.0625,สูงมาก
นครศรีธรรมราช,หัวค่ำ-ดึก (19:00-23:59),อังคาร,rainy,30,7.0,35.0,56.0,3.75,7.25,สูงมาก
นครศรีธรรมราช,หัวค่ำ-ดึก (19:00-23:59),อังคาร,summer,17,3.0,17.0,31.0,2.125,4.0625,สูง
นครศรีธรรมราช,หัวค่ำ-ดึก (19:00-23:59),อังคาร,winter,28,3.0,36.0,44.0,3.5,6.25,สูงมาก
นครศรีธรรมราช,หัวค่ำ-ดึก (19:00-23:59),อาทิตย์,rainy,33,6.0,37.0,51.0,4.125,7.3125,สูงมาก
นครศรีธรรมราช,หัวค่ำ-ดึก (19:00-23:59),อาทิตย์,summer,18,9.0,19.0,47.0,2.25,5.1875,สูงมาก
นครศรีธรรมราช,หัวค่ำ-ดึก (19:00-23:59),อาทิตย์,winter,29,5.0,43.0,62.0,3.625,7.5,สูงมาก
นครศรีธรรมราช,หัวค่ำ-ดึก (19:00-23:59),เสาร์,rainy,29,7.0,30.0,50.0,3.625,6.75,สูงมาก
นครศรีธรรมราช,หัวค่ำ-ดึก (19:00-23:59),เสาร์,summer,19,3.0,8.0,19.0,2.375,3.5625,สูง
นครศรีธรรมราช,หัวค่ำ-ดึก (19:00-23:59),เสาร์,winter,29,5.0,25.0,37.0,3.625,5.9375,สูงมาก
นครศรีธรรมราช,เร่งด่วนเช้า (06:00-08:59),จันทร์,rainy,32,9.0,31.0,56.0,4.0,7.5,สูงมาก
นครศรีธรรมราช,เร่งด่วนเช้า (06:00-08:59),จันทร์,summer,20,5.0,28.0,49.0,2.5,5.5625,สูงมาก
นครศรีธรรมราช,เร่งด่วนเช้า (06:00-08:59),จันทร์,winter,36,13.0,43.0,77.0,4.5,9.3125,สูงมาก
นครศรีธรรมราช,เร่งด่วนเช้า (06:00-08:59),พฤหัสบดี,rainy,27,9.0,38.0,74.0,3.375,8.0,สูงมาก
นครศรีธรรมราช,เร่งด่วนเช้า (06:00-08:59),พฤหัสบดี,summer,23,5.0,23.0,39.0,2.875,5.3125,สูงมาก
นครศรีธรรมราช,เร่งด่วนเช้า (06:00-08:59),พฤหัสบดี,winter,29,0.0,22.0,23.0,3.625,5.0625,สูง
นครศรีธรรมราช,เร่งด่วนเช้า (06:00-08:59),พุธ,rainy,33,9.0,33.0,62.0,4.125,8.0,สูงมาก
นครศรีธรรมราช,เร่งด่วนเช้า (06:00-08:59),พุธ,summer,13,4.0,14.0,29.0,1.625,3.4375,สูง
นครศรีธรรมราช,เร่งด่วนเช้า (06:00-08:59),พุธ,winter,24,6.0,50.0,73.0,3.0,7.5625,สูงมาก
นครศรีธรรมราช,เร่งด่วนเช้า (06:00-08:59),ศุกร์,rainy,25,5.0,54.0,70.0,3.125,7.5,สูงมาก
นครศรีธรรมราช,เร่งด่วนเช้า (06:00-08:59),ศุกร์,summer,12,2.0,3.0,9.0,1.5,2.0625,ปานกลาง
นครศรีธรรมราช,เร่งด่วนเช้า (06:00-08:59),ศุกร์,winter,26,4.0,22.0,31.0,3.25,5.1875,สูงมาก
นครศรีธรรมราช,เร่งด่วนเช้า (06:00-08:59),อังคาร,rainy,25,3.0,36.0,49.0,3.125,6.1875,สูงมาก
นครศรีธรรมราช,เร่งด่วนเช้า (06:00-08:59),อังคาร,summer,15,4.0,9.0,21.0,1.875,3.1875,สูง
นครศรีธรรมราช,เร่งด่วนเช้า (06:00-08:59),อังคาร,winter,21,4.0,17.0,29.0,2.625,4.4375,สูง
นครศรีธรรมราช,เร่งด่วนเช้า (06:00-08:59),อาทิตย์,rainy,22,6.0,26.0,49.0,2.75,5.8125,สูงมาก
นครศรีธรรมราช,เร่งด่วนเช้า (06:00-08:59),อาทิตย์,summer,11,2.0,8.0,13.0,1.375,2.1875,ปานกลาง
นครศรีธรรมราช,เร่งด่วนเช้า (06:00-08:59),อาทิตย์,winter,24,6.0,24.0,43.0,3.0,5.6875,สูงมาก
นครศรีธรรมราช,เร่งด่วนเช้า (06:00-08:59),เสาร์,rainy,21,1.0,16.0,20.0,2.625,3.875,สูง
นครศรีธรรมราช,เร่งด่วนเช้า (06:00-08:59),เสาร์,summer,15,3.0,21.0,30.0,1.875,3.75,สูง
นครศรีธรรมราช,เร่งด่วนเช้า (06:00-08:59),เสาร์,winter,20,1.0,20.0,26.0,2.5,4.125,สูง
นครศรีธรรมราช,เร่งด่วนเย็น (16:00-18:59),จันทร์,rainy,28,8.0,31.0,61.0,3.5,7.3125,สูงมาก
นครศรีธรรมราช,เร่งด่วนเย็น (16:00-18:59),จันทร์,summer,11,2.0,15.0,24.0,1.375,2.875,ปานกลาง
นครศรีธรรมราช,เร่งด่วนเย็น (16:00-18:59),จันทร์,winter,29,6.0,55.0,75.0,3.625,8.3125,สูงมาก
นครศรีธรรมราช,เร่งด่วนเย็น (16:00-18:59),พฤหัสบดี,rainy,30,12.0,42.0,79.0,3.75,8.6875,สูงมาก
นครศรีธรรมราช,เร่งด่วนเย็น (16:00-18:59),พฤหัสบดี,summer,24,5.0,22.0,42.0,3.0,5.625,สูงมาก
นครศรีธรรมราช,เร่งด่วนเย็น (16:00-18:59),พฤหัสบดี,winter,14,0.0,21.0,21.0,1.75,3.0625,สูง
นครศรีธรรมราช,เร่งด่วนเย็น (16:00-18:59),พุธ,rainy,28,4.0,27.0,41.0,3.5,6.0625,สูงมาก
นครศรีธรรมราช,เร่งด่วนเย็น (16:00-18:59),พุธ,summer,23,1.0,24.0,30.0,2.875,4.75,สูง
นครศรีธรรมราช,เร่งด่วนเย็น (16:00-18:59),พุธ,winter,20,4.0,12.0,23.0,2.5,3.9375,สูง
นครศรีธรรมราช,เร่งด่วนเย็น (16:00-18:59),ศุกร์,rainy,24,2.0,48.0,57.0,3.0,6.5625,สูงมาก
นครศรีธรรมราช,เร่งด่วนเย็น (16:00-18:59),ศุกร์,summer,27,5.0,39.0,46.0,3.375,6.25,สูงมาก
นครศรีธรรมราช,เร่งด่วนเย็น (16:00-18:59),ศุกร์,winter,33,5.0,55.0,79.0,4.125,9.0625,สูงมาก
นครศรีธรรมราช,เร่งด่วนเย็น (16:00-18:59),อังคาร,rainy,19,4.0,26.0,45.0,2.375,5.1875,สูงมาก
นครศรีธรรมราช,เร่งด่วนเย็น (16:00-18:59),อังคาร,summer,23,3.0,36.0,43.0,2.875,5.5625,สูงมาก
นครศรีธรรมราช,เร่งด่วนเย็น (16:00-18:59),อังคาร,winter,22,3.0,23.0,30.0,2.75,4.625,สูง
นครศรีธรรมราช,เร่งด่วนเย็น (16:00-18:59),อาทิตย์,rainy,26,5.0,26.0,45.0,3.25,6.0625,สูงมาก
นครศรีธรรมราช,เร่งด่วนเย็น (16:00-18:59),อาทิตย์,summer,18,3.0,22.0,31.0,2.25,4.1875,สูง
นครศรีธรรมราช,เร่งด่วนเย็น (16:00-18:59),อาทิตย์,winter,24,5.0,51.0,66.0,3.0,7.125,สูงมาก
นครศรีธรรมราช,เร่งด่วนเย็น (16:00-18:59),เสาร์,rainy,22,4.0,24.0,34.0,2.75,4.875,สูง
นครศรีธรรมราช,เร่งด่วนเย็น (16:00-18:59),เสาร์,summer,26,2.0,37.0,50.0,3.25,6.375,สูงมาก
นครศรีธรรมราช,เร่งด่วนเย็น (16:00-18:59),เสาร์,winter,25,3.0,38.0,51.0,3.125,6.3125,สูงมาก
นครสวรรค์,กลางดึก (00:00-05:59),จันทร์,rainy,15,6.0,11.0,27.0,1.875,3.5625,สูง
นครสวรรค์,กลางดึก (00:00-05:59),จันทร์,summer,12,1.0,7.0,10.0,1.5,2.125,ปานกลาง
นครสวรรค์,กลางดึก (00:00-05:59),จันทร์,winter,18,5.0,22.0,30.0,2.25,4.125,สูง
นครสวรรค์,กลางดึก (00:00-05:59),พฤหัสบดี,rainy,22,6.0,31.0,47.0,2.75,5.6875,สูงมาก
นครสวรรค์,กลางดึก (00:00-05:59),พฤหัสบดี,summer,16,4.0,19.0,31.0,2.0,3.9375,สูง
นครสวรรค์,กลางดึก (00:00-05:59),พฤหัสบดี,winter,17,3.0,11.0,19.0,2.125,3.3125,สูง
นครสวรรค์,กลางดึก (00:00-05:59),พุธ,rainy,24,7.0,18.0,38.0,3.0,5.375,สูงมาก
นครสวรรค์,กลางดึก (00:00-05:59),พุธ,summer,11,2.0,9.0,13.0,1.375,2.1875,ปานกลาง
นครสวรรค์,กลางดึก (00:00-05:59),พุธ,winter,20,4.0,24.0,28.0,2.5,4.25,สูง
นครสวรรค์,กลางดึก (00:00-05:59),ศุกร์,rainy,19,1.0,12.0,16.0,2.375,3.375,สูง
นครสวรรค์,กลางดึก (00:00-05:59),ศุกร์,summer,16,4.0,12.0,27.0,2.0,3.6875,สูง
นครสวรรค์,กลางดึก (00:00-05:59),ศุกร์,winter,17,8.0,10.0,33.0,2.125,4.1875,สูง
นครสวรรค์,กลางดึก (00:00-05:59),อังคาร,rainy,21,4.0,19.0,24.0,2.625,4.125,สูง
นครสวรรค์,กลางดึก (00:00-05:59),อังคาร,summer,17,7.0,11.0,35.0,2.125,4.3125,สูง
นครสวรรค์,กลางดึก (00:00-05:59),อังคาร,winter,18,4.0,12.0,31.0,2.25,4.1875,สูง
นครสวรรค์,กลางดึก (00:00-05:59),อาทิตย์,rainy,15,5.0,11.0,25.0,1.875,3.4375,สูง
นครสวรรค์,กลางดึก (00:00-05:59),อาทิตย์,summer,16,4.0,18.0,26.0,2.0,3.625,สูง
นครสวรรค์,กลางดึก (00:00-05:59),อาทิตย์,winter,16,2.0,13.0,19.0,2.0,3.1875,สูง
นครสวรรค์,กลางดึก (00:00-05:59),เสาร์,rainy,23,7.0,19.0,42.0,2.875,5.5,สูงมาก
นครสวรรค์,กลางดึก (00:00-05:59),เสาร์,summer,16,0.0,27.0,9.0,2.0,2.5625,ปานกลาง
นครสวรรค์,กลางดึก (00:00-05:59),เสาร์,winter,20,7.0,16.0,35.0,2.5,4.6875,สูง
นครสวรรค์,กลางวัน (09:00-15:59),จันทร์,rainy,47,2.0,39.0,43.0,5.875,8.5625,สูงมาก
นครสวรรค์,กลางวัน (09:00-15:59),จันทร์,summer,49,6.0,31.0,53.0,6.125,9.4375,สูงมาก
นครสวรรค์,กลางวัน (09:00-15:59),จันทร์,winter,58,7.0,54.0,79.0,7.25,12.1875,สูงมาก
นครสวรรค์,กลางวัน (09:00-15:59),พฤหัสบดี,rainy,44,2.0,28.0,38.0,5.5,7.875,สูงมาก
นครสวรรค์,กลางวัน (09:00-15:59),พฤหัสบดี,summer,43,7.0,31.0,58.0,5.375,9.0,สูงมาก
นครสวรรค์,กลางวัน (09:00-15:59),พฤหัสบดี,winter,78,10.0,66.0,95.0,9.75,15.6875,สูงมาก
นครสวรรค์,กลางวัน (09:00-15:59),พุธ,rainy,48,6.0,38.0,58.0,6.0,9.625,สูงมาก
นครสวรรค์,กลางวัน (09:00-15:59),พุธ,summer,35,9.0,27.0,57.0,4.375,7.9375,สูงมาก
นครสวรรค์,กลางวัน (09:00-15:59),พุธ,winter,49,5.0,43.0,67.0,6.125,10.3125,สูงมาก
นครสวรรค์,กลางวัน (09:00-15:59),ศุกร์,rainy,42,6.0,27.0,50.0,5.25,8.375,สูงมาก
นครสวรรค์,กลางวัน (09:00-15:59),ศุกร์,summer,49,8.0,30.0,50.0,6.125,9.25,สูงมาก
นครสวรรค์,กลางวัน (09:00-15:59),ศุกร์,winter,43,5.0,99.0,109.0,5.375,12.1875,สูงมาก
นครสวรรค์,กลางวัน (09:00-15:59),อังคาร,rainy,52,8.0,34.0,62.0,6.5,10.375,สูงมาก
นครสวรรค์,กลางวัน (09:00-15:59),อังคาร,summer,45,10.0,49.0,76.0,5.625,10.375,สูงมาก
นครสวรรค์,กลางวัน (09:00-15:59),อังคาร,winter,54,7.0,50.0,85.0,6.75,12.0625,สูงมาก
นครสวรรค์,กลางวัน (09:00-15:59),อาทิตย์,rainy,38,6.0,21.0,37.0,4.75,7.0625,สูงมาก
นครสวรรค์,กลางวัน (09:00-15:59),อาทิตย์,summer,24,8.0,27.0,43.0,3.0,5.6875,สูงมาก
นครสวรรค์,กลางวัน (09:00-15:59),อาทิตย์,winter,52,9.0,48.0,73.0,6.5,11.0625,สูงมาก
นครสวรรค์,กลางวัน (09:00-15:59),เสาร์,rainy,42,8.0,22.0,47.0,5.25,8.1875,สูงมาก
นครสวรรค์,กลางวัน (09:00-15:59),เสาร์,summer,38,3.0,33.0,37.0,4.75,7.0625,สูงมาก
นครสวรรค์,กลางวัน (09:00-15:59),เสาร์,winter,55,10.0,43.0,81.0,6.875,11.9375,สูงมาก
นครสวรรค์,หัวค่ำ-ดึก (19:00-23:59),จันทร์,rainy,28,4.0,23.0,33.0,3.5,5.5625,สูงมาก
นครสวรรค์,หัวค่ำ-ดึก (19:00-23:59),จันทร์,summer,21,4.0,17.0,30.0,2.625,4.5,สูง
นครสวรรค์,หัวค่ำ-ดึก (19:00-23:59),จันทร์,winter,20,3.0,18.0,24.0,2.5,4.0,สูง
นครสวรรค์,หัวค่ำ-ดึก (19:00-23:59),พฤหัสบดี,rainy,28,8.0,27.0,39.0,3.5,5.9375,สูงมาก
นครสวรรค์,หัวค่ำ-ดึก (19:00-23:59),พฤหัสบดี,summer,24,5.0,13.0,32.0,3.0,5.0,สูง
นครสวรรค์,หัวค่ำ-ดึก (19:00-23:59),พฤหัสบดี,winter,28,4.0,25.0,42.0,3.5,6.125,สูงมาก
นครสวรรค์,หัวค่ำ-ดึก (19:00-23:59),พุธ,rainy,21,7.0,17.0,39.0,2.625,5.0625,สูง
นครสวรรค์,หัวค่ำ-ดึก (19:00-23:59),พุธ,summer,15,7.0,11.0,36.0,1.875,4.125,สูง
นครสวรรค์,หัวค่ำ-ดึก (19:00-23:59),พุธ,winter,29,5.0,28.0,53.0,3.625,6.9375,สูงมาก
นครสวรรค์,หัวค่ำ-ดึก (19:00-23:59),ศุกร์,rainy,25,6.0,14.0,32.0,3.125,5.125,สูงมาก
นครสวรรค์,หัวค่ำ-ดึก (19:00-23:59),ศุกร์,summer,22,8.0,18.0,45.0,2.75,5.5625,สูงมาก
นครสวรรค์,หัวค่ำ-ดึก (19:00-23:59),ศุกร์,winter,18,11.0,19.0,61.0,2.25,6.0625,สูงมาก
นครสวรรค์,หัวค่ำ-ดึก (19:00-23:59),อังคาร,rainy,29,9.0,18.0,51.0,3.625,6.8125,สูงมาก
นครสวรรค์,หัวค่ำ-ดึก (19:00-23:59),อังคาร,summer,19,4.0,8.0,21.0,2.375,3.6875,สูง
นครสวรรค์,หัวค่ำ-ดึก (19:00-23:59),อังคาร,winter,33,12.0,23.0,50.0,4.125,7.25,สูงมาก
นครสวรรค์,หัวค่ำ-ดึก (19:00-23:59),อาทิตย์,rainy,21,3.0,15.0,26.0,2.625,4.25,สูง
นครสวรรค์,หัวค่ำ-ดึก (19:00-23:59),อาทิตย์,summer,30,10.0,33.0,47.0,3.75,6.6875,สูงมาก
นครสวรรค์,หัวค่ำ-ดึก (19:00-23:59),อาทิตย์,winter,30,8.0,25.0,53.0,3.75,7.0625,สูงมาก
นครสวรรค์,หัวค่ำ-ดึก (19:00-23:59),เสาร์,rainy,32,10.0,27.0,60.0,4.0,7.75,สูงมาก
นครสวรรค์,หัวค่ำ-ดึก (19:00-23:59),เสาร์,summer,17,2.0,9.0,15.0,2.125,3.0625,สูง
นครสวรรค์,หัวค่ำ-ดึก (19:00-23:59),เสาร์,winter,21,4.0,21.0,38.0,2.625,5.0,สูง
นครสวรรค์,เร่งด่วนเช้า (06:00-08:59),จันทร์,rainy,29,2.0,21.0,26.0,3.625,5.25,สูงมาก
นครสวรรค์,เร่งด่วนเช้า (06:00-08:59),จันทร์,summer,15,5.0,4.0,18.0,1.875,3.0,สูง
นครสวรรค์,เร่งด่วนเช้า (06:00-08:59),จันทร์,winter,13,1.0,10.0,16.0,1.625,2.625,ปานกลาง
นครสวรรค์,เร่งด่วนเช้า (06:00-08:59),พฤหัสบดี,rainy,12,4.0,7.0,20.0,1.5,2.75,ปานกลาง
นครสวรรค์,เร่งด่วนเช้า (06:00-08:59),พฤหัสบดี,summer,16,3.0,18.0,29.0,2.0,3.8125,สูง
นครสวรรค์,เร่งด่วนเช้า (06:00-08:59),พฤหัสบดี,winter,14,5.0,11.0,28.0,1.75,3.5,สูง
นครสวรรค์,เร่งด่วนเช้า (06:00-08:59),พุธ,rainy,15,3.0,15.0,27.0,1.875,3.5625,สูง
นครสวรรค์,เร่งด่วนเช้า (06:00-08:59),พุธ,summer,15,4.0,10.0,22.0,1.875,3.25,สูง
นครสวรรค์,เร่งด่วนเช้า (06:00-08:59),พุธ,winter,22,7.0,20.0,48.0,2.75,5.75,สูงมาก
นครสวรรค์,เร่งด่วนเช้า (06:00-08:59),ศุกร์,rainy,16,0.0,10.0,9.0,2.0,2.5625,ปานกลาง
นครสวรรค์,เร่งด่วนเช้า (06:00-08:59),ศุกร์,summer,14,1.0,9.0,12.0,1.75,2.5,ปานกลาง
นครสวรรค์,เร่งด่วนเช้า (06:00-08:59),ศุกร์,winter,23,4.0,28.0,45.0,2.875,5.6875,สูงมาก
นครสวรรค์,เร่งด่วนเช้า (06:00-08:59),อังคาร,rainy,23,5.0,17.0,30.0,2.875,4.75,สูง
นครสวรรค์,เร่งด่วนเช้า (06:00-08:59),อังคาร,summer,26,2.0,14.0,25.0,3.25,4.8125,สูง
นครสวรรค์,เร่งด่วนเช้า (06:00-08:59),อังคาร,winter,25,4.0,18.0,34.0,3.125,5.25,สูงมาก
นครสวรรค์,เร่งด่วนเช้า (06:00-08:59),อาทิตย์,rainy,13,3.0,13.0,24.0,1.625,3.125,สูง
นครสวรรค์,เร่งด่วนเช้า (06:00-08:59),อาทิตย์,summer,18,3.0,20.0,29.0,2.25,4.0625,สูง
นครสวรรค์,เร่งด่วนเช้า (06:00-08:59),อาทิตย์,winter,14,3.0,12.0,22.0,1.75,3.125,สูง
นครสวรรค์,เร่งด่วนเช้า (06:00-08:59),เสาร์,rainy,18,3.0,9.0,18.0,2.25,3.375,สูง
นครสวรรค์,เร่งด่วนเช้า (06:00-08:59),เสาร์,summer,9,2.0,5.0,12.0,1.125,1.875,ปานกลาง
นครสวรรค์,เร่งด่วนเช้า (06:00-08:59),เสาร์,winter,15,2.0,20.0,21.0,1.875,3.1875,สูง
นครสวรรค์,เร่งด่วนเย็น (16:00-18:59),จันทร์,rainy,24,2.0,17.0,27.0,3.0,4.6875,สูง
นครสวรรค์,เร่งด่วนเย็น (16:00-18:59),จันทร์,summer,17,0.0,22.0,25.0,2.125,3.6875,สูง
นครสวรรค์,เร่งด่วนเย็น (16:00-18:59),จันทร์,winter,31,5.0,41.0,63.0,3.875,7.8125,สูงมาก
นครสวรรค์,เร่งด่วนเย็น (16:00-18:59),พฤหัสบดี,rainy,25,7.0,20.0,47.0,3.125,6.0625,สูงมาก
นครสวรรค์,เร่งด่วนเย็น (16:00-18:59),พฤหัสบดี,summer,16,1.0,15.0,22.0,2.0,3.375,สูง
นครสวรรค์,เร่งด่วนเย็น (16:00-18:59),พฤหัสบดี,winter,17,3.0,18.0,32.0,2.125,4.125,สูง
นครสวรรค์,เร่งด่วนเย็น (16:00-18:59),พุธ,rainy,15,3.0,11.0,18.0,1.875,3.0,สูง
นครสวรรค์,เร่งด่วนเย็น (16:00-18:59),พุธ,summer,23,3.0,20.0,29.0,2.875,4.6875,สูง
นครสวรรค์,เร่งด่วนเย็น (16:00-18:59),พุธ,winter,26,4.0,29.0,39.0,3.25,5.6875,สูงมาก
นครสวรรค์,เร่งด่วนเย็น (16:00-18:59),ศุกร์,rainy,13,2.0,19.0,21.0,1.625,2.9375,ปานกลาง
นครสวรรค์,เร่งด่วนเย็น (16:00-18:59),ศุกร์,summer,23,6.0,14.0,32.0,2.875,4.875,สูง
นครสวรรค์,เร่งด่วนเย็น (16:00-18:59),ศุกร์,winter,38,4.0,26.0,38.0,4.75,7.125,สูงมาก
นครสวรรค์,เร่งด่วนเย็น (16:00-18:59),อังคาร,rainy,13,1.0,13.0,15.0,1.625,2.5625,ปานกลาง
นครสวรรค์,เร่งด่วนเย็น (16:00-18:59),อังคาร,summer,15,1.0,15.0,22.0,1.875,3.25,สูง
นครสวรรค์,เร่งด่วนเย็น (16:00-18:59),อังคาร,winter,28,2.0,40.0,43.0,3.5,6.1875,สูงมาก
นครสวรรค์,เร่งด่วนเย็น (16:00-18:59),อาทิตย์,rainy,14,5.0,11.0,24.0,1.75,3.25,สูง
นครสวรรค์,เร่งด่วนเย็น (16:00-18:59),อาทิตย์,summer,18,1.0,10.0,15.0,2.25,3.1875,สูง
นครสวรรค์,เร่งด่วนเย็น (16:00-18:59),อาทิตย์,winter,33,3.0,29.0,47.0,4.125,7.0625,สูงมาก
นครสวรรค์,เร่งด่วนเย็น (16:00-18:59),เสาร์,rainy,20,7.0,31.0,60.0,2.5,6.25,สูงมาก
นครสวรรค์,เร่งด่วนเย็น (16:00-18:59),เสาร์,summer,10,1.0,10.0,12.0,1.25,2.0,ปานกลาง
นครสวรรค์,เร่งด่วนเย็น (16:00-18:59),เสาร์,winter,34,3.0,30.0,37.0,4.25,6.5625,สูงมาก
นนทบุรี,กลางดึก (00:00-05:59),จันทร์,rainy,20,3.0,4.0,15.0,2.5,3.4375,สูง
นนทบุรี,กลางดึก (00:00-05:59),จันทร์,summer,10,3.0,5.0,14.0,1.25,2.125,ปานกลาง
นนทบุรี,กลางดึก (00:00-05:59),จันทร์,winter,21,4.0,14.0,28.0,2.625,4.375,สูง
นนทบุรี,กลางดึก (00:00-05:59),พฤหัสบดี,rainy,22,4.0,4.0,19.0,2.75,3.9375,สูง
นนทบุรี,กลางดึก (00:00-05:59),พฤหัสบดี,summer,13,4.0,9.0,22.0,1.625,3.0,สูง
นนทบุรี,กลางดึก (00:00-05:59),พฤหัสบดี,winter,16,3.0,8.0,20.0,2.0,3.25,สูง
นนทบุรี,กลางดึก (00:00-05:59),พุธ,rainy,17,1.0,10.0,17.0,2.125,3.1875,สูง
นนทบุรี,กลางดึก (00:00-05:59),พุธ,summer,11,2.0,9.0,18.0,1.375,2.5,ปานกลาง
นนทบุรี,กลางดึก (00:00-05:59),พุธ,winter,16,2.0,10.0,20.0,2.0,3.25,สูง
นนทบุรี,กลางดึก (00:00-05:59),ศุกร์,rainy,7,4.0,4.0,17.0,0.875,1.9375,ปานกลาง
นนทบุรี,กลางดึก (00:00-05:59),ศุกร์,summer,12,2.0,5.0,7.0,1.5,1.9375,ปานกลาง
นนทบุรี,กลางดึก (00:00-05:59),ศุกร์,winter,23,2.0,15.0,27.0,2.875,4.5625,สูง
นนทบุรี,กลางดึก (00:00-05:59),อังคาร,rainy,14,3.0,6.0,13.0,1.75,2.5625,ปานกลาง
นนทบุรี,กลางดึก (00:00-05:59),อังคาร,summer,15,1.0,6.0,11.0,1.875,2.5625,ปานกลาง
นนทบุรี,กลางดึก (00:00-05:59),อังคาร,winter,9,2.0,9.0,13.0,1.125,1.9375,ปานกลาง
นนทบุรี,กลางดึก (00:00-05:59),อาทิตย์,rainy,13,2.0,8.0,15.0,1.625,2.5625,ปานกลาง
นนทบุรี,กลางดึก (00:00-05:59),อาทิตย์,summer,13,3.0,7.0,14.0,1.625,2.5,ปานกลาง
นนทบุรี,กลางดึก (00:00-05:59),อาทิตย์,winter,23,4.0,15.0,23.0,2.875,4.3125,สูง
นนทบุรี,กลางดึก (00:00-05:59),เสาร์,rainy,12,3.0,1.0,10.0,1.5,2.125,ปานกลาง
นนทบุรี,กลางดึก (00:00-05:59),เสาร์,summer,18,5.0,11.0,25.0,2.25,3.8125,สูง
นนทบุรี,กลางดึก (00:00-05:59),เสาร์,winter,26,3.0,19.0,32.0,3.25,5.25,สูงมาก
นนทบุรี,กลางวัน (09:00-15:59),จันทร์,rainy,18,0.0,3.0,5.0,2.25,2.5625,ปานกลาง
นนทบุรี,กลางวัน (09:00-15:59),จันทร์,summer,11,3.0,10.0,10.0,1.375,2.0,ปานกลาง
นนทบุรี,กลางวัน (09:00-15:59),จันทร์,winter,24,0.0,11.0,14.0,3.0,3.875,สูง
นนทบุรี,กลางวัน (09:00-15:59),พฤหัสบดี,rainy,10,1.0,3.0,7.0,1.25,1.6875,ปานกลาง
นนทบุรี,กลางวัน (09:00-15:59),พฤหัสบดี,summer,16,1.0,13.0,22.0,2.0,3.375,สูง
นนทบุรี,กลางวัน (09:00-15:59),พฤหัสบดี,winter,30,1.0,15.0,21.0,3.75,5.0625,สูง
นนทบุรี,กลางวัน (09:00-15:59),พุธ,rainy,20,3.0,6.0,15.0,2.5,3.4375,สูง
นนทบุรี,กลางวัน (09:00-15:59),พุธ,summer,19,2.0,8.0,13.0,2.375,3.1875,สูง
นนทบุรี,กลางวัน (09:00-15:59),พุธ,winter,25,2.0,11.0,21.0,3.125,4.4375,สูง
นนทบุรี,กลางวัน (09:00-15:59),ศุกร์,rainy,18,3.0,10.0,19.0,2.25,3.4375,สูง
นนทบุรี,กลางวัน (09:00-15:59),ศุกร์,summer,19,0.0,12.0,13.0,2.375,3.1875,สูง
นนทบุรี,กลางวัน (09:00-15:59),ศุกร์,winter,27,1.0,13.0,22.0,3.375,4.75,สูง
นนทบุรี,กลางวัน (09:00-15:59),อังคาร,rainy,21,2.0,6.0,14.0,2.625,3.5,สูง
นนทบุรี,กลางวัน (09:00-15:59),อังคาร,summer,17,0.0,9.0,11.0,2.125,2.8125,ปานกลาง
นนทบุรี,กลางวัน (09:00-15:59),อังคาร,winter,22,0.0,25.0,14.0,2.75,3.625,สูง
นนทบุรี,กลางวัน (09:00-15:59),อาทิตย์,rainy,10,0.0,6.0,8.0,1.25,1.75,ปานกลาง
นนทบุรี,กลางวัน (09:00-15:59),อาทิตย์,summer,14,1.0,10.0,13.0,1.75,2.5625,ปานกลาง
นนทบุรี,กลางวัน (09:00-15:59),อาทิตย์,winter,18,2.0,11.0,17.0,2.25,3.3125,สูง
นนทบุรี,กลางวัน (09:00-15:59),เสาร์,rainy,23,7.0,13.0,37.0,2.875,5.1875,สูงมาก
นนทบุรี,กลางวัน (09:00-15:59),เสาร์,summer,12,1.0,5.0,7.0,1.5,1.9375,ปานกลาง
นนทบุรี,กลางวัน (09:00-15:59),เสาร์,winter,19,1.0,11.0,15.0,2.375,3.3125,สูง
นนทบุรี,หัวค่ำ-ดึก (19:00-23:59),จันทร์,rainy,9,1.0,4.0,8.0,1.125,1.625,ต่ำ
นนทบุรี,หัวค่ำ-ดึก (19:00-23:59),จันทร์,summer,10,2.0,11.0,18.0,1.25,2.375,ปานกลาง
นนทบุรี,หัวค่ำ-ดึก (19:00-23:59),จันทร์,winter,20,8.0,11.0,39.0,2.5,4.9375,สูง
นนทบุรี,หัวค่ำ-ดึก (19:00-23:59),พฤหัสบดี,rainy,8,0.0,4.0,4.0,1.0,1.25,ต่ำ
นนทบุรี,หัวค่ำ-ดึก (19:00-23:59),พฤหัสบดี,summer,22,2.0,15.0,33.0,2.75,4.8125,สูง
นนทบุรี,หัวค่ำ-ดึก (19:00-23:59),พฤหัสบดี,winter,17,3.0,4.0,15.0,2.125,3.0625,สูง
นนทบุรี,หัวค่ำ-ดึก (19:00-23:59),พุธ,rainy,10,2.0,1.0,8.0,1.25,1.75,ปานกลาง
นนทบุรี,หัวค่ำ-ดึก (19:00-23:59),พุธ,summer,15,3.0,10.0,23.0,1.875,3.3125,สูง
นนทบุรี,หัวค่ำ-ดึก (19:00-23:59),พุธ,winter,18,1.0,7.0,12.0,2.25,3.0,สูง
นนทบุรี,หัวค่ำ-ดึก (19:00-23:59),ศุกร์,rainy,9,2.0,6.0,13.0,1.125,1.9375,ปานกลาง
นนทบุรี,หัวค่ำ-ดึก (19:00-23:59),ศุกร์,summer,10,1.0,6.0,13.0,1.25,2.0625,ปานกลาง
นนทบุรี,หัวค่ำ-ดึก (19:00-23:59),ศุกร์,winter,29,7.0,20.0,45.0,3.625,6.4375,สูงมาก
นนทบุรี,หัวค่ำ-ดึก (19:00-23:59),อังคาร,rainy,6,1.0,3.0,6.0,0.75,1.125,ต่ำ
นนทบุรี,หัวค่ำ-ดึก (19:00-23:59),อังคาร,summer,18,2.0,12.0,21.0,2.25,3.5625,สูง
นนทบุรี,หัวค่ำ-ดึก (19:00-23:59),อังคาร,winter,17,3.0,11.0,21.0,2.125,3.4375,สูง
นนทบุรี,หัวค่ำ-ดึก (19:00-23:59),อาทิตย์,rainy,18,3.0,20.0,32.0,2.25,4.25,สูง
นนทบุรี,หัวค่ำ-ดึก (19:00-23:59),อาทิตย์,summer,11,2.0,7.0,12.0,1.375,2.125,ปานกลาง
นนทบุรี,หัวค่ำ-ดึก (19:00-23:59),อาทิตย์,winter,18,1.0,20.0,15.0,2.25,3.1875,สูง
นนทบุรี,หัวค่ำ-ดึก (19:00-23:59),เสาร์,rainy,13,3.0,5.0,19.0,1.625,2.8125,ปานกลาง
นนทบุรี,หัวค่ำ-ดึก (19:00-23:59),เสาร์,summer,15,3.0,11.0,24.0,1.875,3.375,สูง
นนทบุรี,หัวค่ำ-ดึก (19:00-23:59),เสาร์,winter,18,4.0,15.0,25.0,2.25,3.8125,สูง
นนทบุรี,เร่งด่วนเช้า (06:00-08:59),จันทร์,rainy,8,2.0,2.0,9.0,1.0,1.5625,ต่ำ
นนทบุรี,เร่งด่วนเช้า (06:00-08:59),จันทร์,summer,5,1.0,0.0,3.0,0.625,0.8125,ต่ำ
นนทบุรี,เร่งด่วนเช้า (06:00-08:59),จันทร์,winter,8,0.0,3.0,2.0,1.0,1.125,ต่ำ
นนทบุรี,เร่งด่วนเช้า (06:00-08:59),พฤหัสบดี,rainy,9,0.0,6.0,6.0,1.125,1.5,ต่ำ
นนทบุรี,เร่งด่วนเช้า (06:00-08:59),พฤหัสบดี,summer,10,1.0,5.0,10.0,1.25,1.875,ปานกลาง
นนทบุรี,เร่งด่วนเช้า (06:00-08:59),พฤหัสบดี,winter,11,0.0,8.0,8.0,1.375,1.875,ปานกลาง
นนทบุรี,เร่งด่วนเช้า (06:00-08:59),พุธ,rainy,3,0.0,0.0,0.0,0.375,0.375,ต่ำ
นนทบุรี,เร่งด่วนเช้า (06:00-08:59),พุธ,summer,4,2.0,1.0,7.0,0.5,0.9375,ต่ำ
นนทบุรี,เร่งด่วนเช้า (06:00-08:59),พุธ,winter,7,4.0,4.0,17.0,0.875,1.9375,ปานกลาง
นนทบุรี,เร่งด่วนเช้า (06:00-08:59),ศุกร์,rainy,9,5.0,5.0,19.0,1.125,2.3125,ปานกลาง
นนทบุรี,เร่งด่วนเช้า (06:00-08:59),ศุกร์,summer,6,0.0,3.0,2.0,0.75,0.875,ต่ำ
นนทบุรี,เร่งด่วนเช้า (06:00-08:59),ศุกร์,winter,8,0.0,9.0,11.0,1.0,1.6875,ปานกลาง
นนทบุรี,เร่งด่วนเช้า (06:00-08:59),อังคาร,rainy,7,2.0,3.0,9.0,0.875,1.4375,ต่ำ
นนทบุรี,เร่งด่วนเช้า (06:00-08:59),อังคาร,summer,5,1.0,5.0,10.0,0.625,1.25,ต่ำ
นนทบุรี,เร่งด่วนเช้า (06:00-08:59),อังคาร,winter,9,2.0,5.0,10.0,1.125,1.75,ปานกลาง
นนทบุรี,เร่งด่วนเช้า (06:00-08:59),อาทิตย์,rainy,4,0.0,1.0,1.0,0.5,0.5625,ต่ำ
นนทบุรี,เร่งด่วนเช้า (06:00-08:59),อาทิตย์,summer,2,1.0,1.0,4.0,0.25,0.5,ต่ำ
นนทบุรี,เร่งด่วนเช้า (06:00-08:59),อาทิตย์,winter,9,4.0,7.0,22.0,1.125,2.5,ปานกลาง
นนทบุรี,เร่งด่วนเช้า (06:00-08:59),เสาร์,rainy,7,1.0,7.0,11.0,0.875,1.5625,ต่ำ
นนทบุรี,เร่งด่วนเช้า (06:00-08:59),เสาร์,summer,6,0.0,3.0,3.0,0.75,0.9375,ต่ำ
นนทบุรี,เร่งด่วนเช้า (06:00-08:59),เสาร์,winter,6,0.0,5.0,7.0,0.75,1.1875,ต่ำ
นนทบุรี,เร่งด่วนเย็น (16:00-18:59),จันทร์,rainy,1,0.0,0.0,0.0,0.125,0.125,ต่ำ
นนทบุรี,เร่งด่วนเย็น (16:00-18:59),จันทร์,summer,8,1.0,6.0,10.0,1.0,1.625,ต่ำ
นนทบุรี,เร่งด่วนเย็น (16:00-18:59),จันทร์,winter,10,2.0,5.0,10.0,1.25,1.875,ปานกลาง
นนทบุรี,เร่งด่วนเย็น (16:00-18:59),พฤหัสบดี,rainy,8,2.0,3.0,9.0,1.0,1.5625,ต่ำ
นนทบุรี,เร่งด่วนเย็น (16:00-18:59),พฤหัสบดี,summer,8,2.0,4.0,12.0,1.0,1.75,ปานกลาง
นนทบุรี,เร่งด่วนเย็น (16:00-18:59),พฤหัสบดี,winter,13,3.0,6.0,18.0,1.625,2.75,ปานกลาง
นนทบุรี,เร่งด่วนเย็น (16:00-18:59),พุธ,rainy,9,0.0,0.0,0.0,1.125,1.125,ต่ำ
นนทบุรี,เร่งด่วนเย็น (16:00-18:59),พุธ,summer,8,2.0,4.0,11.0,1.0,1.6875,ปานกลาง
นนทบุรี,เร่งด่วนเย็น (16:00-18:59),พุธ,winter,9,0.0,5.0,5.0,1.125,1.4375,ต่ำ
นนทบุรี,เร่งด่วนเย็น (16:00-18:59),ศุกร์,rainy,7,1.0,6.0,9.0,0.875,1.4375,ต่ำ
นนทบุรี,เร่งด่วนเย็น (16:00-18:59),ศุกร์,summer,14,3.0,9.0,20.0,1.75,3.0,สูง
นนทบุรี,เร่งด่วนเย็น (16:00-18:59),ศุกร์,winter,9,3.0,6.0,17.0,1.125,2.1875,ปานกลาง
นนทบุรี,เร่งด่วนเย็น (16:00-18:59),อังคาร,rainy,4,2.0,1.0,7.0,0.5,0.9375,ต่ำ
นนทบุรี,เร่งด่วนเย็น (16:00-18:59),อังคาร,summer,8,0.0,4.0,5.0,1.0,1.3125,ต่ำ
นนทบุรี,เร่งด่วนเย็น (16:00-18:59),อังคาร,winter,5,2.0,1.0,7.0,0.625,1.0625,ต่ำ
นนทบุรี,เร่งด่วนเย็น (16:00-18:59),อาทิตย์,rainy,9,2.0,5.0,12.0,1.125,1.875,ปานกลาง
นนทบุรี,เร่งด่วนเย็น (16:00-18:59),อาทิตย์,summer,5,0.0,2.0,1.0,0.625,0.6875,ต่ำ
นนทบุรี,เร่งด่วนเย็น (16:00-18:59),อาทิตย์,winter,5,1.0,6.0,9.0,0.625,1.1875,ต่ำ
นนทบุรี,เร่งด่วนเย็น (16:00-18:59),เสาร์,rainy,4,0.0,3.0,3.0,0.5,0.6875,ต่ำ
นนทบุรี,เร่งด่วนเย็น (16:00-18:59),เสาร์,summer,6,1.0,4.0,6.0,0.75,1.125,ต่ำ
นนทบุรี,เร่งด่วนเย็น (16:00-18:59),เสาร์,winter,10,1.0,7.0,9.0,1.25,1.8125,ปานกลาง
นราธิวาส,กลางดึก (00:00-05:59),จันทร์,rainy,3,0.0,2.0,3.0,0.375,0.5625,ต่ำ
นราธิวาส,กลางดึก (00:00-05:59),จันทร์,summer,3,3.0,2.0,13.0,0.375,1.1875,ต่ำ
นราธิวาส,กลางดึก (00:00-05:59),จันทร์,winter,4,0.0,4.0,6.0,0.5,0.875,ต่ำ
นราธิวาส,กลางดึก (00:00-05:59),พฤหัสบดี,rainy,4,0.0,2.0,2.0,0.5,0.625,ต่ำ
นราธิวาส,กลางดึก (00:00-05:59),พฤหัสบดี,summer,4,1.0,1.0,4.0,0.5,0.75,ต่ำ
นราธิวาส,กลางดึก (00:00-05:59),พฤหัสบดี,winter,12,0.0,15.0,16.0,1.5,2.5,ปานกลาง
นราธิวาส,กลางดึก (00:00-05:59),พุธ,rainy,7,0.0,5.0,3.0,0.875,1.0625,ต่ำ
นราธิวาส,กลางดึก (00:00-05:59),พุธ,summer,4,5.0,9.0,16.0,0.5,1.5,ต่ำ
นราธิวาส,กลางดึก (00:00-05:59),พุธ,winter,7,0.0,6.0,9.0,0.875,1.4375,ต่ำ
นราธิวาส,กลางดึก (00:00-05:59),ศุกร์,rainy,1,0.0,0.0,0.0,0.125,0.125,ต่ำ
นราธิวาส,กลางดึก (00:00-05:59),ศุกร์,summer,2,0.0,0.0,0.0,0.25,0.25,ต่ำ
นราธิวาส,กลางดึก (00:00-05:59),ศุกร์,winter,4,0.0,2.0,2.0,0.5,0.625,ต่ำ
นราธิวาส,กลางดึก (00:00-05:59),อังคาร,rainy,4,0.0,10.0,12.0,0.5,1.25,ต่ำ
นราธิวาส,กลางดึก (00:00-05:59),อังคาร,summer,6,0.0,6.0,8.0,0.75,1.25,ต่ำ
นราธิวาส,กลางดึก (00:00-05:59),อังคาร,winter,10,1.0,11.0,12.0,1.25,2.0,ปานกลาง
นราธิวาส,กลางดึก (00:00-05:59),อาทิตย์,rainy,4,0.0,2.0,3.0,0.5,0.6875,ต่ำ
นราธิวาส,กลางดึก (00:00-05:59),อาทิตย์,summer,3,2.0,4.0,14.0,0.375,1.25,ต่ำ
นราธิวาส,กลางดึก (00:00-05:59),อาทิตย์,winter,8,2.0,7.0,20.0,1.0,2.25,ปานกลาง
นราธิวาส,กลางดึก (00:00-05:59),เสาร์,rainy,6,1.0,5.0,7.0,0.75,1.1875,ต่ำ
นราธิวาส,กลางดึก (00:00-05:59),เสาร์,summer,2,1.0,0.0,3.0,0.25,0.4375,ต่ำ
นราธิวาส,กลางดึก (00:00-05:59),เสาร์,winter,7,2.0,5.0,11.0,0.875,1.5625,ต่ำ
นราธิวาส,กลางวัน (09:00-15:59),จันทร์,rainy,20,3.0,32.0,44.0,2.5,5.25,สูงมาก
นราธิวาส,กลางวัน (09:00-15:59),จันทร์,summer,15,4.0,9.0,23.0,1.875,3.3125,สูง
นราธิวาส,กลางวัน (09:00-15:59),จันทร์,winter,19,6.0,26.0,44.0,2.375,5.125,สูงมาก
นราธิวาส,กลางวัน (09:00-15:59),พฤหัสบดี,rainy,17,2.0,5.0,13.0,2.125,2.9375,ปานกลาง
นราธิวาส,กลางวัน (09:00-15:59),พฤหัสบดี,summer,21,1.0,22.0,30.0,2.625,4.5,สูง
นราธิวาส,กลางวัน (09:00-15:59),พฤหัสบดี,winter,14,1.0,10.0,15.0,1.75,2.6875,ปานกลาง
นราธิวาส,กลางวัน (09:00-15:59),พุธ,rainy,16,4.0,13.0,28.0,2.0,3.75,สูง
นราธิวาส,กลางวัน (09:00-15:59),พุธ,summer,15,0.0,18.0,18.0,1.875,3.0,สูง
นราธิวาส,กลางวัน (09:00-15:59),พุธ,winter,19,1.0,30.0,23.0,2.375,3.8125,สูง
นราธิวาส,กลางวัน (09:00-15:59),ศุกร์,rainy,14,3.0,25.0,44.0,1.75,4.5,สูง
นราธิวาส,กลางวัน (09:00-15:59),ศุกร์,summer,12,1.0,22.0,33.0,1.5,3.5625,สูง
นราธิวาส,กลางวัน (09:00-15:59),ศุกร์,winter,20,11.0,23.0,66.0,2.5,6.625,สูงมาก
นราธิวาส,กลางวัน (09:00-15:59),อังคาร,rainy,26,5.0,22.0,36.0,3.25,5.5,สูงมาก
นราธิวาส,กลางวัน (09:00-15:59),อังคาร,summer,18,1.0,21.0,35.0,2.25,4.4375,สูง
นราธิวาส,กลางวัน (09:00-15:59),อังคาร,winter,27,4.0,21.0,39.0,3.375,5.8125,สูงมาก
นราธิวาส,กลางวัน (09:00-15:59),อาทิตย์,rainy,17,2.0,15.0,25.0,2.125,3.6875,สูง
นราธิวาส,กลางวัน (09:00-15:59),อาทิตย์,summer,22,2.0,24.0,32.0,2.75,4.75,สูง
นราธิวาส,กลางวัน (09:00-15:59),อาทิตย์,winter,13,1.0,11.0,16.0,1.625,2.625,ปานกลาง
นราธิวาส,กลางวัน (09:00-15:59),เสาร์,rainy,10,2.0,7.0,15.0,1.25,2.1875,ปานกลาง
นราธิวาส,กลางวัน (09:00-15:59),เสาร์,summer,20,4.0,21.0,33.0,2.5,4.5625,สูง
นราธิวาส,กลางวัน (09:00-15:59),เสาร์,winter,28,4.0,47.0,65.0,3.5,7.5625,สูงมาก
นราธิวาส,หัวค่ำ-ดึก (19:00-23:59),จันทร์,rainy,8,2.0,3.0,11.0,1.0,1.6875,ปานกลาง
นราธิวาส,หัวค่ำ-ดึก (19:00-23:59),จันทร์,summer,11,3.0,10.0,22.0,1.375,2.75,ปานกลาง
นราธิวาส,หัวค่ำ-ดึก (19:00-23:59),จันทร์,winter,3,0.0,1.0,0.0,0.375,0.375,ต่ำ
นราธิวาส,หัวค่ำ-ดึก (19:00-23:59),พฤหัสบดี,rainy,9,1.0,13.0,16.0,1.125,2.125,ปานกลาง
นราธิวาส,หัวค่ำ-ดึก (19:00-23:59),พฤหัสบดี,summer,9,0.0,11.0,17.0,1.125,2.1875,ปานกลาง
นราธิวาส,หัวค่ำ-ดึก (19:00-23:59),พฤหัสบดี,winter,5,0.0,8.0,5.0,0.625,0.9375,ต่ำ
นราธิวาส,หัวค่ำ-ดึก (19:00-23:59),พุธ,rainy,5,1.0,7.0,11.0,0.625,1.3125,ต่ำ
นราธิวาส,หัวค่ำ-ดึก (19:00-23:59),พุธ,summer,5,2.0,4.0,14.0,0.625,1.5,ต่ำ
นราธิวาส,หัวค่ำ-ดึก (19:00-23:59),พุธ,winter,8,3.0,5.0,18.0,1.0,2.125,ปานกลาง
นราธิวาส,หัวค่ำ-ดึก (19:00-23:59),ศุกร์,rainy,4,0.0,1.0,1.0,0.5,0.5625,ต่ำ
นราธิวาส,หัวค่ำ-ดึก (19:00-23:59),ศุกร์,summer,7,1.0,12.0,14.0,0.875,1.75,ปานกลาง
นราธิวาส,หัวค่ำ-ดึก (19:00-23:59),ศุกร์,winter,7,0.0,8.0,10.0,0.875,1.5,ต่ำ
นราธิวาส,หัวค่ำ-ดึก (19:00-23:59),อังคาร,rainy,8,0.0,9.0,8.0,1.0,1.5,ต่ำ
นราธิวาส,หัวค่ำ-ดึก (19:00-23:59),อังคาร,summer,7,2.0,7.0,14.0,0.875,1.75,ปานกลาง
นราธิวาส,หัวค่ำ-ดึก (19:00-23:59),อังคาร,winter,4,1.0,4.0,9.0,0.5,1.0625,ต่ำ
นราธิวาส,หัวค่ำ-ดึก (19:00-23:59),อาทิตย์,rainy,5,2.0,3.0,11.0,0.625,1.3125,ต่ำ
นราธิวาส,หัวค่ำ-ดึก (19:00-23:59),อาทิตย์,summer,3,0.0,3.0,6.0,0.375,0.75,ต่ำ
นราธิวาส,หัวค่ำ-ดึก (19:00-23:59),อาทิตย์,winter,6,1.0,9.0,16.0,0.75,1.75,ปานกลาง
นราธิวาส,หัวค่ำ-ดึก (19:00-23:59),เสาร์,rainy,4,0.0,0.0,0.0,0.5,0.5,ต่ำ
นราธิวาส,หัวค่ำ-ดึก (19:00-23:59),เสาร์,summer,6,1.0,7.0,6.0,0.75,1.125,ต่ำ
นราธิวาส,หัวค่ำ-ดึก (19:00-23:59),เสาร์,winter,14,0.0,23.0,26.0,1.75,3.375,สูง
นราธิวาส,เร่งด่วนเช้า (06:00-08:59),จันทร์,rainy,4,0.0,3.0,0.0,0.5,0.5,ต่ำ
นราธิวาส,เร่งด่วนเช้า (06:00-08:59),จันทร์,summer,6,1.0,6.0,10.0,0.75,1.375,ต่ำ
นราธิวาส,เร่งด่วนเช้า (06:00-08:59),จันทร์,winter,6,0.0,3.0,5.0,0.75,1.0625,ต่ำ
นราธิวาส,เร่งด่วนเช้า (06:00-08:59),พฤหัสบดี,rainy,5,1.0,3.0,6.0,0.625,1.0,ต่ำ
นราธิวาส,เร่งด่วนเช้า (06:00-08:59),พฤหัสบดี,summer,8,1.0,11.0,15.0,1.0,1.9375,ปานกลาง
นราธิวาส,เร่งด่วนเช้า (06:00-08:59),พฤหัสบดี,winter,9,1.0,4.0,7.0,1.125,1.5625,ต่ำ
นราธิวาส,เร่งด่วนเช้า (06:00-08:59),พุธ,rainy,7,0.0,5.0,5.0,0.875,1.1875,ต่ำ
นราธิวาส,เร่งด่วนเช้า (06:00-08:59),พุธ,summer,7,2.0,6.0,15.0,0.875,1.8125,ปานกลาง
นราธิวาส,เร่งด่วนเช้า (06:00-08:59),พุธ,winter,10,2.0,12.0,16.0,1.25,2.25,ปานกลาง
นราธิวาส,เร่งด่วนเช้า (06:00-08:59),ศุกร์,rainy,7,0.0,5.0,4.0,0.875,1.125,ต่ำ
นราธิวาส,เร่งด่วนเช้า (06:00-08:59),ศุกร์,summer,7,0.0,3.0,3.0,0.875,1.0625,ต่ำ
นราธิวาส,เร่งด่วนเช้า (06:00-08:59),ศุกร์,winter,9,2.0,7.0,15.0,1.125,2.0625,ปานกลาง
นราธิวาส,เร่งด่วนเช้า (06:00-08:59),อังคาร,rainy,10,7.0,11.0,34.0,1.25,3.375,สูง
นราธิวาส,เร่งด่วนเช้า (06:00-08:59),อังคาร,summer,7,0.0,7.0,10.0,0.875,1.5,ต่ำ
นราธิวาส,เร่งด่วนเช้า (06:00-08:59),อังคาร,winter,5,0.0,10.0,11.0,0.625,1.3125,ต่ำ
นราธิวาส,เร่งด่วนเช้า (06:00-08:59),อาทิตย์,rainy,4,1.0,3.0,7.0,0.5,0.9375,ต่ำ
นราธิวาส,เร่งด่วนเช้า (06:00-08:59),อาทิตย์,summer,4,0.0,6.0,6.0,0.5,0.875,ต่ำ
นราธิวาส,เร่งด่วนเช้า (06:00-08:59),อาทิตย์,winter,3,0.0,3.0,4.0,0.375,0.625,ต่ำ
นราธิวาส,เร่งด่วนเช้า (06:00-08:59),เสาร์,rainy,6,0.0,11.0,12.0,0.75,1.5,ต่ำ
นราธิวาส,เร่งด่วนเช้า (06:00-08:59),เสาร์,summer,11,1.0,13.0,19.0,1.375,2.5625,ปานกลาง
นราธิวาส,เร่งด่วนเช้า (06:00-08:59),เสาร์,winter,5,1.0,3.0,9.0,0.625,1.1875,ต่ำ
นราธิวาส,เร่งด่วนเย็น (16:00-18:59),จันทร์,rainy,8,4.0,6.0,20.0,1.0,2.25,ปานกลาง
นราธิวาส,เร่งด่วนเย็น (16:00-18:59),จันทร์,summer,9,2.0,11.0,16.0,1.125,2.125,ปานกลาง
นราธิวาส,เร่งด่วนเย็น (16:00-18:59),จันทร์,winter,8,3.0,7.0,19.0,1.0,2.1875,ปานกลาง
นราธิวาส,เร่งด่วนเย็น (16:00-18:59),พฤหัสบดี,rainy,7,2.0,11.0,9.0,0.875,1.4375,ต่ำ
นราธิวาส,เร่งด่วนเย็น (16:00-18:59),พฤหัสบดี,summer,9,1.0,10.0,17.0,1.125,2.1875,ปานกลาง
นราธิวาส,เร่งด่วนเย็น (16:00-18:59),พฤหัสบดี,winter,11,3.0,8.0,23.0,1.375,2.8125,ปานกลาง
นราธิวาส,เร่งด่วนเย็น (16:00-18:59),พุธ,rainy,3,2.0,2.0,10.0,0.375,1.0,ต่ำ
นราธิวาส,เร่งด่วนเย็น (16:00-18:59),พุธ,summer,8,0.0,8.0,8.0,1.0,1.5,ต่ำ
นราธิวาส,เร่งด่วนเย็น (16:00-18:59),พุธ,winter,8,2.0,4.0,9.0,1.0,1.5625,ต่ำ
นราธิวาส,เร่งด่วนเย็น (16:00-18:59),ศุกร์,rainy,6,0.0,12.0,13.0,0.75,1.5625,ต่ำ
นราธิวาส,เร่งด่วนเย็น (16:00-18:59),ศุกร์,summer,4,3.0,8.0,22.0,0.5,1.875,ปานกลาง
นราธิวาส,เร่งด่วนเย็น (16:00-18:59),ศุกร์,winter,10,1.0,12.0,26.0,1.25,2.875,ปานกลาง
นราธิวาส,เร่งด่วนเย็น (16:00-18:59),อังคาร,rainy,12,2.0,12.0,23.0,1.5,2.9375,ปานกลาง
นราธิวาส,เร่งด่วนเย็น (16:00-18:59),อังคาร,summer,7,0.0,14.0,16.0,0.875,1.875,ปานกลาง
นราธิวาส,เร่งด่วนเย็น (16:00-18:59),อังคาร,winter,4,1.0,4.0,8.0,0.5,1.0,ต่ำ
นราธิวาส,เร่งด่วนเย็น (16:00-18:59),อาทิตย์,rainy,9,2.0,15.0,21.0,1.125,2.4375,ปานกลาง
นราธิวาส,เร่งด่วนเย็น (16:00-18:59),อาทิตย์,summer,10,1.0,7.0,15.0,1.25,2.1875,ปานกลาง
นราธิวาส,เร่งด่วนเย็น (16:00-18:59),อาทิตย์,winter,8,0.0,7.0,12.0,1.0,1.75,ปานกลาง
นราธิวาส,เร่งด่วนเย็น (16:00-18:59),เสาร์,rainy,7,1.0,11.0,14.0,0.875,1.75,ปานกลาง
นราธิวาส,เร่งด่วนเย็น (16:00-18:59),เสาร์,summer,5,0.0,3.0,3.0,0.625,0.8125,ต่ำ
นราธิวาส,เร่งด่วนเย็น (16:00-18:59),เสาร์,winter,9,1.0,12.0,19.0,1.125,2.3125,ปานกลาง
น่าน,กลางดึก (00:00-05:59),จันทร์,rainy,14,2.0,9.0,16.0,1.75,2.75,ปานกลาง
น่าน,กลางดึก (00:00-05:59),จันทร์,summer,14,0.0,9.0,7.0,1.75,2.1875,ปานกลาง
น่าน,กลางดึก (00:00-05:59),จันทร์,winter,10,1.0,4.0,4.0,1.25,1.5,ต่ำ
น่าน,กลางดึก (00:00-05:59),พฤหัสบดี,rainy,9,2.0,3.0,9.0,1.125,1.6875,ปานกลาง
น่าน,กลางดึก (00:00-05:59),พฤหัสบดี,summer,3,0.0,0.0,0.0,0.375,0.375,ต่ำ
น่าน,กลางดึก (00:00-05:59),พฤหัสบดี,winter,9,2.0,8.0,16.0,1.125,2.125,ปานกลาง
น่าน,กลางดึก (00:00-05:59),พุธ,rainy,8,0.0,2.0,2.0,1.0,1.125,ต่ำ
น่าน,กลางดึก (00:00-05:59),พุธ,summer,11,1.0,5.0,7.0,1.375,1.8125,ปานกลาง
น่าน,กลางดึก (00:00-05:59),พุธ,winter,12,0.0,6.0,8.0,1.5,2.0,ปานกลาง
น่าน,กลางดึก (00:00-05:59),ศุกร์,rainy,17,5.0,7.0,25.0,2.125,3.6875,สูง
น่าน,กลางดึก (00:00-05:59),ศุกร์,summer,8,1.0,3.0,5.0,1.0,1.3125,ต่ำ
น่าน,กลางดึก (00:00-05:59),ศุกร์,winter,13,2.0,2.0,7.0,1.625,2.0625,ปานกลาง
น่าน,กลางดึก (00:00-05:59),อังคาร,rainy,11,1.0,11.0,8.0,1.375,1.875,ปานกลาง
น่าน,กลางดึก (00:00-05:59),อังคาร,summer,9,1.0,15.0,16.0,1.125,2.125,ปานกลาง
น่าน,กลางดึก (00:00-05:59),อังคาร,winter,8,1.0,8.0,13.0,1.0,1.8125,ปานกลาง
น่าน,กลางดึก (00:00-05:59),อาทิตย์,rainy,14,1.0,5.0,6.0,1.75,2.125,ปานกลาง
น่าน,กลางดึก (00:00-05:59),อาทิตย์,summer,15,0.0,11.0,11.0,1.875,2.5625,ปานกลาง
น่าน,กลางดึก (00:00-05:59),อาทิตย์,winter,12,1.0,10.0,12.0,1.5,2.25,ปานกลาง
น่าน,กลางดึก (00:00-05:59),เสาร์,rainy,16,0.0,20.0,4.0,2.0,2.25,ปานกลาง
น่าน,กลางดึก (00:00-05:59),เสาร์,summer,8,1.0,1.0,4.0,1.0,1.25,ต่ำ
น่าน,กลางดึก (00:00-05:59),เสาร์,winter,15,2.0,17.0,29.0,1.875,3.6875,สูง
น่าน,กลางวัน (09:00-15:59),จันทร์,rainy,37,1.0,25.0,28.0,4.625,6.375,สูงมาก
น่าน,กลางวัน (09:00-15:59),จันทร์,summer,21,1.0,12.0,13.0,2.625,3.4375,สูง
น่าน,กลางวัน (09:00-15:59),จันทร์,winter,43,0.0,34.0,32.0,5.375,7.375,สูงมาก
น่าน,กลางวัน (09:00-15:59),พฤหัสบดี,rainy,25,3.0,14.0,24.0,3.125,4.625,สูง
น่าน,กลางวัน (09:00-15:59),พฤหัสบดี,summer,20,2.0,15.0,19.0,2.5,3.6875,สูง
น่าน,กลางวัน (09:00-15:59),พฤหัสบดี,winter,38,4.0,40.0,56.0,4.75,8.25,สูงมาก
น่าน,กลางวัน (09:00-15:59),พุธ,rainy,23,0.0,6.0,6.0,2.875,3.25,สูง
น่าน,กลางวัน (09:00-15:59),พุธ,summer,28,0.0,19.0,19.0,3.5,4.6875,สูง
น่าน,กลางวัน (09:00-15:59),พุธ,winter,42,3.0,33.0,43.0,5.25,7.9375,สูงมาก
น่าน,กลางวัน (09:00-15:59),ศุกร์,rainy,19,0.0,16.0,15.0,2.375,3.3125,สูง
น่าน,กลางวัน (09:00-15:59),ศุกร์,summer,21,0.0,13.0,11.0,2.625,3.3125,สูง
น่าน,กลางวัน (09:00-15:59),ศุกร์,winter,34,5.0,24.0,43.0,4.25,6.9375,สูงมาก
น่าน,กลางวัน (09:00-15:59),อังคาร,rainy,23,2.0,11.0,15.0,2.875,3.8125,สูง
น่าน,กลางวัน (09:00-15:59),อังคาร,summer,20,0.0,13.0,8.0,2.5,3.0,สูง
น่าน,กลางวัน (09:00-15:59),อังคาร,winter,36,0.0,42.0,30.0,4.5,6.375,สูงมาก
น่าน,กลางวัน (09:00-15:59),อาทิตย์,rainy,24,1.0,41.0,38.0,3.0,5.375,สูงมาก
น่าน,กลางวัน (09:00-15:59),อาทิตย์,summer,22,5.0,28.0,37.0,2.75,5.0625,สูง
น่าน,กลางวัน (09:00-15:59),อาทิตย์,winter,26,5.0,27.0,44.0,3.25,6.0,สูงมาก
น่าน,กลางวัน (09:00-15:59),เสาร์,rainy,22,0.0,31.0,15.0,2.75,3.6875,สูง
น่าน,กลางวัน (09:00-15:59),เสาร์,summer,27,4.0,22.0,28.0,3.375,5.125,สูงมาก
น่าน,กลางวัน (09:00-15:59),เสาร์,winter,30,1.0,21.0,23.0,3.75,5.1875,สูงมาก
น่าน,หัวค่ำ-ดึก (19:00-23:59),จันทร์,rainy,12,1.0,6.0,9.0,1.5,2.0625,ปานกลาง
น่าน,หัวค่ำ-ดึก (19:00-23:59),จันทร์,summer,16,2.0,13.0,17.0,2.0,3.0625,สูง
น่าน,หัวค่ำ-ดึก (19:00-23:59),จันทร์,winter,13,2.0,7.0,10.0,1.625,2.25,ปานกลาง
น่าน,หัวค่ำ-ดึก (19:00-23:59),พฤหัสบดี,rainy,15,5.0,15.0,31.0,1.875,3.8125,สูง
น่าน,หัวค่ำ-ดึก (19:00-23:59),พฤหัสบดี,summer,15,2.0,18.0,25.0,1.875,3.4375,สูง
น่าน,หัวค่ำ-ดึก (19:00-23:59),พฤหัสบดี,winter,14,2.0,14.0,26.0,1.75,3.375,สูง
น่าน,หัวค่ำ-ดึก (19:00-23:59),พุธ,rainy,17,1.0,10.0,13.0,2.125,2.9375,ปานกลาง
น่าน,หัวค่ำ-ดึก (19:00-23:59),พุธ,summer,11,2.0,13.0,19.0,1.375,2.5625,ปานกลาง
น่าน,หัวค่ำ-ดึก (19:00-23:59),พุธ,winter,13,2.0,8.0,13.0,1.625,2.4375,ปานกลาง
น่าน,หัวค่ำ-ดึก (19:00-23:59),ศุกร์,rainy,14,3.0,6.0,14.0,1.75,2.625,ปานกลาง
น่าน,หัวค่ำ-ดึก (19:00-23:59),ศุกร์,summer,14,1.0,7.0,9.0,1.75,2.3125,ปานกลาง
น่าน,หัวค่ำ-ดึก (19:00-23:59),ศุกร์,winter,15,3.0,6.0,15.0,1.875,2.8125,ปานกลาง
น่าน,หัวค่ำ-ดึก (19:00-23:59),อังคาร,rainy,16,1.0,14.0,19.0,2.0,3.1875,สูง
น่าน,หัวค่ำ-ดึก (19:00-23:59),อังคาร,summer,15,0.0,15.0,16.0,1.875,2.875,ปานกลาง
น่าน,หัวค่ำ-ดึก (19:00-23:59),อังคาร,winter,18,1.0,10.0,16.0,2.25,3.25,สูง
น่าน,หัวค่ำ-ดึก (19:00-23:59),อาทิตย์,rainy,16,2.0,9.0,15.0,2.0,2.9375,ปานกลาง
น่าน,หัวค่ำ-ดึก (19:00-23:59),อาทิตย์,summer,10,0.0,8.0,8.0,1.25,1.75,ปานกลาง
น่าน,หัวค่ำ-ดึก (19:00-23:59),อาทิตย์,winter,22,3.0,17.0,22.0,2.75,4.125,สูง
น่าน,หัวค่ำ-ดึก (19:00-23:59),เสาร์,rainy,14,2.0,13.0,13.0,1.75,2.5625,ปานกลาง
น่าน,หัวค่ำ-ดึก (19:00-23:59),เสาร์,summer,13,3.0,5.0,15.0,1.625,2.5625,ปานกลาง
น่าน,หัวค่ำ-ดึก (19:00-23:59),เสาร์,winter,27,1.0,27.0,25.0,3.375,4.9375,สูง
น่าน,เร่งด่วนเช้า (06:00-08:59),จันทร์,rainy,11,1.0,3.0,5.0,1.375,1.6875,ปานกลาง
น่าน,เร่งด่วนเช้า (06:00-08:59),จันทร์,summer,2,0.0,1.0,2.0,0.25,0.375,ต่ำ
น่าน,เร่งด่วนเช้า (06:00-08:59),จันทร์,winter,9,0.0,3.0,1.0,1.125,1.1875,ต่ำ
น่าน,เร่งด่วนเช้า (06:00-08:59),พฤหัสบดี,rainy,11,0.0,14.0,14.0,1.375,2.25,ปานกลาง
น่าน,เร่งด่วนเช้า (06:00-08:59),พฤหัสบดี,summer,8,0.0,8.0,2.0,1.0,1.125,ต่ำ
น่าน,เร่งด่วนเช้า (06:00-08:59),พฤหัสบดี,winter,15,2.0,20.0,25.0,1.875,3.4375,สูง
น่าน,เร่งด่วนเช้า (06:00-08:59),พุธ,rainy,10,0.0,6.0,7.0,1.25,1.6875,ปานกลาง
น่าน,เร่งด่วนเช้า (06:00-08:59),พุธ,summer,6,0.0,3.0,3.0,0.75,0.9375,ต่ำ
น่าน,เร่งด่วนเช้า (06:00-08:59),พุธ,winter,8,2.0,3.0,9.0,1.0,1.5625,ต่ำ
น่าน,เร่งด่วนเช้า (06:00-08:59),ศุกร์,rainy,16,2.0,13.0,18.0,2.0,3.125,สูง
น่าน,เร่งด่วนเช้า (06:00-08:59),ศุกร์,summer,4,1.0,3.0,8.0,0.5,1.0,ต่ำ
น่าน,เร่งด่วนเช้า (06:00-08:59),ศุกร์,winter,6,0.0,2.0,2.0,0.75,0.875,ต่ำ
น่าน,เร่งด่วนเช้า (06:00-08:59),อังคาร,rainy,8,0.0,4.0,4.0,1.0,1.25,ต่ำ
น่าน,เร่งด่วนเช้า (06:00-08:59),อังคาร,summer,6,0.0,5.0,3.0,0.75,0.9375,ต่ำ
น่าน,เร่งด่วนเช้า (06:00-08:59),อังคาร,winter,9,1.0,16.0,10.0,1.125,1.75,ปานกลาง
น่าน,เร่งด่วนเช้า (06:00-08:59),อาทิตย์,rainy,8,0.0,3.0,4.0,1.0,1.25,ต่ำ
น่าน,เร่งด่วนเช้า (06:00-08:59),อาทิตย์,summer,5,0.0,3.0,3.0,0.625,0.8125,ต่ำ
น่าน,เร่งด่วนเช้า (06:00-08:59),อาทิตย์,winter,6,1.0,7.0,9.0,0.75,1.3125,ต่ำ
น่าน,เร่งด่วนเช้า (06:00-08:59),เสาร์,rainy,7,0.0,5.0,6.0,0.875,1.25,ต่ำ
น่าน,เร่งด่วนเช้า (06:00-08:59),เสาร์,summer,6,0.0,0.0,0.0,0.75,0.75,ต่ำ
น่าน,เร่งด่วนเช้า (06:00-08:59),เสาร์,winter,10,0.0,37.0,41.0,1.25,3.8125,สูง
น่าน,เร่งด่วนเย็น (16:00-18:59),จันทร์,rainy,13,1.0,5.0,6.0,1.625,2.0,ปานกลาง
น่าน,เร่งด่วนเย็น (16:00-18:59),จันทร์,summer,5,0.0,4.0,3.0,0.625,0.8125,ต่ำ
น่าน,เร่งด่วนเย็น (16:00-18:59),จันทร์,winter,17,4.0,14.0,26.0,2.125,3.75,สูง
น่าน,เร่งด่วนเย็น (16:00-18:59),พฤหัสบดี,rainy,16,2.0,16.0,20.0,2.0,3.25,สูง
น่าน,เร่งด่วนเย็น (16:00-18:59),พฤหัสบดี,summer,13,0.0,10.0,5.0,1.625,1.9375,ปานกลาง
น่าน,เร่งด่วนเย็น (16:00-18:59),พฤหัสบดี,winter,16,2.0,21.0,26.0,2.0,3.625,สูง
น่าน,เร่งด่วนเย็น (16:00-18:59),พุธ,rainy,16,3.0,10.0,18.0,2.0,3.125,สูง
น่าน,เร่งด่วนเย็น (16:00-18:59),พุธ,summer,8,1.0,7.0,9.0,1.0,1.5625,ต่ำ
น่าน,เร่งด่วนเย็น (16:00-18:59),พุธ,winter,17,4.0,14.0,19.0,2.125,3.3125,สูง
น่าน,เร่งด่วนเย็น (16:00-18:59),ศุกร์,rainy,9,2.0,5.0,12.0,1.125,1.875,ปานกลาง
น่าน,เร่งด่วนเย็น (16:00-18:59),ศุกร์,summer,14,0.0,10.0,8.0,1.75,2.25,ปานกลาง
น่าน,เร่งด่วนเย็น (16:00-18:59),ศุกร์,winter,23,1.0,20.0,20.0,2.875,4.125,สูง
น่าน,เร่งด่วนเย็น (16:00-18:59),อังคาร,rainy,13,2.0,8.0,15.0,1.625,2.5625,ปานกลาง
น่าน,เร่งด่วนเย็น (16:00-18:59),อังคาร,summer,10,1.0,7.0,8.0,1.25,1.75,ปานกลาง
น่าน,เร่งด่วนเย็น (16:00-18:59),อังคาร,winter,19,1.0,20.0,24.0,2.375,3.875,สูง
น่าน,เร่งด่วนเย็น (16:00-18:59),อาทิตย์,rainy,8,1.0,13.0,17.0,1.0,2.0625,ปานกลาง
น่าน,เร่งด่วนเย็น (16:00-18:59),อาทิตย์,summer,16,1.0,12.0,15.0,2.0,2.9375,ปานกลาง
น่าน,เร่งด่วนเย็น (16:00-18:59),อาทิตย์,winter,10,2.0,18.0,26.0,1.25,2.875,ปานกลาง
น่าน,เร่งด่วนเย็น (16:00-18:59),เสาร์,rainy,11,1.0,20.0,12.0,1.375,2.125,ปานกลาง
น่าน,เร่งด่วนเย็น (16:00-18:59),เสาร์,summer,14,11.0,17.0,58.0,1.75,5.375,สูงมาก
น่าน,เร่งด่วนเย็น (16:00-18:59),เสาร์,winter,15,1.0,34.0,41.0,1.875,4.4375,สูง
บึงกาฬ,กลางดึก (00:00-05:59),จันทร์,rainy,6,1.0,3.0,6.0,0.75,1.125,ต่ำ
บึงกาฬ,กลางดึก (00:00-05:59),จันทร์,summer,4,0.0,2.0,1.0,0.5,0.5625,ต่ำ
บึงกาฬ,กลางดึก (00:00-05:59),จันทร์,winter,10,0.0,4.0,4.0,1.25,1.5,ต่ำ
บึงกาฬ,กลางดึก (00:00-05:59),พฤหัสบดี,rainy,7,1.0,5.0,7.0,0.875,1.3125,ต่ำ
บึงกาฬ,กลางดึก (00:00-05:59),พฤหัสบดี,summer,4,0.0,8.0,8.0,0.5,1.0,ต่ำ
บึงกาฬ,กลางดึก (00:00-05:59),พฤหัสบดี,winter,9,0.0,4.0,4.0,1.125,1.375,ต่ำ
บึงกาฬ,กลางดึก (00:00-05:59),พุธ,rainy,8,3.0,5.0,14.0,1.0,1.875,ปานกลาง
บึงกาฬ,กลางดึก (00:00-05:59),พุธ,summer,15,0.0,8.0,8.0,1.875,2.375,ปานกลาง
บึงกาฬ,กลางดึก (00:00-05:59),พุธ,winter,4,1.0,2.0,5.0,0.5,0.8125,ต่ำ
บึงกาฬ,กลางดึก (00:00-05:59),ศุกร์,rainy,17,2.0,6.0,11.0,2.125,2.8125,ปานกลาง
บึงกาฬ,กลางดึก (00:00-05:59),ศุกร์,summer,2,0.0,1.0,1.0,0.25,0.3125,ต่ำ
บึงกาฬ,กลางดึก (00:00-05:59),ศุกร์,winter,10,1.0,6.0,9.0,1.25,1.8125,ปานกลาง
บึงกาฬ,กลางดึก (00:00-05:59),อังคาร,rainy,10,0.0,7.0,7.0,1.25,1.6875,ปานกลาง
บึงกาฬ,กลางดึก (00:00-05:59),อังคาร,summer,7,1.0,5.0,5.0,0.875,1.1875,ต่ำ
บึงกาฬ,กลางดึก (00:00-05:59),อังคาร,winter,6,1.0,10.0,11.0,0.75,1.4375,ต่ำ
บึงกาฬ,กลางดึก (00:00-05:59),อาทิตย์,rainy,10,2.0,7.0,13.0,1.25,2.0625,ปานกลาง
บึงกาฬ,กลางดึก (00:00-05:59),อาทิตย์,summer,6,1.0,4.0,7.0,0.75,1.1875,ต่ำ
บึงกาฬ,กลางดึก (00:00-05:59),อาทิตย์,winter,12,3.0,12.0,20.0,1.5,2.75,ปานกลาง
บึงกาฬ,กลางดึก (00:00-05:59),เสาร์,rainy,10,0.0,6.0,5.0,1.25,1.5625,ต่ำ
บึงกาฬ,กลางดึก (00:00-05:59),เสาร์,summer,7,2.0,3.0,7.0,0.875,1.3125,ต่ำ
บึงกาฬ,กลางดึก (00:00-05:59),เสาร์,winter,13,2.0,10.0,18.0,1.625,2.75,ปานกลาง
บึงกาฬ,กลางวัน (09:00-15:59),จันทร์,rainy,22,6.0,13.0,32.0,2.75,4.75,สูง
บึงกาฬ,กลางวัน (09:00-15:59),จันทร์,summer,9,1.0,6.0,8.0,1.125,1.625,ต่ำ
บึงกาฬ,กลางวัน (09:00-15:59),จันทร์,winter,21,0.0,12.0,14.0,2.625,3.5,สูง
บึงกาฬ,กลางวัน (09:00-15:59),พฤหัสบดี,rainy,16,0.0,11.0,12.0,2.0,2.75,ปานกลาง
บึงกาฬ,กลางวัน (09:00-15:59),พฤหัสบดี,summer,12,2.0,11.0,16.0,1.5,2.5,ปานกลาง
บึงกาฬ,กลางวัน (09:00-15:59),พฤหัสบดี,winter,22,2.0,13.0,21.0,2.75,4.0625,สูง
บึงกาฬ,กลางวัน (09:00-15:59),พุธ,rainy,17,4.0,11.0,22.0,2.125,3.5,สูง
บึงกาฬ,กลางวัน (09:00-15:59),พุธ,summer,13,1.0,13.0,16.0,1.625,2.625,ปานกลาง
บึงกาฬ,กลางวัน (09:00-15:59),พุธ,winter,25,6.0,19.0,36.0,3.125,5.375,สูงมาก
บึงกาฬ,กลางวัน (09:00-15:59),ศุกร์,rainy,19,2.0,19.0,26.0,2.375,4.0,สูง
บึงกาฬ,กลางวัน (09:00-15:59),ศุกร์,summer,13,2.0,4.0,10.0,1.625,2.25,ปานกลาง
บึงกาฬ,กลางวัน (09:00-15:59),ศุกร์,winter,28,5.0,19.0,33.0,3.5,5.5625,สูงมาก
บึงกาฬ,กลางวัน (09:00-15:59),อังคาร,rainy,14,1.0,15.0,19.0,1.75,2.9375,ปานกลาง
บึงกาฬ,กลางวัน (09:00-15:59),อังคาร,summer,12,1.0,9.0,13.0,1.5,2.3125,ปานกลาง
บึงกาฬ,กลางวัน (09:00-15:59),อังคาร,winter,16,0.0,13.0,9.0,2.0,2.5625,ปานกลาง
บึงกาฬ,กลางวัน (09:00-15:59),อาทิตย์,rainy,12,3.0,9.0,21.0,1.5,2.8125,ปานกลาง
บึงกาฬ,กลางวัน (09:00-15:59),อาทิตย์,summer,10,3.0,6.0,13.0,1.25,2.0625,ปานกลาง
บึงกาฬ,กลางวัน (09:00-15:59),อาทิตย์,winter,13,3.0,7.0,15.0,1.625,2.5625,ปานกลาง
บึงกาฬ,กลางวัน (09:00-15:59),เสาร์,rainy,13,0.0,10.0,11.0,1.625,2.3125,ปานกลาง
บึงกาฬ,กลางวัน (09:00-15:59),เสาร์,summer,4,2.0,6.0,12.0,0.5,1.25,ต่ำ
บึงกาฬ,กลางวัน (09:00-15:59),เสาร์,winter,15,2.0,15.0,19.0,1.875,3.0625,สูง
บึงกาฬ,หัวค่ำ-ดึก (19:00-23:59),จันทร์,rainy,7,6.0,8.0,27.0,0.875,2.5625,ปานกลาง
บึงกาฬ,หัวค่ำ-ดึก (19:00-23:59),จันทร์,summer,6,1.0,3.0,6.0,0.75,1.125,ต่ำ
บึงกาฬ,หัวค่ำ-ดึก (19:00-23:59),จันทร์,winter,11,1.0,14.0,18.0,1.375,2.5,ปานกลาง
บึงกาฬ,หัวค่ำ-ดึก (19:00-23:59),พฤหัสบดี,rainy,4,1.0,2.0,5.0,0.5,0.8125,ต่ำ
บึงกาฬ,หัวค่ำ-ดึก (19:00-23:59),พฤหัสบดี,summer,11,2.0,9.0,15.0,1.375,2.3125,ปานกลาง
บึงกาฬ,หัวค่ำ-ดึก (19:00-23:59),พฤหัสบดี,winter,12,5.0,11.0,28.0,1.5,3.25,สูง
บึงกาฬ,หัวค่ำ-ดึก (19:00-23:59),พุธ,rainy,17,6.0,10.0,27.0,2.125,3.8125,สูง
บึงกาฬ,หัวค่ำ-ดึก (19:00-23:59),พุธ,summer,6,0.0,3.0,3.0,0.75,0.9375,ต่ำ
บึงกาฬ,หัวค่ำ-ดึก (19:00-23:59),พุธ,winter,10,5.0,10.0,27.0,1.25,2.9375,ปานกลาง
บึงกาฬ,หัวค่ำ-ดึก (19:00-23:59),ศุกร์,rainy,13,2.0,8.0,14.0,1.625,2.5,ปานกลาง
บึงกาฬ,หัวค่ำ-ดึก (19:00-23:59),ศุกร์,summer,10,0.0,5.0,5.0,1.25,1.5625,ต่ำ
บึงกาฬ,หัวค่ำ-ดึก (19:00-23:59),ศุกร์,winter,7,3.0,3.0,12.0,0.875,1.625,ต่ำ
บึงกาฬ,หัวค่ำ-ดึก (19:00-23:59),อังคาร,rainy,13,1.0,10.0,15.0,1.625,2.5625,ปานกลาง
บึงกาฬ,หัวค่ำ-ดึก (19:00-23:59),อังคาร,summer,10,5.0,11.0,29.0,1.25,3.0625,สูง
บึงกาฬ,หัวค่ำ-ดึก (19:00-23:59),อังคาร,winter,10,3.0,15.0,23.0,1.25,2.6875,ปานกลาง
บึงกาฬ,หัวค่ำ-ดึก (19:00-23:59),อาทิตย์,rainy,12,5.0,6.0,22.0,1.5,2.875,ปานกลาง
บึงกาฬ,หัวค่ำ-ดึก (19:00-23:59),อาทิตย์,summer,9,0.0,12.0,4.0,1.125,1.375,ต่ำ
บึงกาฬ,หัวค่ำ-ดึก (19:00-23:59),อาทิตย์,winter,8,2.0,8.0,16.0,1.0,2.0,ปานกลาง
บึงกาฬ,หัวค่ำ-ดึก (19:00-23:59),เสาร์,rainy,14,5.0,9.0,25.0,1.75,3.3125,สูง
บึงกาฬ,หัวค่ำ-ดึก (19:00-23:59),เสาร์,summer,12,4.0,19.0,24.0,1.5,3.0,สูง
บึงกาฬ,หัวค่ำ-ดึก (19:00-23:59),เสาร์,winter,9,3.0,9.0,21.0,1.125,2.4375,ปานกลาง
บึงกาฬ,เร่งด่วนเช้า (06:00-08:59),จันทร์,rainy,5,0.0,0.0,0.0,0.625,0.625,ต่ำ
บึงกาฬ,เร่งด่วนเช้า (06:00-08:59),จันทร์,summer,2,0.0,0.0,0.0,0.25,0.25,ต่ำ
บึงกาฬ,เร่งด่วนเช้า (06:00-08:59),จันทร์,winter,13,0.0,12.0,9.0,1.625,2.1875,ปานกลาง
บึงกาฬ,เร่งด่วนเช้า (06:00-08:59),พฤหัสบดี,rainy,4,2.0,1.0,7.0,0.5,0.9375,ต่ำ
บึงกาฬ,เร่งด่วนเช้า (06:00-08:59),พฤหัสบดี,summer,8,4.0,5.0,16.0,1.0,2.0,ปานกลาง
บึงกาฬ,เร่งด่วนเช้า (06:00-08:59),พฤหัสบดี,winter,7,4.0,3.0,15.0,0.875,1.8125,ปานกลาง
บึงกาฬ,เร่งด่วนเช้า (06:00-08:59),พุธ,rainy,2,1.0,2.0,3.0,0.25,0.4375,ต่ำ
บึงกาฬ,เร่งด่วนเช้า (06:00-08:59),พุธ,summer,4,0.0,5.0,5.0,0.5,0.8125,ต่ำ
บึงกาฬ,เร่งด่วนเช้า (06:00-08:59),พุธ,winter,5,2.0,5.0,11.0,0.625,1.3125,ต่ำ
บึงกาฬ,เร่งด่วนเช้า (06:00-08:59),ศุกร์,rainy,9,2.0,1.0,7.0,1.125,1.5625,ต่ำ
บึงกาฬ,เร่งด่วนเช้า (06:00-08:59),ศุกร์,summer,3,0.0,5.0,4.0,0.375,0.625,ต่ำ
บึงกาฬ,เร่งด่วนเช้า (06:00-08:59),ศุกร์,winter,5,0.0,6.0,4.0,0.625,0.875,ต่ำ
บึงกาฬ,เร่งด่วนเช้า (06:00-08:59),อังคาร,rainy,3,0.0,2.0,2.0,0.375,0.5,ต่ำ
บึงกาฬ,เร่งด่วนเช้า (06:00-08:59),อังคาร,summer,4,0.0,5.0,5.0,0.5,0.8125,ต่ำ
บึงกาฬ,เร่งด่วนเช้า (06:00-08:59),อังคาร,winter,2,0.0,0.0,0.0,0.25,0.25,ต่ำ
บึงกาฬ,เร่งด่วนเช้า (06:00-08:59),อาทิตย์,rainy,3,2.0,1.0,7.0,0.375,0.8125,ต่ำ
บึงกาฬ,เร่งด่วนเช้า (06:00-08:59),อาทิตย์,summer,4,1.0,4.0,8.0,0.5,1.0,ต่ำ
บึงกาฬ,เร่งด่วนเช้า (06:00-08:59),อาทิตย์,winter,1,1.0,0.0,3.0,0.125,0.3125,ต่ำ
บึงกาฬ,เร่งด่วนเช้า (06:00-08:59),เสาร์,rainy,2,1.0,3.0,7.0,0.25,0.6875,ต่ำ
บึงกาฬ,เร่งด่วนเช้า (06:00-08:59),เสาร์,summer,3,0.0,1.0,1.0,0.375,0.4375,ต่ำ
บึงกาฬ,เร่งด่วนเช้า (06:00-08:59),เสาร์,winter,6,1.0,5.0,9.0,0.75,1.3125,ต่ำ
บึงกาฬ,เร่งด่วนเย็น (16:00-18:59),จันทร์,rainy,4,1.0,4.0,8.0,0.5,1.0,ต่ำ
บึงกาฬ,เร่งด่วนเย็น (16:00-18:59),จันทร์,summer,3,0.0,3.0,3.0,0.375,0.5625,ต่ำ
บึงกาฬ,เร่งด่วนเย็น (16:00-18:59),จันทร์,winter,9,2.0,13.0,17.0,1.125,2.1875,ปานกลาง
บึงกาฬ,เร่งด่วนเย็น (16:00-18:59),พฤหัสบดี,rainy,6,3.0,6.0,16.0,0.75,1.75,ปานกลาง
บึงกาฬ,เร่งด่วนเย็น (16:00-18:59),พฤหัสบดี,summer,7,0.0,14.0,14.0,0.875,1.75,ปานกลาง
บึงกาฬ,เร่งด่วนเย็น (16:00-18:59),พฤหัสบดี,winter,11,2.0,7.0,11.0,1.375,2.0625,ปานกลาง
บึงกาฬ,เร่งด่วนเย็น (16:00-18:59),พุธ,rainy,8,3.0,9.0,15.0,1.0,1.9375,ปานกลาง
บึงกาฬ,เร่งด่วนเย็น (16:00-18:59),พุธ,summer,6,0.0,3.0,3.0,0.75,0.9375,ต่ำ
บึงกาฬ,เร่งด่วนเย็น (16:00-18:59),พุธ,winter,4,0.0,7.0,7.0,0.5,0.9375,ต่ำ
บึงกาฬ,เร่งด่วนเย็น (16:00-18:59),ศุกร์,rainy,11,1.0,8.0,13.0,1.375,2.1875,ปานกลาง
บึงกาฬ,เร่งด่วนเย็น (16:00-18:59),ศุกร์,summer,4,0.0,4.0,4.0,0.5,0.75,ต่ำ
บึงกาฬ,เร่งด่วนเย็น (16:00-18:59),ศุกร์,winter,7,1.0,7.0,12.0,0.875,1.625,ต่ำ
บึงกาฬ,เร่งด่วนเย็น (16:00-18:59),อังคาร,rainy,5,2.0,3.0,9.0,0.625,1.1875,ต่ำ
บึงกาฬ,เร่งด่วนเย็น (16:00-18:59),อังคาร,summer,2,1.0,3.0,9.0,0.25,0.8125,ต่ำ
บึงกาฬ,เร่งด่วนเย็น (16:00-18:59),อังคาร,winter,6,3.0,3.0,10.0,0.75,1.375,ต่ำ
บึงกาฬ,เร่งด่วนเย็น (16:00-18:59),อาทิตย์,rainy,7,1.0,3.0,6.0,0.875,1.25,ต่ำ
บึงกาฬ,เร่งด่วนเย็น (16:00-18:59),อาทิตย์,summer,6,1.0,3.0,6.0,0.75,1.125,ต่ำ
บึงกาฬ,เร่งด่วนเย็น (16:00-18:59),อาทิตย์,winter,9,3.0,6.0,16.0,1.125,2.125,ปานกลาง
บึงกาฬ,เร่งด่วนเย็น (16:00-18:59),เสาร์,rainy,11,11.0,5.0,41.0,1.375,3.9375,สูง
บึงกาฬ,เร่งด่วนเย็น (16:00-18:59),เสาร์,summer,6,2.0,7.0,15.0,0.75,1.6875,ปานกลาง
บึงกาฬ,เร่งด่วนเย็น (16:00-18:59),เสาร์,winter,12,3.0,11.0,21.0,1.5,2.8125,ปานกลาง
บุรีรัมย์,กลางดึก (00:00-05:59),จันทร์,rainy,8,0.0,6.0,3.0,1.0,1.1875,ต่ำ
บุรีรัมย์,กลางดึก (00:00-05:59),จันทร์,summer,6,4.0,7.0,18.0,0.75,1.875,ปานกลาง
บุรีรัมย์,กลางดึก (00:00-05:59),จันทร์,winter,3,0.0,0.0,0.0,0.375,0.375,ต่ำ
บุรีรัมย์,กลางดึก (00:00-05:59),พฤหัสบดี,rainy,4,0.0,4.0,3.0,0.5,0.6875,ต่ำ
บุรีรัมย์,กลางดึก (00:00-05:59),พฤหัสบดี,summer,7,0.0,8.0,11.0,0.875,1.5625,ต่ำ
บุรีรัมย์,กลางดึก (00:00-05:59),พฤหัสบดี,winter,13,2.0,15.0,27.0,1.625,3.3125,สูง
บุรีรัมย์,กลางดึก (00:00-05:59),พุธ,rainy,9,1.0,1.0,5.0,1.125,1.4375,ต่ำ
บุรีรัมย์,กลางดึก (00:00-05:59),พุธ,summer,7,0.0,1.0,2.0,0.875,1.0,ต่ำ
บุรีรัมย์,กลางดึก (00:00-05:59),พุธ,winter,9,0.0,10.0,13.0,1.125,1.9375,ปานกลาง
บุรีรัมย์,กลางดึก (00:00-05:59),ศุกร์,rainy,8,0.0,2.0,2.0,1.0,1.125,ต่ำ
บุรีรัมย์,กลางดึก (00:00-05:59),ศุกร์,summer,6,1.0,11.0,5.0,0.75,1.0625,ต่ำ
บุรีรัมย์,กลางดึก (00:00-05:59),ศุกร์,winter,9,1.0,5.0,8.0,1.125,1.625,ต่ำ
บุรีรัมย์,กลางดึก (00:00-05:59),อังคาร,rainy,9,1.0,9.0,10.0,1.125,1.75,ปานกลาง
บุรีรัมย์,กลางดึก (00:00-05:59),อังคาร,summer,6,0.0,4.0,4.0,0.75,1.0,ต่ำ
บุรีรัมย์,กลางดึก (00:00-05:59),อังคาร,winter,5,0.0,2.0,3.0,0.625,0.8125,ต่ำ
บุรีรัมย์,กลางดึก (00:00-05:59),อาทิตย์,rainy,12,3.0,22.0,32.0,1.5,3.5,สูง
บุรีรัมย์,กลางดึก (00:00-05:59),อาทิตย์,summer,9,2.0,14.0,20.0,1.125,2.375,ปานกลาง
บุรีรัมย์,กลางดึก (00:00-05:59),อาทิตย์,winter,6,2.0,5.0,15.0,0.75,1.6875,ปานกลาง
บุรีรัมย์,กลางดึก (00:00-05:59),เสาร์,rainy,12,0.0,10.0,14.0,1.5,2.375,ปานกลาง
บุรีรัมย์,กลางดึก (00:00-05:59),เสาร์,summer,6,0.0,8.0,2.0,0.75,0.875,ต่ำ
บุรีรัมย์,กลางดึก (00:00-05:59),เสาร์,winter,14,3.0,17.0,28.0,1.75,3.5,สูง
บุรีรัมย์,กลางวัน (09:00-15:59),จันทร์,rainy,10,5.0,1.0,15.0,1.25,2.1875,ปานกลาง
บุรีรัมย์,กลางวัน (09:00-15:59),จันทร์,summer,10,2.0,10.0,16.0,1.25,2.25,ปานกลาง
บุรีรัมย์,กลางวัน (09:00-15:59),จันทร์,winter,13,2.0,16.0,19.0,1.625,2.8125,ปานกลาง
บุรีรัมย์,กลางวัน (09:00-15:59),พฤหัสบดี,rainy,7,2.0,2.0,9.0,0.875,1.4375,ต่ำ
บุรีรัมย์,กลางวัน (09:00-15:59),พฤหัสบดี,summer,15,0.0,15.0,17.0,1.875,2.9375,ปานกลาง
บุรีรัมย์,กลางวัน (09:00-15:59),พฤหัสบดี,winter,15,4.0,14.0,26.0,1.875,3.5,สูง
บุรีรัมย์,กลางวัน (09:00-15:59),พุธ,rainy,9,7.0,16.0,42.0,1.125,3.75,สูง
บุรีรัมย์,กลางวัน (09:00-15:59),พุธ,summer,10,0.0,8.0,9.0,1.25,1.8125,ปานกลาง
บุรีรัมย์,กลางวัน (09:00-15:59),พุธ,winter,12,2.0,12.0,16.0,1.5,2.5,ปานกลาง
บุรีรัมย์,กลางวัน (09:00-15:59),ศุกร์,rainy,15,2.0,8.0,14.0,1.875,2.75,ปานกลาง
บุรีรัมย์,กลางวัน (09:00-15:59),ศุกร์,summer,12,4.0,9.0,23.0,1.5,2.9375,ปานกลาง
บุรีรัมย์,กลางวัน (09:00-15:59),ศุกร์,winter,13,1.0,13.0,18.0,1.625,2.75,ปานกลาง
บุรีรัมย์,กลางวัน (09:00-15:59),อังคาร,rainy,9,4.0,6.0,19.0,1.125,2.3125,ปานกลาง
บุรีรัมย์,กลางวัน (09:00-15:59),อังคาร,summer,16,1.0,21.0,25.0,2.0,3.5625,สูง
บุรีรัมย์,กลางวัน (09:00-15:59),อังคาร,winter,15,6.0,13.0,34.0,1.875,4.0,สูง
บุรีรัมย์,กลางวัน (09:00-15:59),อาทิตย์,rainy,9,2.0,4.0,12.0,1.125,1.875,ปานกลาง
บุรีรัมย์,กลางวัน (09:00-15:59),อาทิตย์,summer,16,1.0,14.0,22.0,2.0,3.375,สูง
บุรีรัมย์,กลางวัน (09:00-15:59),อาทิตย์,winter,10,2.0,5.0,10.0,1.25,1.875,ปานกลาง
บุรีรัมย์,กลางวัน (09:00-15:59),เสาร์,rainy,8,1.0,5.0,8.0,1.0,1.5,ต่ำ
บุรีรัมย์,กลางวัน (09:00-15:59),เสาร์,summer,8,1.0,7.0,7.0,1.0,1.4375,ต่ำ
บุรีรัมย์,กลางวัน (09:00-15:59),เสาร์,winter,15,6.0,21.0,44.0,1.875,4.625,สูง
บุรีรัมย์,หัวค่ำ-ดึก (19:00-23:59),จันทร์,rainy,7,3.0,6.0,20.0,0.875,2.125,ปานกลาง
บุรีรัมย์,หัวค่ำ-ดึก (19:00-23:59),จันทร์,summer,2,0.0,5.0,5.0,0.25,0.5625,ต่ำ
บุรีรัมย์,หัวค่ำ-ดึก (19:00-23:59),จันทร์,winter,5,3.0,4.0,14.0,0.625,1.5,ต่ำ
บุรีรัมย์,หัวค่ำ-ดึก (19:00-23:59),พฤหัสบดี,rainy,8,0.0,8.0,8.0,1.0,1.5,ต่ำ
บุรีรัมย์,หัวค่ำ-ดึก (19:00-23:59),พฤหัสบดี,summer,5,2.0,2.0,8.0,0.625,1.125,ต่ำ
บุรีรัมย์,หัวค่ำ-ดึก (19:00-23:59),พฤหัสบดี,winter,2,0.0,1.0,1.0,0.25,0.3125,ต่ำ
บุรีรัมย์,หัวค่ำ-ดึก (19:00-23:59),พุธ,rainy,18,10.0,6.0,36.0,2.25,4.5,สูง
บุรีรัมย์,หัวค่ำ-ดึก (19:00-23:59),พุธ,summer,1,0.0,1.0,2.0,0.125,0.25,ต่ำ
บุรีรัมย์,หัวค่ำ-ดึก (19:00-23:59),พุธ,winter,13,7.0,12.0,40.0,1.625,4.125,สูง
บุรีรัมย์,หัวค่ำ-ดึก (19:00-23:59),ศุกร์,rainy,8,2.0,6.0,13.0,1.0,1.8125,ปานกลาง
บุรีรัมย์,หัวค่ำ-ดึก (19:00-23:59),ศุกร์,summer,3,4.0,7.0,22.0,0.375,1.75,ปานกลาง
บุรีรัมย์,หัวค่ำ-ดึก (19:00-23:59),ศุกร์,winter,4,1.0,2.0,5.0,0.5,0.8125,ต่ำ
บุรีรัมย์,หัวค่ำ-ดึก (19:00-23:59),อังคาร,rainy,8,2.0,42.0,53.0,1.0,4.3125,สูง
บุรีรัมย์,หัวค่ำ-ดึก (19:00-23:59),อังคาร,summer,4,2.0,4.0,10.0,0.5,1.125,ต่ำ
บุรีรัมย์,หัวค่ำ-ดึก (19:00-23:59),อังคาร,winter,5,3.0,3.0,11.0,0.625,1.3125,ต่ำ
บุรีรัมย์,หัวค่ำ-ดึก (19:00-23:59),อาทิตย์,rainy,10,3.0,5.0,12.0,1.25,2.0,ปานกลาง
บุรีรัมย์,หัวค่ำ-ดึก (19:00-23:59),อาทิตย์,summer,10,1.0,8.0,10.0,1.25,1.875,ปานกลาง
บุรีรัมย์,หัวค่ำ-ดึก (19:00-23:59),อาทิตย์,winter,2,0.0,1.0,1.0,0.25,0.3125,ต่ำ
บุรีรัมย์,หัวค่ำ-ดึก (19:00-23:59),เสาร์,rainy,10,5.0,12.0,33.0,1.25,3.3125,สูง
บุรีรัมย์,หัวค่ำ-ดึก (19:00-23:59),เสาร์,summer,5,3.0,4.0,13.0,0.625,1.4375,ต่ำ
บุรีรัมย์,หัวค่ำ-ดึก (19:00-23:59),เสาร์,winter,9,4.0,9.0,16.0,1.125,2.125,ปานกลาง
บุรีรัมย์,เร่งด่วนเช้า (06:00-08:59),จันทร์,rainy,3,0.0,1.0,2.0,0.375,0.5,ต่ำ
บุรีรัมย์,เร่งด่วนเช้า (06:00-08:59),จันทร์,summer,5,0.0,10.0,12.0,0.625,1.375,ต่ำ
บุรีรัมย์,เร่งด่วนเช้า (06:00-08:59),จันทร์,winter,3,0.0,2.0,2.0,0.375,0.5,ต่ำ
บุรีรัมย์,เร่งด่วนเช้า (06:00-08:59),พฤหัสบดี,rainy,4,1.0,0.0,3.0,0.5,0.6875,ต่ำ
บุรีรัมย์,เร่งด่วนเช้า (06:00-08:59),พฤหัสบดี,summer,1,0.0,0.0,0.0,0.125,0.125,ต่ำ
บุรีรัมย์,เร่งด่วนเช้า (06:00-08:59),พฤหัสบดี,winter,7,4.0,9.0,22.0,0.875,2.25,ปานกลาง
บุรีรัมย์,เร่งด่วนเช้า (06:00-08:59),พุธ,rainy,5,8.0,2.0,25.0,0.625,2.1875,ปานกลาง
บุรีรัมย์,เร่งด่วนเช้า (06:00-08:59),พุธ,summer,3,0.0,3.0,4.0,0.375,0.625,ต่ำ
บุรีรัมย์,เร่งด่วนเช้า (06:00-08:59),พุธ,winter,13,3.0,6.0,18.0,1.625,2.75,ปานกลาง
บุรีรัมย์,เร่งด่วนเช้า (06:00-08:59),ศุกร์,rainy,6,0.0,2.0,2.0,0.75,0.875,ต่ำ
บุรีรัมย์,เร่งด่วนเช้า (06:00-08:59),ศุกร์,summer,5,2.0,9.0,16.0,0.625,1.625,ต่ำ
บุรีรัมย์,เร่งด่วนเช้า (06:00-08:59),ศุกร์,winter,4,0.0,5.0,5.0,0.5,0.8125,ต่ำ
บุรีรัมย์,เร่งด่วนเช้า (06:00-08:59),อังคาร,rainy,6,0.0,4.0,5.0,0.75,1.0625,ต่ำ
บุรีรัมย์,เร่งด่วนเช้า (06:00-08:59),อังคาร,summer,1,0.0,3.0,3.0,0.125,0.3125,ต่ำ
บุรีรัมย์,เร่งด่วนเช้า (06:00-08:59),อังคาร,winter,9,1.0,10.0,14.0,1.125,2.0,ปานกลาง
บุรีรัมย์,เร่งด่วนเช้า (06:00-08:59),อาทิตย์,rainy,1,1.0,0.0,3.0,0.125,0.3125,ต่ำ
บุรีรัมย์,เร่งด่วนเช้า (06:00-08:59),อาทิตย์,summer,4,0.0,0.0,0.0,0.5,0.5,ต่ำ
บุรีรัมย์,เร่งด่วนเช้า (06:00-08:59),อาทิตย์,winter,3,0.0,6.0,6.0,0.375,0.75,ต่ำ
บุรีรัมย์,เร่งด่วนเช้า (06:00-08:59),เสาร์,rainy,5,2.0,9.0,16.0,0.625,1.625,ต่ำ
บุรีรัมย์,เร่งด่วนเช้า (06:00-08:59),เสาร์,summer,13,2.0,15.0,26.0,1.625,3.25,สูง
บุรีรัมย์,เร่งด่วนเช้า (06:00-08:59),เสาร์,winter,4,0.0,6.0,12.0,0.5,1.25,ต่ำ
บุรีรัมย์,เร่งด่วนเย็น (16:00-18:59),จันทร์,rainy,7,5.0,6.0,24.0,0.875,2.375,ปานกลาง
บุรีรัมย์,เร่งด่วนเย็น (16:00-18:59),จันทร์,summer,5,1.0,23.0,31.0,0.625,2.5625,ปานกลาง
บุรีรัมย์,เร่งด่วนเย็น (16:00-18:59),จันทร์,winter,3,1.0,1.0,4.0,0.375,0.625,ต่ำ
บุรีรัมย์,เร่งด่วนเย็น (16:00-18:59),พฤหัสบดี,rainy,2,0.0,1.0,1.0,0.25,0.3125,ต่ำ
บุรีรัมย์,เร่งด่วนเย็น (16:00-18:59),พฤหัสบดี,summer,7,0.0,12.0,10.0,0.875,1.5,ต่ำ
บุรีรัมย์,เร่งด่วนเย็น (16:00-18:59),พฤหัสบดี,winter,7,8.0,5.0,31.0,0.875,2.8125,ปานกลาง
บุรีรัมย์,เร่งด่วนเย็น (16:00-18:59),พุธ,rainy,2,0.0,1.0,2.0,0.25,0.375,ต่ำ
บุรีรัมย์,เร่งด่วนเย็น (16:00-18:59),พุธ,summer,3,0.0,1.0,1.0,0.375,0.4375,ต่ำ
บุรีรัมย์,เร่งด่วนเย็น (16:00-18:59),พุธ,winter,8,0.0,6.0,10.0,1.0,1.625,ต่ำ
บุรีรัมย์,เร่งด่วนเย็น (16:00-18:59),ศุกร์,rainy,5,0.0,1.0,1.0,0.625,0.6875,ต่ำ
บุรีรัมย์,เร่งด่วนเย็น (16:00-18:59),ศุกร์,summer,1,0.0,2.0,2.0,0.125,0.25,ต่ำ
บุรีรัมย์,เร่งด่วนเย็น (16:00-18:59),ศุกร์,winter,3,0.0,6.0,10.0,0.375,1.0,ต่ำ
บุรีรัมย์,เร่งด่วนเย็น (16:00-18:59),อังคาร,rainy,6,3.0,12.0,20.0,0.75,2.0,ปานกลาง
บุรีรัมย์,เร่งด่วนเย็น (16:00-18:59),อังคาร,summer,3,0.0,5.0,6.0,0.375,0.75,ต่ำ
บุรีรัมย์,เร่งด่วนเย็น (16:00-18:59),อังคาร,winter,3,0.0,2.0,0.0,0.375,0.375,ต่ำ
บุรีรัมย์,เร่งด่วนเย็น (16:00-18:59),อาทิตย์,rainy,5,1.0,2.0,4.0,0.625,0.875,ต่ำ
บุรีรัมย์,เร่งด่วนเย็น (16:00-18:59),อาทิตย์,summer,3,0.0,3.0,2.0,0.375,0.5,ต่ำ
บุรีรัมย์,เร่งด่วนเย็น (16:00-18:59),อาทิตย์,winter,3,1.0,1.0,5.0,0.375,0.6875,ต่ำ
บุรีรัมย์,เร่งด่วนเย็น (16:00-18:59),เสาร์,rainy,2,0.0,0.0,0.0,0.25,0.25,ต่ำ
บุรีรัมย์,เร่งด่วนเย็น (16:00-18:59),เสาร์,summer,2,1.0,1.0,4.0,0.25,0.5,ต่ำ
บุรีรัมย์,เร่งด่วนเย็น (16:00-18:59),เสาร์,winter,8,2.0,3.0,8.0,1.0,1.5,ต่ำ
ปทุมธานี,กลางดึก (00:00-05:59),จันทร์,rainy,34,6.0,10.0,28.0,4.25,6.0,สูงมาก
ปทุมธานี,กลางดึก (00:00-05:59),จันทร์,summer,21,8.0,27.0,51.0,2.625,5.8125,สูงมาก
ปทุมธานี,กลางดึก (00:00-05:59),จันทร์,winter,46,13.0,19.0,56.0,5.75,9.25,สูงมาก
ปทุมธานี,กลางดึก (00:00-05:59),พฤหัสบดี,rainy,39,3.0,26.0,33.0,4.875,6.9375,สูงมาก
ปทุมธานี,กลางดึก (00:00-05:59),พฤหัสบดี,summer,31,5.0,9.0,25.0,3.875,5.4375,สูงมาก
ปทุมธานี,กลางดึก (00:00-05:59),พฤหัสบดี,winter,40,3.0,24.0,32.0,5.0,7.0,สูงมาก
ปทุมธานี,กลางดึก (00:00-05:59),พุธ,rainy,37,7.0,19.0,36.0,4.625,6.875,สูงมาก
ปทุมธานี,กลางดึก (00:00-05:59),พุธ,summer,29,3.0,14.0,26.0,3.625,5.25,สูงมาก
ปทุมธานี,กลางดึก (00:00-05:59),พุธ,winter,36,3.0,16.0,27.0,4.5,6.1875,สูงมาก
ปทุมธานี,กลางดึก (00:00-05:59),ศุกร์,rainy,44,2.0,17.0,22.0,5.5,6.875,สูงมาก
ปทุมธานี,กลางดึก (00:00-05:59),ศุกร์,summer,37,6.0,20.0,39.0,4.625,7.0625,สูงมาก
ปทุมธานี,กลางดึก (00:00-05:59),ศุกร์,winter,31,11.0,39.0,72.0,3.875,8.375,สูงมาก
ปทุมธานี,กลางดึก (00:00-05:59),อังคาร,rainy,41,7.0,20.0,33.0,5.125,7.1875,สูงมาก
ปทุมธานี,กลางดึก (00:00-05:59),อังคาร,summer,36,11.0,23.0,56.0,4.5,8.0,สูงมาก
ปทุมธานี,กลางดึก (00:00-05:59),อังคาร,winter,35,3.0,22.0,26.0,4.375,6.0,สูงมาก
ปทุมธานี,กลางดึก (00:00-05:59),อาทิตย์,rainy,46,9.0,19.0,47.0,5.75,8.6875,สูงมาก
ปทุมธานี,กลางดึก (00:00-05:59),อาทิตย์,summer,35,5.0,24.0,37.0,4.375,6.6875,สูงมาก
ปทุมธานี,กลางดึก (00:00-05:59),อาทิตย์,winter,41,17.0,82.0,91.0,5.125,10.8125,สูงมาก
ปทุมธานี,กลางดึก (00:00-05:59),เสาร์,rainy,54,8.0,41.0,65.0,6.75,10.8125,สูงมาก
ปทุมธานี,กลางดึก (00:00-05:59),เสาร์,summer,34,6.0,17.0,35.0,4.25,6.4375,สูงมาก
ปทุมธานี,กลางดึก (00:00-05:59),เสาร์,winter,42,10.0,38.0,64.0,5.25,9.25,สูงมาก
ปทุมธานี,กลางวัน (09:00-15:59),จันทร์,rainy,70,4.0,37.0,42.0,8.75,11.375,สูงมาก
ปทุมธานี,กลางวัน (09:00-15:59),จันทร์,summer,35,0.0,10.0,11.0,4.375,5.0625,สูง
ปทุมธานี,กลางวัน (09:00-15:59),จันทร์,winter,66,6.0,24.0,41.0,8.25,10.8125,สูงมาก
ปทุมธานี,กลางวัน (09:00-15:59),พฤหัสบดี,rainy,79,4.0,28.0,40.0,9.875,12.375,สูงมาก
ปทุมธานี,กลางวัน (09:00-15:59),พฤหัสบดี,summer,54,1.0,32.0,47.0,6.75,9.6875,สูงมาก
ปทุมธานี,กลางวัน (09:00-15:59),พฤหัสบดี,winter,68,6.0,53.0,74.0,8.5,13.125,สูงมาก
ปทุมธานี,กลางวัน (09:00-15:59),พุธ,rainy,61,4.0,26.0,40.0,7.625,10.125,สูงมาก
ปทุมธานี,กลางวัน (09:00-15:59),พุธ,summer,42,4.0,24.0,36.0,5.25,7.5,สูงมาก
ปทุมธานี,กลางวัน (09:00-15:59),พุธ,winter,62,6.0,40.0,59.0,7.75,11.4375,สูงมาก
ปทุมธานี,กลางวัน (09:00-15:59),ศุกร์,rainy,82,3.0,26.0,33.0,10.25,12.3125,สูงมาก
ปทุมธานี,กลางวัน (09:00-15:59),ศุกร์,summer,52,1.0,26.0,28.0,6.5,8.25,สูงมาก
ปทุมธานี,กลางวัน (09:00-15:59),ศุกร์,winter,70,7.0,42.0,66.0,8.75,12.875,สูงมาก
ปทุมธานี,กลางวัน (09:00-15:59),อังคาร,rainy,56,25.0,16.0,95.0,7.0,12.9375,สูงมาก
ปทุมธานี,กลางวัน (09:00-15:59),อังคาร,summer,43,3.0,23.0,33.0,5.375,7.4375,สูงมาก
ปทุมธานี,กลางวัน (09:00-15:59),อังคาร,winter,53,5.0,23.0,37.0,6.625,8.9375,สูงมาก
ปทุมธานี,กลางวัน (09:00-15:59),อาทิตย์,rainy,52,6.0,41.0,51.0,6.5,9.6875,สูงมาก
ปทุมธานี,กลางวัน (09:00-15:59),อาทิตย์,summer,44,2.0,28.0,37.0,5.5,7.8125,สูงมาก
ปทุมธานี,กลางวัน (09:00-15:59),อาทิตย์,winter,62,6.0,47.0,62.0,7.75,11.625,สูงมาก
ปทุมธานี,กลางวัน (09:00-15:59),เสาร์,rainy,87,7.0,33.0,54.0,10.875,14.25,สูงมาก
ปทุมธานี,กลางวัน (09:00-15:59),เสาร์,summer,42,0.0,19.0,18.0,5.25,6.375,สูงมาก
ปทุมธานี,กลางวัน (09:00-15:59),เสาร์,winter,74,13.0,39.0,71.0,9.25,13.6875,สูงมาก
ปทุมธานี,หัวค่ำ-ดึก (19:00-23:59),จันทร์,rainy,36,5.0,16.0,31.0,4.5,6.4375,สูงมาก
ปทุมธานี,หัวค่ำ-ดึก (19:00-23:59),จันทร์,summer,26,7.0,17.0,38.0,3.25,5.625,สูงมาก
ปทุมธานี,หัวค่ำ-ดึก (19:00-23:59),จันทร์,winter,35,9.0,14.0,41.0,4.375,6.9375,สูงมาก
ปทุมธานี,หัวค่ำ-ดึก (19:00-23:59),พฤหัสบดี,rainy,35,6.0,20.0,39.0,4.375,6.8125,สูงมาก
ปทุมธานี,หัวค่ำ-ดึก (19:00-23:59),พฤหัสบดี,summer,30,6.0,8.0,27.0,3.75,5.4375,สูงมาก
ปทุมธานี,หัวค่ำ-ดึก (19:00-23:59),พฤหัสบดี,winter,41,8.0,27.0,53.0,5.125,8.4375,สูงมาก
ปทุมธานี,หัวค่ำ-ดึก (19:00-23:59),พุธ,rainy,47,8.0,33.0,58.0,5.875,9.5,สูงมาก
ปทุมธานี,หัวค่ำ-ดึก (19:00-23:59),พุธ,summer,29,5.0,15.0,31.0,3.625,5.5625,สูงมาก
ปทุมธานี,หัวค่ำ-ดึก (19:00-23:59),พุธ,winter,28,4.0,13.0,25.0,3.5,5.0625,สูง
ปทุมธานี,หัวค่ำ-ดึก (19:00-23:59),ศุกร์,rainy,60,3.0,25.0,34.0,7.5,9.625,สูงมาก
ปทุมธานี,หัวค่ำ-ดึก (19:00-23:59),ศุกร์,summer,35,6.0,16.0,34.0,4.375,6.5,สูงมาก
ปทุมธานี,หัวค่ำ-ดึก (19:00-23:59),ศุกร์,winter,30,7.0,17.0,37.0,3.75,6.0625,สูงมาก
ปทุมธานี,หัวค่ำ-ดึก (19:00-23:59),อังคาร,rainy,36,4.0,18.0,30.0,4.5,6.375,สูงมาก
ปทุมธานี,หัวค่ำ-ดึก (19:00-23:59),อังคาร,summer,27,10.0,15.0,47.0,3.375,6.3125,สูงมาก
ปทุมธานี,หัวค่ำ-ดึก (19:00-23:59),อังคาร,winter,28,3.0,15.0,23.0,3.5,4.9375,สูง
ปทุมธานี,หัวค่ำ-ดึก (19:00-23:59),อาทิตย์,rainy,52,6.0,24.0,42.0,6.5,9.125,สูงมาก
ปทุมธานี,หัวค่ำ-ดึก (19:00-23:59),อาทิตย์,summer,36,3.0,15.0,24.0,4.5,6.0,สูงมาก
ปทุมธานี,หัวค่ำ-ดึก (19:00-23:59),อาทิตย์,winter,34,9.0,18.0,47.0,4.25,7.1875,สูงมาก
ปทุมธานี,หัวค่ำ-ดึก (19:00-23:59),เสาร์,rainy,48,6.0,23.0,38.0,6.0,8.375,สูงมาก
ปทุมธานี,หัวค่ำ-ดึก (19:00-23:59),เสาร์,summer,33,3.0,25.0,29.0,4.125,5.9375,สูงมาก
ปทุมธานี,หัวค่ำ-ดึก (19:00-23:59),เสาร์,winter,40,6.0,26.0,53.0,5.0,8.3125,สูงมาก
ปทุมธานี,เร่งด่วนเช้า (06:00-08:59),จันทร์,rainy,26,5.0,15.0,30.0,3.25,5.125,สูงมาก
ปทุมธานี,เร่งด่วนเช้า (06:00-08:59),จันทร์,summer,23,1.0,11.0,13.0,2.875,3.6875,สูง
ปทุมธานี,เร่งด่วนเช้า (06:00-08:59),จันทร์,winter,14,1.0,6.0,8.0,1.75,2.25,ปานกลาง
ปทุมธานี,เร่งด่วนเช้า (06:00-08:59),พฤหัสบดี,rainy,32,1.0,17.0,15.0,4.0,4.9375,สูง
ปทุมธานี,เร่งด่วนเช้า (06:00-08:59),พฤหัสบดี,summer,11,1.0,1.0,4.0,1.375,1.625,ต่ำ
ปทุมธานี,เร่งด่วนเช้า (06:00-08:59),พฤหัสบดี,winter,22,1.0,15.0,16.0,2.75,3.75,สูง
ปทุมธานี,เร่งด่วนเช้า (06:00-08:59),พุธ,rainy,25,2.0,12.0,20.0,3.125,4.375,สูง
ปทุมธานี,เร่งด่วนเช้า (06:00-08:59),พุธ,summer,17,2.0,11.0,18.0,2.125,3.25,สูง
ปทุมธานี,เร่งด่วนเช้า (06:00-08:59),พุธ,winter,16,1.0,8.0,10.0,2.0,2.625,ปานกลาง
ปทุมธานี,เร่งด่วนเช้า (06:00-08:59),ศุกร์,rainy,19,2.0,23.0,28.0,2.375,4.125,สูง
ปทุมธานี,เร่งด่วนเช้า (06:00-08:59),ศุกร์,summer,27,2.0,15.0,19.0,3.375,4.5625,สูง
ปทุมธานี,เร่งด่วนเช้า (06:00-08:59),ศุกร์,winter,28,2.0,13.0,22.0,3.5,4.875,สูง
ปทุมธานี,เร่งด่วนเช้า (06:00-08:59),อังคาร,rainy,37,6.0,32.0,54.0,4.625,8.0,สูงมาก
ปทุมธานี,เร่งด่วนเช้า (06:00-08:59),อังคาร,summer,11,2.0,6.0,13.0,1.375,2.1875,ปานกลาง
ปทุมธานี,เร่งด่วนเช้า (06:00-08:59),อังคาร,winter,18,0.0,17.0,19.0,2.25,3.4375,สูง
ปทุมธานี,เร่งด่วนเช้า (06:00-08:59),อาทิตย์,rainy,24,7.0,18.0,38.0,3.0,5.375,สูงมาก
ปทุมธานี,เร่งด่วนเช้า (06:00-08:59),อาทิตย์,summer,21,6.0,22.0,40.0,2.625,5.125,สูงมาก
ปทุมธานี,เร่งด่วนเช้า (06:00-08:59),อาทิตย์,winter,17,4.0,13.0,22.0,2.125,3.5,สูง
ปทุมธานี,เร่งด่วนเช้า (06:00-08:59),เสาร์,rainy,29,3.0,6.0,15.0,3.625,4.5625,สูง
ปทุมธานี,เร่งด่วนเช้า (06:00-08:59),เสาร์,summer,14,0.0,2.0,2.0,1.75,1.875,ปานกลาง
ปทุมธานี,เร่งด่วนเช้า (06:00-08:59),เสาร์,winter,25,11.0,12.0,49.0,3.125,6.1875,สูงมาก
ปทุมธานี,เร่งด่วนเย็น (16:00-18:59),จันทร์,rainy,24,3.0,17.0,25.0,3.0,4.5625,สูง
ปทุมธานี,เร่งด่วนเย็น (16:00-18:59),จันทร์,summer,24,4.0,12.0,24.0,3.0,4.5,สูง
ปทุมธานี,เร่งด่วนเย็น (16:00-18:59),จันทร์,winter,16,0.0,5.0,1.0,2.0,2.0625,ปานกลาง
ปทุมธานี,เร่งด่วนเย็น (16:00-18:59),พฤหัสบดี,rainy,20,2.0,2.0,8.0,2.5,3.0,สูง
ปทุมธานี,เร่งด่วนเย็น (16:00-18:59),พฤหัสบดี,summer,15,2.0,6.0,11.0,1.875,2.5625,ปานกลาง
ปทุมธานี,เร่งด่วนเย็น (16:00-18:59),พฤหัสบดี,winter,13,4.0,3.0,15.0,1.625,2.5625,ปานกลาง
ปทุมธานี,เร่งด่วนเย็น (16:00-18:59),พุธ,rainy,21,0.0,12.0,14.0,2.625,3.5,สูง
ปทุมธานี,เร่งด่วนเย็น (16:00-18:59),พุธ,summer,16,2.0,6.0,12.0,2.0,2.75,ปานกลาง
ปทุมธานี,เร่งด่วนเย็น (16:00-18:59),พุธ,winter,18,2.0,9.0,18.0,2.25,3.375,สูง
ปทุมธานี,เร่งด่วนเย็น (16:00-18:59),ศุกร์,rainy,25,1.0,8.0,8.0,3.125,3.625,สูง
ปทุมธานี,เร่งด่วนเย็น (16:00-18:59),ศุกร์,summer,20,1.0,4.0,7.0,2.5,2.9375,ปานกลาง
ปทุมธานี,เร่งด่วนเย็น (16:00-18:59),ศุกร์,winter,22,2.0,13.0,19.0,2.75,3.9375,สูง
ปทุมธานี,เร่งด่วนเย็น (16:00-18:59),อังคาร,rainy,28,5.0,15.0,31.0,3.5,5.4375,สูงมาก
ปทุมธานี,เร่งด่วนเย็น (16:00-18:59),อังคาร,summer,22,0.0,16.0,16.0,2.75,3.75,สูง
ปทุมธานี,เร่งด่วนเย็น (16:00-18:59),อังคาร,winter,21,3.0,7.0,15.0,2.625,3.5625,สูง
ปทุมธานี,เร่งด่วนเย็น (16:00-18:59),อาทิตย์,rainy,32,3.0,29.0,39.0,4.0,6.4375,สูงมาก
ปทุมธานี,เร่งด่วนเย็น (16:00-18:59),อาทิตย์,summer,18,1.0,12.0,15.0,2.25,3.1875,สูง
ปทุมธานี,เร่งด่วนเย็น (16:00-18:59),อาทิตย์,winter,19,4.0,8.0,22.0,2.375,3.75,สูง
ปทุมธานี,เร่งด่วนเย็น (16:00-18:59),เสาร์,rainy,31,4.0,15.0,27.0,3.875,5.5625,สูงมาก
ปทุมธานี,เร่งด่วนเย็น (16:00-18:59),เสาร์,summer,16,1.0,3.0,7.0,2.0,2.4375,ปานกลาง
ปทุมธานี,เร่งด่วนเย็น (16:00-18:59),เสาร์,winter,15,0.0,9.0,11.0,1.875,2.5625,ปานกลาง
ประจวบคีรีขันธ์,กลางดึก (00:00-05:59),จันทร์,rainy,27,3.0,11.0,23.0,3.375,4.8125,สูง
ประจวบคีรีขันธ์,กลางดึก (00:00-05:59),จันทร์,summer,21,3.0,17.0,28.0,2.625,4.375,สูง
ประจวบคีรีขันธ์,กลางดึก (00:00-05:59),จันทร์,winter,24,4.0,16.0,26.0,3.0,4.625,สูง
ประจวบคีรีขันธ์,กลางดึก (00:00-05:59),พฤหัสบดี,rainy,30,2.0,11.0,16.0,3.75,4.75,สูง
ประจวบคีรีขันธ์,กลางดึก (00:00-05:59),พฤหัสบดี,summer,27,6.0,22.0,42.0,3.375,6.0,สูงมาก
ประจวบคีรีขันธ์,กลางดึก (00:00-05:59),พฤหัสบดี,winter,30,7.0,29.0,51.0,3.75,6.9375,สูงมาก
ประจวบคีรีขันธ์,กลางดึก (00:00-05:59),พุธ,rainy,20,4.0,23.0,41.0,2.5,5.0625,สูง
ประจวบคีรีขันธ์,กลางดึก (00:00-05:59),พุธ,summer,32,13.0,24.0,69.0,4.0,8.3125,สูงมาก
ประจวบคีรีขันธ์,กลางดึก (00:00-05:59),พุธ,winter,21,4.0,11.0,18.0,2.625,3.75,สูง
ประจวบคีรีขันธ์,กลางดึก (00:00-05:59),ศุกร์,rainy,26,4.0,9.0,21.0,3.25,4.5625,สูง
ประจวบคีรีขันธ์,กลางดึก (00:00-05:59),ศุกร์,summer,21,16.0,46.0,108.0,2.625,9.375,สูงมาก
ประจวบคีรีขันธ์,กลางดึก (00:00-05:59),ศุกร์,winter,27,8.0,15.0,39.0,3.375,5.8125,สูงมาก
ประจวบคีรีขันธ์,กลางดึก (00:00-05:59),อังคาร,rainy,35,3.0,20.0,30.0,4.375,6.25,สูงมาก
ประจวบคีรีขันธ์,กลางดึก (00:00-05:59),อังคาร,summer,26,0.0,29.0,29.0,3.25,5.0625,สูง
ประจวบคีรีขันธ์,กลางดึก (00:00-05:59),อังคาร,winter,22,7.0,13.0,36.0,2.75,5.0,สูง
ประจวบคีรีขันธ์,กลางดึก (00:00-05:59),อาทิตย์,rainy,26,5.0,48.0,64.0,3.25,7.25,สูงมาก
ประจวบคีรีขันธ์,กลางดึก (00:00-05:59),อาทิตย์,summer,19,3.0,54.0,34.0,2.375,4.5,สูง
ประจวบคีรีขันธ์,กลางดึก (00:00-05:59),อาทิตย์,winter,35,11.0,30.0,57.0,4.375,7.9375,สูงมาก
ประจวบคีรีขันธ์,กลางดึก (00:00-05:59),เสาร์,rainy,23,1.0,12.0,13.0,2.875,3.6875,สูง
ประจวบคีรีขันธ์,กลางดึก (00:00-05:59),เสาร์,summer,28,4.0,15.0,24.0,3.5,5.0,สูง
ประจวบคีรีขันธ์,กลางดึก (00:00-05:59),เสาร์,winter,34,6.0,34.0,59.0,4.25,7.9375,สูงมาก
ประจวบคีรีขันธ์,กลางวัน (09:00-15:59),จันทร์,rainy,71,13.0,33.0,80.0,8.875,13.875,สูงมาก
ประจวบคีรีขันธ์,กลางวัน (09:00-15:59),จันทร์,summer,38,11.0,33.0,67.0,4.75,8.9375,สูงมาก
ประจวบคีรีขันธ์,กลางวัน (09:00-15:59),จันทร์,winter,36,7.0,33.0,56.0,4.5,8.0,สูงมาก
ประจวบคีรีขันธ์,กลางวัน (09:00-15:59),พฤหัสบดี,rainy,35,4.0,20.0,32.0,4.375,6.375,สูงมาก
ประจวบคีรีขันธ์,กลางวัน (09:00-15:59),พฤหัสบดี,summer,32,4.0,20.0,34.0,4.0,6.125,สูงมาก
ประจวบคีรีขันธ์,กลางวัน (09:00-15:59),พฤหัสบดี,winter,39,10.0,33.0,71.0,4.875,9.3125,สูงมาก
ประจวบคีรีขันธ์,กลางวัน (09:00-15:59),พุธ,rainy,41,8.0,27.0,56.0,5.125,8.625,สูงมาก
ประจวบคีรีขันธ์,กลางวัน (09:00-15:59),พุธ,summer,32,4.0,21.0,36.0,4.0,6.25,สูงมาก
ประจวบคีรีขันธ์,กลางวัน (09:00-15:59),พุธ,winter,44,8.0,37.0,58.0,5.5,9.125,สูงมาก
ประจวบคีรีขันธ์,กลางวัน (09:00-15:59),ศุกร์,rainy,51,7.0,49.0,75.0,6.375,11.0625,สูงมาก
ประจวบคีรีขันธ์,กลางวัน (09:00-15:59),ศุกร์,summer,34,5.0,33.0,55.0,4.25,7.6875,สูงมาก
ประจวบคีรีขันธ์,กลางวัน (09:00-15:59),ศุกร์,winter,41,11.0,35.0,64.0,5.125,9.125,สูงมาก
ประจวบคีรีขันธ์,กลางวัน (09:00-15:59),อังคาร,rainy,52,8.0,40.0,75.0,6.5,11.1875,สูงมาก
ประจวบคีรีขันธ์,กลางวัน (09:00-15:59),อังคาร,summer,58,12.0,37.0,65.0,7.25,11.3125,สูงมาก
ประจวบคีรีขันธ์,กลางวัน (09:00-15:59),อังคาร,winter,36,4.0,42.0,53.0,4.5,7.8125,สูงมาก
ประจวบคีรีขันธ์,กลางวัน (09:00-15:59),อาทิตย์,rainy,48,12.0,34.0,71.0,6.0,10.4375,สูงมาก
ประจวบคีรีขันธ์,กลางวัน (09:00-15:59),อาทิตย์,summer,31,1.0,16.0,11.0,3.875,4.5625,สูง
ประจวบคีรีขันธ์,กลางวัน (09:00-15:59),อาทิตย์,winter,25,6.0,22.0,41.0,3.125,5.6875,สูงมาก
ประจวบคีรีขันธ์,กลางวัน (09:00-15:59),เสาร์,rainy,45,8.0,32.0,56.0,5.625,9.125,สูงมาก
ประจวบคีรีขันธ์,กลางวัน (09:00-15:59),เสาร์,summer,40,4.0,30.0,42.0,5.0,7.625,สูงมาก
ประจวบคีรีขันธ์,กลางวัน (09:00-15:59),เสาร์,winter,37,7.0,68.0,72.0,4.625,9.125,สูงมาก
ประจวบคีรีขันธ์,หัวค่ำ-ดึก (19:00-23:59),จันทร์,rainy,17,1.0,11.0,16.0,2.125,3.125,สูง
ประจวบคีรีขันธ์,หัวค่ำ-ดึก (19:00-23:59),จันทร์,summer,21,4.0,7.0,21.0,2.625,3.9375,สูง
ประจวบคีรีขันธ์,หัวค่ำ-ดึก (19:00-23:59),จันทร์,winter,23,4.0,23.0,37.0,2.875,5.1875,สูงมาก
ประจวบคีรีขันธ์,หัวค่ำ-ดึก (19:00-23:59),พฤหัสบดี,rainy,13,3.0,9.0,15.0,1.625,2.5625,ปานกลาง
ประจวบคีรีขันธ์,หัวค่ำ-ดึก (19:00-23:59),พฤหัสบดี,summer,18,1.0,18.0,20.0,2.25,3.5,สูง
ประจวบคีรีขันธ์,หัวค่ำ-ดึก (19:00-23:59),พฤหัสบดี,winter,11,0.0,15.0,20.0,1.375,2.625,ปานกลาง
ประจวบคีรีขันธ์,หัวค่ำ-ดึก (19:00-23:59),พุธ,rainy,17,3.0,12.0,17.0,2.125,3.1875,สูง
ประจวบคีรีขันธ์,หัวค่ำ-ดึก (19:00-23:59),พุธ,summer,12,2.0,11.0,19.0,1.5,2.6875,ปานกลาง
ประจวบคีรีขันธ์,หัวค่ำ-ดึก (19:00-23:59),พุธ,winter,14,4.0,14.0,20.0,1.75,3.0,สูง
ประจวบคีรีขันธ์,หัวค่ำ-ดึก (19:00-23:59),ศุกร์,rainy,15,1.0,16.0,18.0,1.875,3.0,สูง
ประจวบคีรีขันธ์,หัวค่ำ-ดึก (19:00-23:59),ศุกร์,summer,8,3.0,4.0,14.0,1.0,1.875,ปานกลาง
ประจวบคีรีขันธ์,หัวค่ำ-ดึก (19:00-23:59),ศุกร์,winter,14,5.0,10.0,22.0,1.75,3.125,สูง
ประจวบคีรีขันธ์,หัวค่ำ-ดึก (19:00-23:59),อังคาร,rainy,16,2.0,7.0,13.0,2.0,2.8125,ปานกลาง
ประจวบคีรีขันธ์,หัวค่ำ-ดึก (19:00-23:59),อังคาร,summer,8,1.0,9.0,10.0,1.0,1.625,ต่ำ
ประจวบคีรีขันธ์,หัวค่ำ-ดึก (19:00-23:59),อังคาร,winter,11,2.0,5.0,13.0,1.375,2.1875,ปานกลาง
ประจวบคีรีขันธ์,หัวค่ำ-ดึก (19:00-23:59),อาทิตย์,rainy,22,2.0,10.0,19.0,2.75,3.9375,สูง
ประจวบคีรีขันธ์,หัวค่ำ-ดึก (19:00-23:59),อาทิตย์,summer,11,1.0,8.0,10.0,1.375,2.0,ปานกลาง
ประจวบคีรีขันธ์,หัวค่ำ-ดึก (19:00-23:59),อาทิตย์,winter,8,1.0,14.0,16.0,1.0,2.0,ปานกลาง
ประจวบคีรีขันธ์,หัวค่ำ-ดึก (19:00-23:59),เสาร์,rainy,16,0.0,7.0,7.0,2.0,2.4375,ปานกลาง
ประจวบคีรีขันธ์,หัวค่ำ-ดึก (19:00-23:59),เสาร์,summer,18,5.0,22.0,38.0,2.25,4.625,สูง
ประจวบคีรีขันธ์,หัวค่ำ-ดึก (19:00-23:59),เสาร์,winter,21,3.0,15.0,24.0,2.625,4.125,สูง
ประจวบคีรีขันธ์,เร่งด่วนเช้า (06:00-08:59),จันทร์,rainy,31,5.0,26.0,47.0,3.875,6.8125,สูงมาก
ประจวบคีรีขันธ์,เร่งด่วนเช้า (06:00-08:59),จันทร์,summer,16,4.0,17.0,22.0,2.0,3.375,สูง
ประจวบคีรีขันธ์,เร่งด่วนเช้า (06:00-08:59),จันทร์,winter,16,6.0,19.0,29.0,2.0,3.8125,สูง
ประจวบคีรีขันธ์,เร่งด่วนเช้า (06:00-08:59),พฤหัสบดี,rainy,26,3.0,12.0,21.0,3.25,4.5625,สูง
ประจวบคีรีขันธ์,เร่งด่วนเช้า (06:00-08:59),พฤหัสบดี,summer,7,2.0,2.0,8.0,0.875,1.375,ต่ำ
ประจวบคีรีขันธ์,เร่งด่วนเช้า (06:00-08:59),พฤหัสบดี,winter,15,2.0,7.0,14.0,1.875,2.75,ปานกลาง
ประจวบคีรีขันธ์,เร่งด่วนเช้า (06:00-08:59),พุธ,rainy,28,9.0,23.0,45.0,3.5,6.3125,สูงมาก
ประจวบคีรีขันธ์,เร่งด่วนเช้า (06:00-08:59),พุธ,summer,19,3.0,12.0,20.0,2.375,3.625,สูง
ประจวบคีรีขันธ์,เร่งด่วนเช้า (06:00-08:59),พุธ,winter,15,5.0,15.0,25.0,1.875,3.4375,สูง
ประจวบคีรีขันธ์,เร่งด่วนเช้า (06:00-08:59),ศุกร์,rainy,23,2.0,13.0,19.0,2.875,4.0625,สูง
ประจวบคีรีขันธ์,เร่งด่วนเช้า (06:00-08:59),ศุกร์,summer,19,4.0,10.0,16.0,2.375,3.375,สูง
ประจวบคีรีขันธ์,เร่งด่วนเช้า (06:00-08:59),ศุกร์,winter,22,2.0,15.0,23.0,2.75,4.1875,สูง
ประจวบคีรีขันธ์,เร่งด่วนเช้า (06:00-08:59),อังคาร,rainy,21,1.0,13.0,18.0,2.625,3.75,สูง
ประจวบคีรีขันธ์,เร่งด่วนเช้า (06:00-08:59),อังคาร,summer,24,8.0,9.0,30.0,3.0,4.875,สูง
ประจวบคีรีขันธ์,เร่งด่วนเช้า (06:00-08:59),อังคาร,winter,14,3.0,9.0,17.0,1.75,2.8125,ปานกลาง
ประจวบคีรีขันธ์,เร่งด่วนเช้า (06:00-08:59),อาทิตย์,rainy,25,0.0,12.0,13.0,3.125,3.9375,สูง
ประจวบคีรีขันธ์,เร่งด่วนเช้า (06:00-08:59),อาทิตย์,summer,13,3.0,9.0,20.0,1.625,2.875,ปานกลาง
ประจวบคีรีขันธ์,เร่งด่วนเช้า (06:00-08:59),อาทิตย์,winter,20,6.0,7.0,25.0,2.5,4.0625,สูง
ประจวบคีรีขันธ์,เร่งด่วนเช้า (06:00-08:59),เสาร์,rainy,26,7.0,22.0,50.0,3.25,6.375,สูงมาก
ประจวบคีรีขันธ์,เร่งด่วนเช้า (06:00-08:59),เสาร์,summer,17,0.0,6.0,7.0,2.125,2.5625,ปานกลาง
ประจวบคีรีขันธ์,เร่งด่วนเช้า (06:00-08:59),เสาร์,winter,18,3.0,18.0,12.0,2.25,3.0,สูง
ประจวบคีรีขันธ์,เร่งด่วนเย็น (16:00-18:59),จันทร์,rainy,20,1.0,16.0,18.0,2.5,3.625,สูง
ประจวบคีรีขันธ์,เร่งด่วนเย็น (16:00-18:59),จันทร์,summer,12,4.0,10.0,26.0,1.5,3.125,สูง
ประจวบคีรีขันธ์,เร่งด่วนเย็น (16:00-18:59),จันทร์,winter,16,2.0,13.0,20.0,2.0,3.25,สูง
ประจวบคีรีขันธ์,เร่งด่วนเย็น (16:00-18:59),พฤหัสบดี,rainy,13,1.0,15.0,18.0,1.625,2.75,ปานกลาง
ประจวบคีรีขันธ์,เร่งด่วนเย็น (16:00-18:59),พฤหัสบดี,summer,7,3.0,12.0,23.0,0.875,2.3125,ปานกลาง
ประจวบคีรีขันธ์,เร่งด่วนเย็น (16:00-18:59),พฤหัสบดี,winter,17,5.0,11.0,26.0,2.125,3.75,สูง
ประจวบคีรีขันธ์,เร่งด่วนเย็น (16:00-18:59),พุธ,rainy,9,1.0,4.0,7.0,1.125,1.5625,ต่ำ
ประจวบคีรีขันธ์,เร่งด่วนเย็น (16:00-18:59),พุธ,summer,14,3.0,10.0,22.0,1.75,3.125,สูง
ประจวบคีรีขันธ์,เร่งด่วนเย็น (16:00-18:59),พุธ,winter,19,9.0,24.0,60.0,2.375,6.125,สูงมาก
ประจวบคีรีขันธ์,เร่งด่วนเย็น (16:00-18:59),ศุกร์,rainy,19,2.0,9.0,15.0,2.375,3.3125,สูง
ประจวบคีรีขันธ์,เร่งด่วนเย็น (16:00-18:59),ศุกร์,summer,11,1.0,2.0,5.0,1.375,1.6875,ปานกลาง
ประจวบคีรีขันธ์,เร่งด่วนเย็น (16:00-18:59),ศุกร์,winter,9,1.0,5.0,8.0,1.125,1.625,ต่ำ
ประจวบคีรีขันธ์,เร่งด่วนเย็น (16:00-18:59),อังคาร,rainy,18,4.0,13.0,27.0,2.25,3.9375,สูง
ประจวบคีรีขันธ์,เร่งด่วนเย็น (16:00-18:59),อังคาร,summer,9,0.0,12.0,10.0,1.125,1.75,ปานกลาง
ประจวบคีรีขันธ์,เร่งด่วนเย็น (16:00-18:59),อังคาร,winter,11,1.0,11.0,6.0,1.375,1.75,ปานกลาง
ประจวบคีรีขันธ์,เร่งด่วนเย็น (16:00-18:59),อาทิตย์,rainy,13,3.0,5.0,16.0,1.625,2.625,ปานกลาง
ประจวบคีรีขันธ์,เร่งด่วนเย็น (16:00-18:59),อาทิตย์,summer,10,0.0,7.0,8.0,1.25,1.75,ปานกลาง
ประจวบคีรีขันธ์,เร่งด่วนเย็น (16:00-18:59),อาทิตย์,winter,18,3.0,18.0,29.0,2.25,4.0625,สูง
ประจวบคีรีขันธ์,เร่งด่วนเย็น (16:00-18:59),เสาร์,rainy,14,1.0,31.0,39.0,1.75,4.1875,สูง
ประจวบคีรีขันธ์,เร่งด่วนเย็น (16:00-18:59),เสาร์,summer,10,2.0,6.0,12.0,1.25,2.0,ปานกลาง
ประจวบคีรีขันธ์,เร่งด่วนเย็น (16:00-18:59),เสาร์,winter,11,3.0,2.0,12.0,1.375,2.125,ปานกลาง
ปราจีนบุรี,กลางดึก (00:00-05:59),จันทร์,rainy,12,3.0,6.0,11.0,1.5,2.1875,ปานกลาง
ปราจีนบุรี,กลางดึก (00:00-05:59),จันทร์,summer,10,9.0,81.0,84.0,1.25,6.5,สูงมาก
ปราจีนบุรี,กลางดึก (00:00-05:59),จันทร์,winter,16,2.0,38.0,41.0,2.0,4.5625,สูง
ปราจีนบุรี,กลางดึก (00:00-05:59),พฤหัสบดี,rainy,12,4.0,8.0,21.0,1.5,2.8125,ปานกลาง
ปราจีนบุรี,กลางดึก (00:00-05:59),พฤหัสบดี,summer,11,6.0,5.0,25.0,1.375,2.9375,ปานกลาง
ปราจีนบุรี,กลางดึก (00:00-05:59),พฤหัสบดี,winter,11,1.0,6.0,9.0,1.375,1.9375,ปานกลาง
ปราจีนบุรี,กลางดึก (00:00-05:59),พุธ,rainy,14,1.0,9.0,13.0,1.75,2.5625,ปานกลาง
ปราจีนบุรี,กลางดึก (00:00-05:59),พุธ,summer,6,1.0,2.0,4.0,0.75,1.0,ต่ำ
ปราจีนบุรี,กลางดึก (00:00-05:59),พุธ,winter,14,20.0,57.0,150.0,1.75,11.125,สูงมาก
ปราจีนบุรี,กลางดึก (00:00-05:59),ศุกร์,rainy,12,7.0,8.0,21.0,1.5,2.8125,ปานกลาง
ปราจีนบุรี,กลางดึก (00:00-05:59),ศุกร์,summer,12,2.0,6.0,12.0,1.5,2.25,ปานกลาง
ปราจีนบุรี,กลางดึก (00:00-05:59),ศุกร์,winter,11,4.0,7.0,18.0,1.375,2.5,ปานกลาง
ปราจีนบุรี,กลางดึก (00:00-05:59),อังคาร,rainy,11,4.0,13.0,21.0,1.375,2.6875,ปานกลาง
ปราจีนบุรี,กลางดึก (00:00-05:59),อังคาร,summer,9,0.0,5.0,6.0,1.125,1.5,ต่ำ
ปราจีนบุรี,กลางดึก (00:00-05:59),อังคาร,winter,11,1.0,10.0,18.0,1.375,2.5,ปานกลาง
ปราจีนบุรี,กลางดึก (00:00-05:59),อาทิตย์,rainy,11,1.0,7.0,7.0,1.375,1.8125,ปานกลาง
ปราจีนบุรี,กลางดึก (00:00-05:59),อาทิตย์,summer,10,3.0,6.0,15.0,1.25,2.1875,ปานกลาง
ปราจีนบุรี,กลางดึก (00:00-05:59),อาทิตย์,winter,19,8.0,25.0,39.0,2.375,4.8125,สูง
ปราจีนบุรี,กลางดึก (00:00-05:59),เสาร์,rainy,27,4.0,19.0,26.0,3.375,5.0,สูง
ปราจีนบุรี,กลางดึก (00:00-05:59),เสาร์,summer,18,6.0,19.0,47.0,2.25,5.1875,สูงมาก
ปราจีนบุรี,กลางดึก (00:00-05:59),เสาร์,winter,18,5.0,25.0,29.0,2.25,4.0625,สูง
ปราจีนบุรี,กลางวัน (09:00-15:59),จันทร์,rainy,26,5.0,25.0,45.0,3.25,6.0625,สูงมาก
ปราจีนบุรี,กลางวัน (09:00-15:59),จันทร์,summer,23,1.0,18.0,26.0,2.875,4.5,สูง
ปราจีนบุรี,กลางวัน (09:00-15:59),จันทร์,winter,31,4.0,31.0,45.0,3.875,6.6875,สูงมาก
ปราจีนบุรี,กลางวัน (09:00-15:59),พฤหัสบดี,rainy,31,7.0,24.0,47.0,3.875,6.8125,สูงมาก
ปราจีนบุรี,กลางวัน (09:00-15:59),พฤหัสบดี,summer,16,4.0,10.0,23.0,2.0,3.4375,สูง
ปราจีนบุรี,กลางวัน (09:00-15:59),พฤหัสบดี,winter,32,5.0,25.0,37.0,4.0,6.3125,สูงมาก
ปราจีนบุรี,กลางวัน (09:00-15:59),พุธ,rainy,38,4.0,23.0,34.0,4.75,6.875,สูงมาก
ปราจีนบุรี,กลางวัน (09:00-15:59),พุธ,summer,31,1.0,22.0,28.0,3.875,5.625,สูงมาก
ปราจีนบุรี,กลางวัน (09:00-15:59),พุธ,winter,24,5.0,11.0,25.0,3.0,4.5625,สูง
ปราจีนบุรี,กลางวัน (09:00-15:59),ศุกร์,rainy,27,5.0,11.0,27.0,3.375,5.0625,สูง
ปราจีนบุรี,กลางวัน (09:00-15:59),ศุกร์,summer,24,5.0,16.0,30.0,3.0,4.875,สูง
ปราจีนบุรี,กลางวัน (09:00-15:59),ศุกร์,winter,26,4.0,16.0,33.0,3.25,5.3125,สูงมาก
ปราจีนบุรี,กลางวัน (09:00-15:59),อังคาร,rainy,38,2.0,25.0,35.0,4.75,6.9375,สูงมาก
ปราจีนบุรี,กลางวัน (09:00-15:59),อังคาร,summer,13,0.0,10.0,8.0,1.625,2.125,ปานกลาง
ปราจีนบุรี,กลางวัน (09:00-15:59),อังคาร,winter,29,2.0,20.0,32.0,3.625,5.625,สูงมาก
ปราจีนบุรี,กลางวัน (09:00-15:59),อาทิตย์,rainy,20,2.0,29.0,32.0,2.5,4.5,สูง
ปราจีนบุรี,กลางวัน (09:00-15:59),อาทิตย์,summer,23,2.0,18.0,24.0,2.875,4.375,สูง
ปราจีนบุรี,กลางวัน (09:00-15:59),อาทิตย์,winter,37,6.0,39.0,62.0,4.625,8.5,สูงมาก
ปราจีนบุรี,กลางวัน (09:00-15:59),เสาร์,rainy,20,1.0,20.0,20.0,2.5,3.75,สูง
ปราจีนบุรี,กลางวัน (09:00-15:59),เสาร์,summer,34,6.0,46.0,57.0,4.25,7.8125,สูงมาก
ปราจีนบุรี,กลางวัน (09:00-15:59),เสาร์,winter,30,1.0,32.0,39.0,3.75,6.1875,สูงมาก
ปราจีนบุรี,หัวค่ำ-ดึก (19:00-23:59),จันทร์,rainy,17,6.0,11.0,32.0,2.125,4.125,สูง
ปราจีนบุรี,หัวค่ำ-ดึก (19:00-23:59),จันทร์,summer,17,7.0,26.0,37.0,2.125,4.4375,สูง
ปราจีนบุรี,หัวค่ำ-ดึก (19:00-23:59),จันทร์,winter,14,1.0,8.0,9.0,1.75,2.3125,ปานกลาง
ปราจีนบุรี,หัวค่ำ-ดึก (19:00-23:59),พฤหัสบดี,rainy,7,0.0,5.0,3.0,0.875,1.0625,ต่ำ
ปราจีนบุรี,หัวค่ำ-ดึก (19:00-23:59),พฤหัสบดี,summer,12,3.0,8.0,17.0,1.5,2.5625,ปานกลาง
ปราจีนบุรี,หัวค่ำ-ดึก (19:00-23:59),พฤหัสบดี,winter,13,5.0,9.0,29.0,1.625,3.4375,สูง
ปราจีนบุรี,หัวค่ำ-ดึก (19:00-23:59),พุธ,rainy,16,4.0,12.0,26.0,2.0,3.625,สูง
ปราจีนบุรี,หัวค่ำ-ดึก (19:00-23:59),พุธ,summer,11,0.0,20.0,32.0,1.375,3.375,สูง
ปราจีนบุรี,หัวค่ำ-ดึก (19:00-23:59),พุธ,winter,18,3.0,30.0,33.0,2.25,4.3125,สูง
ปราจีนบุรี,หัวค่ำ-ดึก (19:00-23:59),ศุกร์,rainy,16,2.0,15.0,19.0,2.0,3.1875,สูง
ปราจีนบุรี,หัวค่ำ-ดึก (19:00-23:59),ศุกร์,summer,11,2.0,9.0,15.0,1.375,2.3125,ปานกลาง
ปราจีนบุรี,หัวค่ำ-ดึก (19:00-23:59),ศุกร์,winter,14,3.0,18.0,22.0,1.75,3.125,สูง
ปราจีนบุรี,หัวค่ำ-ดึก (19:00-23:59),อังคาร,rainy,21,5.0,18.0,29.0,2.625,4.4375,สูง
ปราจีนบุรี,หัวค่ำ-ดึก (19:00-23:59),อังคาร,summer,12,2.0,6.0,12.0,1.5,2.25,ปานกลาง
ปราจีนบุรี,หัวค่ำ-ดึก (19:00-23:59),อังคาร,winter,22,5.0,22.0,41.0,2.75,5.3125,สูงมาก
ปราจีนบุรี,หัวค่ำ-ดึก (19:00-23:59),อาทิตย์,rainy,15,3.0,7.0,17.0,1.875,2.9375,ปานกลาง
ปราจีนบุรี,หัวค่ำ-ดึก (19:00-23:59),อาทิตย์,summer,15,6.0,16.0,37.0,1.875,4.1875,สูง
ปราจีนบุรี,หัวค่ำ-ดึก (19:00-23:59),อาทิตย์,winter,22,6.0,15.0,39.0,2.75,5.1875,สูงมาก
ปราจีนบุรี,หัวค่ำ-ดึก (19:00-23:59),เสาร์,rainy,17,6.0,10.0,31.0,2.125,4.0625,สูง
ปราจีนบุรี,หัวค่ำ-ดึก (19:00-23:59),เสาร์,summer,16,0.0,11.0,11.0,2.0,2.6875,ปานกลาง
ปราจีนบุรี,หัวค่ำ-ดึก (19:00-23:59),เสาร์,winter,20,2.0,13.0,19.0,2.5,3.6875,สูง
ปราจีนบุรี,เร่งด่วนเช้า (06:00-08:59),จันทร์,rainy,17,0.0,27.0,27.0,2.125,3.8125,สูง
ปราจีนบุรี,เร่งด่วนเช้า (06:00-08:59),จันทร์,summer,5,1.0,1.0,4.0,0.625,0.875,ต่ำ
ปราจีนบุรี,เร่งด่วนเช้า (06:00-08:59),จันทร์,winter,11,2.0,7.0,14.0,1.375,2.25,ปานกลาง
ปราจีนบุรี,เร่งด่วนเช้า (06:00-08:59),พฤหัสบดี,rainy,17,6.0,4.0,20.0,2.125,3.375,สูง
ปราจีนบุรี,เร่งด่วนเช้า (06:00-08:59),พฤหัสบดี,summer,7,1.0,5.0,11.0,0.875,1.5625,ต่ำ
ปราจีนบุรี,เร่งด่วนเช้า (06:00-08:59),พฤหัสบดี,winter,4,1.0,3.0,7.0,0.5,0.9375,ต่ำ
ปราจีนบุรี,เร่งด่วนเช้า (06:00-08:59),พุธ,rainy,10,0.0,5.0,3.0,1.25,1.4375,ต่ำ
ปราจีนบุรี,เร่งด่วนเช้า (06:00-08:59),พุธ,summer,11,3.0,10.0,19.0,1.375,2.5625,ปานกลาง
ปราจีนบุรี,เร่งด่วนเช้า (06:00-08:59),พุธ,winter,15,3.0,9.0,17.0,1.875,2.9375,ปานกลาง
ปราจีนบุรี,เร่งด่วนเช้า (06:00-08:59),ศุกร์,rainy,18,4.0,14.0,21.0,2.25,3.5625,สูง
ปราจีนบุรี,เร่งด่วนเช้า (06:00-08:59),ศุกร์,summer,14,3.0,10.0,15.0,1.75,2.6875,ปานกลาง
ปราจีนบุรี,เร่งด่วนเช้า (06:00-08:59),ศุกร์,winter,11,4.0,12.0,25.0,1.375,2.9375,ปานกลาง
ปราจีนบุรี,เร่งด่วนเช้า (06:00-08:59),อังคาร,rainy,12,3.0,15.0,25.0,1.5,3.0625,สูง
ปราจีนบุรี,เร่งด่วนเช้า (06:00-08:59),อังคาร,summer,13,2.0,40.0,18.0,1.625,2.75,ปานกลาง
ปราจีนบุรี,เร่งด่วนเช้า (06:00-08:59),อังคาร,winter,12,5.0,13.0,23.0,1.5,2.9375,ปานกลาง
ปราจีนบุรี,เร่งด่วนเช้า (06:00-08:59),อาทิตย์,rainy,10,1.0,8.0,11.0,1.25,1.9375,ปานกลาง
ปราจีนบุรี,เร่งด่วนเช้า (06:00-08:59),อาทิตย์,summer,8,0.0,6.0,7.0,1.0,1.4375,ต่ำ
ปราจีนบุรี,เร่งด่วนเช้า (06:00-08:59),อาทิตย์,winter,14,2.0,12.0,12.0,1.75,2.5,ปานกลาง
ปราจีนบุรี,เร่งด่วนเช้า (06:00-08:59),เสาร์,rainy,18,2.0,11.0,16.0,2.25,3.25,สูง
ปราจีนบุรี,เร่งด่วนเช้า (06:00-08:59),เสาร์,summer,12,2.0,10.0,16.0,1.5,2.5,ปานกลาง
ปราจีนบุรี,เร่งด่วนเช้า (06:00-08:59),เสาร์,winter,7,0.0,4.0,4.0,0.875,1.125,ต่ำ
ปราจีนบุรี,เร่งด่วนเย็น (16:00-18:59),จันทร์,rainy,14,2.0,11.0,18.0,1.75,2.875,ปานกลาง
ปราจีนบุรี,เร่งด่วนเย็น (16:00-18:59),จันทร์,summer,16,3.0,15.0,24.0,2.0,3.5,สูง
ปราจีนบุรี,เร่งด่วนเย็น (16:00-18:59),จันทร์,winter,10,1.0,11.0,15.0,1.25,2.1875,ปานกลาง
ปราจีนบุรี,เร่งด่วนเย็น (16:00-18:59),พฤหัสบดี,rainy,6,1.0,3.0,9.0,0.75,1.3125,ต่ำ
ปราจีนบุรี,เร่งด่วนเย็น (16:00-18:59),พฤหัสบดี,summer,9,0.0,19.0,19.0,1.125,2.3125,ปานกลาง
ปราจีนบุรี,เร่งด่วนเย็น (16:00-18:59),พฤหัสบดี,winter,15,3.0,36.0,45.0,1.875,4.6875,สูง
ปราจีนบุรี,เร่งด่วนเย็น (16:00-18:59),พุธ,rainy,8,2.0,7.0,9.0,1.0,1.5625,ต่ำ
ปราจีนบุรี,เร่งด่วนเย็น (16:00-18:59),พุธ,summer,8,0.0,6.0,7.0,1.0,1.4375,ต่ำ
ปราจีนบุรี,เร่งด่วนเย็น (16:00-18:59),พุธ,winter,16,3.0,17.0,30.0,2.0,3.875,สูง
ปราจีนบุรี,เร่งด่วนเย็น (16:00-18:59),ศุกร์,rainy,10,1.0,4.0,7.0,1.25,1.6875,ปานกลาง
ปราจีนบุรี,เร่งด่วนเย็น (16:00-18:59),ศุกร์,summer,13,3.0,6.0,12.0,1.625,2.375,ปานกลาง
ปราจีนบุรี,เร่งด่วนเย็น (16:00-18:59),ศุกร์,winter,14,2.0,6.0,11.0,1.75,2.4375,ปานกลาง
ปราจีนบุรี,เร่งด่วนเย็น (16:00-18:59),อังคาร,rainy,7,1.0,5.0,8.0,0.875,1.375,ต่ำ
ปราจีนบุรี,เร่งด่วนเย็น (16:00-18:59),อังคาร,summer,8,1.0,4.0,7.0,1.0,1.4375,ต่ำ
ปราจีนบุรี,เร่งด่วนเย็น (16:00-18:59),อังคาร,winter,8,1.0,8.0,9.0,1.0,1.5625,ต่ำ
ปราจีนบุรี,เร่งด่วนเย็น (16:00-18:59),อาทิตย์,rainy,10,1.0,9.0,17.0,1.25,2.3125,ปานกลาง
ปราจีนบุรี,เร่งด่วนเย็น (16:00-18:59),อาทิตย์,summer,7,2.0,13.0,21.0,0.875,2.1875,ปานกลาง
ปราจีนบุรี,เร่งด่วนเย็น (16:00-18:59),อาทิตย์,winter,13,3.0,10.0,18.0,1.625,2.75,ปานกลาง
ปราจีนบุรี,เร่งด่วนเย็น (16:00-18:59),เสาร์,rainy,12,2.0,12.0,24.0,1.5,3.0,สูง
ปราจีนบุรี,เร่งด่วนเย็น (16:00-18:59),เสาร์,summer,13,0.0,8.0,10.0,1.625,2.25,ปานกลาง
ปราจีนบุรี,เร่งด่วนเย็น (16:00-18:59),เสาร์,winter,17,3.0,15.0,32.0,2.125,4.125,สูง
ปัตตานี,กลางดึก (00:00-05:59),จันทร์,rainy,4,1.0,3.0,6.0,0.5,0.875,ต่ำ
ปัตตานี,กลางดึก (00:00-05:59),จันทร์,summer,10,0.0,14.0,14.0,1.25,2.125,ปานกลาง
ปัตตานี,กลางดึก (00:00-05:59),จันทร์,winter,3,3.0,2.0,9.0,0.375,0.9375,ต่ำ
ปัตตานี,กลางดึก (00:00-05:59),พฤหัสบดี,rainy,9,2.0,4.0,9.0,1.125,1.6875,ปานกลาง
ปัตตานี,กลางดึก (00:00-05:59),พฤหัสบดี,summer,7,0.0,3.0,1.0,0.875,0.9375,ต่ำ
ปัตตานี,กลางดึก (00:00-05:59),พฤหัสบดี,winter,11,1.0,13.0,16.0,1.375,2.375,ปานกลาง
ปัตตานี,กลางดึก (00:00-05:59),พุธ,rainy,7,0.0,12.0,12.0,0.875,1.625,ต่ำ
ปัตตานี,กลางดึก (00:00-05:59),พุธ,summer,4,0.0,4.0,4.0,0.5,0.75,ต่ำ
ปัตตานี,กลางดึก (00:00-05:59),พุธ,winter,3,0.0,0.0,0.0,0.375,0.375,ต่ำ
ปัตตานี,กลางดึก (00:00-05:59),ศุกร์,rainy,10,1.0,14.0,18.0,1.25,2.375,ปานกลาง
ปัตตานี,กลางดึก (00:00-05:59),ศุกร์,summer,4,1.0,4.0,8.0,0.5,1.0,ต่ำ
ปัตตานี,กลางดึก (00:00-05:59),ศุกร์,winter,4,0.0,3.0,0.0,0.5,0.5,ต่ำ
ปัตตานี,กลางดึก (00:00-05:59),อังคาร,rainy,7,1.0,15.0,16.0,0.875,1.875,ปานกลาง
ปัตตานี,กลางดึก (00:00-05:59),อังคาร,summer,5,1.0,2.0,5.0,0.625,0.9375,ต่ำ
ปัตตานี,กลางดึก (00:00-05:59),อังคาร,winter,8,0.0,12.0,15.0,1.0,1.9375,ปานกลาง
ปัตตานี,กลางดึก (00:00-05:59),อาทิตย์,rainy,7,1.0,5.0,5.0,0.875,1.1875,ต่ำ
ปัตตานี,กลางดึก (00:00-05:59),อาทิตย์,summer,3,0.0,5.0,5.0,0.375,0.6875,ต่ำ
ปัตตานี,กลางดึก (00:00-05:59),อาทิตย์,winter,5,0.0,2.0,2.0,0.625,0.75,ต่ำ
ปัตตานี,กลางดึก (00:00-05:59),เสาร์,rainy,3,0.0,3.0,3.0,0.375,0.5625,ต่ำ
ปัตตานี,กลางดึก (00:00-05:59),เสาร์,summer,4,0.0,2.0,2.0,0.5,0.625,ต่ำ
ปัตตานี,กลางดึก (00:00-05:59),เสาร์,winter,9,2.0,8.0,15.0,1.125,2.0625,ปานกลาง
ปัตตานี,กลางวัน (09:00-15:59),จันทร์,rainy,27,2.0,21.0,23.0,3.375,4.8125,สูง
ปัตตานี,กลางวัน (09:00-15:59),จันทร์,summer,13,2.0,24.0,34.0,1.625,3.75,สูง
ปัตตานี,กลางวัน (09:00-15:59),จันทร์,winter,21,0.0,20.0,15.0,2.625,3.5625,สูง
ปัตตานี,กลางวัน (09:00-15:59),พฤหัสบดี,rainy,13,4.0,18.0,24.0,1.625,3.125,สูง
ปัตตานี,กลางวัน (09:00-15:59),พฤหัสบดี,summer,13,0.0,12.0,7.0,1.625,2.0625,ปานกลาง
ปัตตานี,กลางวัน (09:00-15:59),พฤหัสบดี,winter,18,4.0,12.0,23.0,2.25,3.6875,สูง
ปัตตานี,กลางวัน (09:00-15:59),พุธ,rainy,22,3.0,8.0,17.0,2.75,3.8125,สูง
ปัตตานี,กลางวัน (09:00-15:59),พุธ,summer,10,0.0,11.0,11.0,1.25,1.9375,ปานกลาง
ปัตตานี,กลางวัน (09:00-15:59),พุธ,winter,16,2.0,24.0,26.0,2.0,3.625,สูง
ปัตตานี,กลางวัน (09:00-15:59),ศุกร์,rainy,12,3.0,6.0,17.0,1.5,2.5625,ปานกลาง
ปัตตานี,กลางวัน (09:00-15:59),ศุกร์,summer,20,1.0,10.0,12.0,2.5,3.25,สูง
ปัตตานี,กลางวัน (09:00-15:59),ศุกร์,winter,16,1.0,10.0,13.0,2.0,2.8125,ปานกลาง
ปัตตานี,กลางวัน (09:00-15:59),อังคาร,rainy,10,1.0,6.0,9.0,1.25,1.8125,ปานกลาง
ปัตตานี,กลางวัน (09:00-15:59),อังคาร,summer,14,1.0,11.0,12.0,1.75,2.5,ปานกลาง
ปัตตานี,กลางวัน (09:00-15:59),อังคาร,winter,12,3.0,13.0,22.0,1.5,2.875,ปานกลาง
ปัตตานี,กลางวัน (09:00-15:59),อาทิตย์,rainy,15,1.0,14.0,15.0,1.875,2.8125,ปานกลาง
ปัตตานี,กลางวัน (09:00-15:59),อาทิตย์,summer,10,1.0,10.0,13.0,1.25,2.0625,ปานกลาง
ปัตตานี,กลางวัน (09:00-15:59),อาทิตย์,winter,18,2.0,33.0,34.0,2.25,4.375,สูง
ปัตตานี,กลางวัน (09:00-15:59),เสาร์,rainy,12,2.0,14.0,20.0,1.5,2.75,ปานกลาง
ปัตตานี,กลางวัน (09:00-15:59),เสาร์,summer,16,1.0,22.0,23.0,2.0,3.4375,สูง
ปัตตานี,กลางวัน (09:00-15:59),เสาร์,winter,19,1.0,22.0,24.0,2.375,3.875,สูง
ปัตตานี,หัวค่ำ-ดึก (19:00-23:59),จันทร์,rainy,4,0.0,13.0,11.0,0.5,1.1875,ต่ำ
ปัตตานี,หัวค่ำ-ดึก (19:00-23:59),จันทร์,summer,2,0.0,2.0,2.0,0.25,0.375,ต่ำ
ปัตตานี,หัวค่ำ-ดึก (19:00-23:59),จันทร์,winter,8,2.0,8.0,10.0,1.0,1.625,ต่ำ
ปัตตานี,หัวค่ำ-ดึก (19:00-23:59),พฤหัสบดี,rainy,5,1.0,2.0,5.0,0.625,0.9375,ต่ำ
ปัตตานี,หัวค่ำ-ดึก (19:00-23:59),พฤหัสบดี,summer,7,0.0,8.0,7.0,0.875,1.3125,ต่ำ
ปัตตานี,หัวค่ำ-ดึก (19:00-23:59),พฤหัสบดี,winter,8,1.0,10.0,13.0,1.0,1.8125,ปานกลาง
ปัตตานี,หัวค่ำ-ดึก (19:00-23:59),พุธ,rainy,7,0.0,3.0,1.0,0.875,0.9375,ต่ำ
ปัตตานี,หัวค่ำ-ดึก (19:00-23:59),พุธ,summer,4,0.0,2.0,2.0,0.5,0.625,ต่ำ
ปัตตานี,หัวค่ำ-ดึก (19:00-23:59),พุธ,winter,7,0.0,9.0,9.0,0.875,1.4375,ต่ำ
ปัตตานี,หัวค่ำ-ดึก (19:00-23:59),ศุกร์,rainy,6,0.0,7.0,7.0,0.75,1.1875,ต่ำ
ปัตตานี,หัวค่ำ-ดึก (19:00-23:59),ศุกร์,summer,3,0.0,2.0,2.0,0.375,0.5,ต่ำ
ปัตตานี,หัวค่ำ-ดึก (19:00-23:59),ศุกร์,winter,4,0.0,7.0,7.0,0.5,0.9375,ต่ำ
ปัตตานี,หัวค่ำ-ดึก (19:00-23:59),อังคาร,rainy,2,0.0,1.0,1.0,0.25,0.3125,ต่ำ
ปัตตานี,หัวค่ำ-ดึก (19:00-23:59),อังคาร,summer,6,1.0,5.0,9.0,0.75,1.3125,ต่ำ
ปัตตานี,หัวค่ำ-ดึก (19:00-23:59),อังคาร,winter,5,0.0,12.0,2.0,0.625,0.75,ต่ำ
ปัตตานี,หัวค่ำ-ดึก (19:00-23:59),อาทิตย์,rainy,1,0.0,0.0,0.0,0.125,0.125,ต่ำ
ปัตตานี,หัวค่ำ-ดึก (19:00-23:59),อาทิตย์,summer,7,1.0,8.0,10.0,0.875,1.5,ต่ำ
ปัตตานี,หัวค่ำ-ดึก (19:00-23:59),อาทิตย์,winter,5,2.0,4.0,10.0,0.625,1.25,ต่ำ
ปัตตานี,หัวค่ำ-ดึก (19:00-23:59),เสาร์,rainy,6,2.0,6.0,10.0,0.75,1.375,ต่ำ
ปัตตานี,หัวค่ำ-ดึก (19:00-23:59),เสาร์,summer,3,0.0,5.0,4.0,0.375,0.625,ต่ำ
ปัตตานี,หัวค่ำ-ดึก (19:00-23:59),เสาร์,winter,11,0.0,17.0,17.0,1.375,2.4375,ปานกลาง
ปัตตานี,เร่งด่วนเช้า (06:00-08:59),จันทร์,rainy,8,2.0,12.0,17.0,1.0,2.0625,ปานกลาง
ปัตตานี,เร่งด่วนเช้า (06:00-08:59),จันทร์,summer,6,1.0,4.0,7.0,0.75,1.1875,ต่ำ
ปัตตานี,เร่งด่วนเช้า (06:00-08:59),จันทร์,winter,8,3.0,8.0,13.0,1.0,1.8125,ปานกลาง
ปัตตานี,เร่งด่วนเช้า (06:00-08:59),พฤหัสบดี,rainy,4,0.0,7.0,7.0,0.5,0.9375,ต่ำ
ปัตตานี,เร่งด่วนเช้า (06:00-08:59),พฤหัสบดี,summer,5,0.0,9.0,7.0,0.625,1.0625,ต่ำ
ปัตตานี,เร่งด่วนเช้า (06:00-08:59),พฤหัสบดี,winter,3,0.0,4.0,2.0,0.375,0.5,ต่ำ
ปัตตานี,เร่งด่วนเช้า (06:00-08:59),พุธ,rainy,3,2.0,2.0,8.0,0.375,0.875,ต่ำ
ปัตตานี,เร่งด่วนเช้า (06:00-08:59),พุธ,summer,4,0.0,4.0,4.0,0.5,0.75,ต่ำ
ปัตตานี,เร่งด่วนเช้า (06:00-08:59),พุธ,winter,1,0.0,1.0,1.0,0.125,0.1875,ต่ำ
ปัตตานี,เร่งด่วนเช้า (06:00-08:59),ศุกร์,rainy,4,0.0,2.0,1.0,0.5,0.5625,ต่ำ
ปัตตานี,เร่งด่วนเช้า (06:00-08:59),ศุกร์,summer,5,0.0,11.0,2.0,0.625,0.75,ต่ำ
ปัตตานี,เร่งด่วนเช้า (06:00-08:59),ศุกร์,winter,7,0.0,7.0,7.0,0.875,1.3125,ต่ำ
ปัตตานี,เร่งด่วนเช้า (06:00-08:59),อังคาร,rainy,4,0.0,19.0,19.0,0.5,1.6875,ปานกลาง
ปัตตานี,เร่งด่วนเช้า (06:00-08:59),อังคาร,summer,5,1.0,8.0,11.0,0.625,1.3125,ต่ำ
ปัตตานี,เร่งด่วนเช้า (06:00-08:59),อังคาร,winter,5,1.0,10.0,12.0,0.625,1.375,ต่ำ
ปัตตานี,เร่งด่วนเช้า (06:00-08:59),อาทิตย์,rainy,3,0.0,5.0,5.0,0.375,0.6875,ต่ำ
ปัตตานี,เร่งด่วนเช้า (06:00-08:59),อาทิตย์,summer,6,1.0,7.0,9.0,0.75,1.3125,ต่ำ
ปัตตานี,เร่งด่วนเช้า (06:00-08:59),อาทิตย์,winter,5,0.0,11.0,12.0,0.625,1.375,ต่ำ
ปัตตานี,เร่งด่วนเช้า (06:00-08:59),เสาร์,rainy,2,0.0,1.0,1.0,0.25,0.3125,ต่ำ
ปัตตานี,เร่งด่วนเช้า (06:00-08:59),เสาร์,summer,5,1.0,3.0,4.0,0.625,0.875,ต่ำ
ปัตตานี,เร่งด่วนเช้า (06:00-08:59),เสาร์,winter,7,0.0,4.0,3.0,0.875,1.0625,ต่ำ
ปัตตานี,เร่งด่วนเย็น (16:00-18:59),จันทร์,rainy,5,0.0,3.0,1.0,0.625,0.6875,ต่ำ
ปัตตานี,เร่งด่วนเย็น (16:00-18:59),จันทร์,summer,6,0.0,7.0,8.0,0.75,1.25,ต่ำ
ปัตตานี,เร่งด่วนเย็น (16:00-18:59),จันทร์,winter,6,0.0,20.0,31.0,0.75,2.6875,ปานกลาง
ปัตตานี,เร่งด่วนเย็น (16:00-18:59),พฤหัสบดี,rainy,7,2.0,9.0,15.0,0.875,1.8125,ปานกลาง
ปัตตานี,เร่งด่วนเย็น (16:00-18:59),พฤหัสบดี,summer,4,0.0,5.0,5.0,0.5,0.8125,ต่ำ
ปัตตานี,เร่งด่วนเย็น (16:00-18:59),พฤหัสบดี,winter,4,0.0,5.0,5.0,0.5,0.8125,ต่ำ
ปัตตานี,เร่งด่วนเย็น (16:00-18:59),พุธ,rainy,7,1.0,10.0,13.0,0.875,1.6875,ปานกลาง
ปัตตานี,เร่งด่วนเย็น (16:00-18:59),พุธ,summer,7,1.0,8.0,11.0,0.875,1.5625,ต่ำ
ปัตตานี,เร่งด่วนเย็น (16:00-18:59),พุธ,winter,5,0.0,15.0,15.0,0.625,1.5625,ต่ำ
ปัตตานี,เร่งด่วนเย็น (16:00-18:59),ศุกร์,rainy,4,0.0,20.0,11.0,0.5,1.1875,ต่ำ
ปัตตานี,เร่งด่วนเย็น (16:00-18:59),ศุกร์,summer,6,0.0,7.0,7.0,0.75,1.1875,ต่ำ
ปัตตานี,เร่งด่วนเย็น (16:00-18:59),ศุกร์,winter,7,2.0,3.0,8.0,0.875,1.375,ต่ำ
ปัตตานี,เร่งด่วนเย็น (16:00-18:59),อังคาร,rainy,5,1.0,2.0,4.0,0.625,0.875,ต่ำ
ปัตตานี,เร่งด่วนเย็น (16:00-18:59),อังคาร,summer,5,0.0,5.0,6.0,0.625,1.0,ต่ำ
ปัตตานี,เร่งด่วนเย็น (16:00-18:59),อังคาร,winter,3,0.0,2.0,2.0,0.375,0.5,ต่ำ
ปัตตานี,เร่งด่วนเย็น (16:00-18:59),อาทิตย์,rainy,6,0.0,7.0,4.0,0.75,1.0,ต่ำ
ปัตตานี,เร่งด่วนเย็น (16:00-18:59),อาทิตย์,summer,5,1.0,5.0,8.0,0.625,1.125,ต่ำ
ปัตตานี,เร่งด่วนเย็น (16:00-18:59),อาทิตย์,winter,4,0.0,12.0,12.0,0.5,1.25,ต่ำ
ปัตตานี,เร่งด่วนเย็น (16:00-18:59),เสาร์,rainy,5,1.0,4.0,6.0,0.625,1.0,ต่ำ
ปัตตานี,เร่งด่วนเย็น (16:00-18:59),เสาร์,summer,3,0.0,38.0,42.0,0.375,3.0,สูง
ปัตตานี,เร่งด่วนเย็น (16:00-18:59),เสาร์,winter,6,0.0,10.0,10.0,0.75,1.375,ต่ำ
พระนครศรีอยุธยา,กลางดึก (00:00-05:59),จันทร์,rainy,1,0.0,0.0,0.0,0.125,0.125,ต่ำ
พระนครศรีอยุธยา,กลางดึก (00:00-05:59),พฤหัสบดี,rainy,1,0.0,1.0,1.0,0.125,0.1875,ต่ำ
พระนครศรีอยุธยา,กลางดึก (00:00-05:59),พุธ,rainy,1,0.0,4.0,4.0,0.125,0.375,ต่ำ
พระนครศรีอยุธยา,กลางดึก (00:00-05:59),พุธ,summer,1,0.0,0.0,0.0,0.125,0.125,ต่ำ
พระนครศรีอยุธยา,กลางดึก (00:00-05:59),ศุกร์,rainy,3,0.0,3.0,3.0,0.375,0.5625,ต่ำ
พระนครศรีอยุธยา,กลางดึก (00:00-05:59),ศุกร์,summer,1,0.0,2.0,2.0,0.125,0.25,ต่ำ
พระนครศรีอยุธยา,กลางดึก (00:00-05:59),อังคาร,rainy,3,0.0,1.0,1.0,0.375,0.4375,ต่ำ
พระนครศรีอยุธยา,กลางดึก (00:00-05:59),อาทิตย์,rainy,3,0.0,3.0,3.0,0.375,0.5625,ต่ำ
พระนครศรีอยุธยา,กลางดึก (00:00-05:59),อาทิตย์,summer,2,0.0,1.0,1.0,0.25,0.3125,ต่ำ
พระนครศรีอยุธยา,กลางดึก (00:00-05:59),เสาร์,rainy,2,1.0,1.0,4.0,0.25,0.5,ต่ำ
พระนครศรีอยุธยา,กลางดึก (00:00-05:59),เสาร์,summer,1,0.0,0.0,0.0,0.125,0.125,ต่ำ
พระนครศรีอยุธยา,กลางวัน (09:00-15:59),จันทร์,rainy,1,0.0,2.0,2.0,0.125,0.25,ต่ำ
พระนครศรีอยุธยา,กลางวัน (09:00-15:59),จันทร์,summer,3,0.0,0.0,0.0,0.375,0.375,ต่ำ
พระนครศรีอยุธยา,กลางวัน (09:00-15:59),พฤหัสบดี,rainy,2,0.0,3.0,4.0,0.25,0.5,ต่ำ
พระนครศรีอยุธยา,กลางวัน (09:00-15:59),ศุกร์,summer,1,0.0,0.0,0.0,0.125,0.125,ต่ำ
พระนครศรีอยุธยา,กลางวัน (09:00-15:59),อังคาร,rainy,2,0.0,0.0,0.0,0.25,0.25,ต่ำ
พระนครศรีอยุธยา,กลางวัน (09:00-15:59),อาทิตย์,rainy,10,2.0,9.0,19.0,1.25,2.4375,ปานกลาง
พระนครศรีอยุธยา,กลางวัน (09:00-15:59),อาทิตย์,summer,1,0.0,0.0,0.0,0.125,0.125,ต่ำ
พระนครศรีอยุธยา,กลางวัน (09:00-15:59),เสาร์,rainy,2,0.0,0.0,0.0,0.25,0.25,ต่ำ
พระนครศรีอยุธยา,กลางวัน (09:00-15:59),เสาร์,summer,3,0.0,2.0,2.0,0.375,0.5,ต่ำ
พระนครศรีอยุธยา,หัวค่ำ-ดึก (19:00-23:59),จันทร์,rainy,1,0.0,0.0,0.0,0.125,0.125,ต่ำ
พระนครศรีอยุธยา,หัวค่ำ-ดึก (19:00-23:59),พฤหัสบดี,rainy,5,0.0,3.0,4.0,0.625,0.875,ต่ำ
พระนครศรีอยุธยา,หัวค่ำ-ดึก (19:00-23:59),พุธ,rainy,1,0.0,1.0,1.0,0.125,0.1875,ต่ำ
พระนครศรีอยุธยา,หัวค่ำ-ดึก (19:00-23:59),ศุกร์,rainy,1,0.0,6.0,6.0,0.125,0.5,ต่ำ
พระนครศรีอยุธยา,หัวค่ำ-ดึก (19:00-23:59),ศุกร์,summer,2,1.0,9.0,12.0,0.25,1.0,ต่ำ
พระนครศรีอยุธยา,หัวค่ำ-ดึก (19:00-23:59),อังคาร,rainy,1,0.0,0.0,0.0,0.125,0.125,ต่ำ
พระนครศรีอยุธยา,หัวค่ำ-ดึก (19:00-23:59),อังคาร,summer,1,0.0,0.0,0.0,0.125,0.125,ต่ำ
พระนครศรีอยุธยา,หัวค่ำ-ดึก (19:00-23:59),อาทิตย์,rainy,2,1.0,0.0,3.0,0.25,0.4375,ต่ำ
พระนครศรีอยุธยา,หัวค่ำ-ดึก (19:00-23:59),เสาร์,rainy,2,0.0,2.0,2.0,0.25,0.375,ต่ำ
พระนครศรีอยุธยา,หัวค่ำ-ดึก (19:00-23:59),เสาร์,summer,1,2.0,0.0,6.0,0.125,0.5,ต่ำ
พระนครศรีอยุธยา,เร่งด่วนเช้า (06:00-08:59),จันทร์,rainy,6,0.0,0.0,0.0,0.75,0.75,ต่ำ
พระนครศรีอยุธยา,เร่งด่วนเช้า (06:00-08:59),พฤหัสบดี,rainy,1,0.0,3.0,3.0,0.125,0.3125,ต่ำ
พระนครศรีอยุธยา,เร่งด่วนเช้า (06:00-08:59),พุธ,rainy,1,0.0,2.0,2.0,0.125,0.25,ต่ำ
พระนครศรีอยุธยา,เร่งด่วนเช้า (06:00-08:59),พุธ,summer,1,0.0,14.0,14.0,0.125,1.0,ต่ำ
พระนครศรีอยุธยา,เร่งด่วนเช้า (06:00-08:59),ศุกร์,rainy,2,2.0,2.0,10.0,0.25,0.875,ต่ำ
พระนครศรีอยุธยา,เร่งด่วนเช้า (06:00-08:59),ศุกร์,summer,1,0.0,0.0,0.0,0.125,0.125,ต่ำ
พระนครศรีอยุธยา,เร่งด่วนเช้า (06:00-08:59),อังคาร,rainy,1,0.0,1.0,2.0,0.125,0.25,ต่ำ
พระนครศรีอยุธยา,เร่งด่วนเช้า (06:00-08:59),อาทิตย์,summer,1,0.0,0.0,0.0,0.125,0.125,ต่ำ
พระนครศรีอยุธยา,เร่งด่วนเช้า (06:00-08:59),เสาร์,rainy,2,0.0,1.0,1.0,0.25,0.3125,ต่ำ
พระนครศรีอยุธยา,เร่งด่วนเช้า (06:00-08:59),เสาร์,summer,1,0.0,2.0,2.0,0.125,0.25,ต่ำ
พระนครศรีอยุธยา,เร่งด่วนเย็น (16:00-18:59),พฤหัสบดี,rainy,2,0.0,1.0,1.0,0.25,0.3125,ต่ำ
พระนครศรีอยุธยา,เร่งด่วนเย็น (16:00-18:59),พุธ,rainy,1,0.0,0.0,0.0,0.125,0.125,ต่ำ
พระนครศรีอยุธยา,เร่งด่วนเย็น (16:00-18:59),พุธ,summer,1,0.0,0.0,0.0,0.125,0.125,ต่ำ
พระนครศรีอยุธยา,เร่งด่วนเย็น (16:00-18:59),ศุกร์,rainy,3,0.0,1.0,2.0,0.375,0.5,ต่ำ
พระนครศรีอยุธยา,เร่งด่วนเย็น (16:00-18:59),ศุกร์,summer,1,0.0,1.0,2.0,0.125,0.25,ต่ำ
พระนครศรีอยุธยา,เร่งด่วนเย็น (16:00-18:59),อังคาร,rainy,1,0.0,5.0,5.0,0.125,0.4375,ต่ำ
พระนครศรีอยุธยา,เร่งด่วนเย็น (16:00-18:59),อาทิตย์,rainy,2,3.0,5.0,15.0,0.25,1.1875,ต่ำ
พระนครศรีอยุธยา,เร่งด่วนเย็น (16:00-18:59),อาทิตย์,summer,1,0.0,1.0,1.0,0.125,0.1875,ต่ำ
พระนครศรีอยุธยา,เร่งด่วนเย็น (16:00-18:59),เสาร์,rainy,2,2.0,0.0,6.0,0.25,0.625,ต่ำ
พะเยา,กลางดึก (00:00-05:59),จันทร์,rainy,4,0.0,7.0,11.0,0.5,1.1875,ต่ำ
พะเยา,กลางดึก (00:00-05:59),จันทร์,summer,11,1.0,10.0,17.0,1.375,2.4375,ปานกลาง
พะเยา,กลางดึก (00:00-05:59),จันทร์,winter,12,0.0,14.0,15.0,1.5,2.4375,ปานกลาง
พะเยา,กลางดึก (00:00-05:59),พฤหัสบดี,rainy,3,0.0,0.0,0.0,0.375,0.375,ต่ำ
พะเยา,กลางดึก (00:00-05:59),พฤหัสบดี,summer,8,2.0,8.0,17.0,1.0,2.0625,ปานกลาง
พะเยา,กลางดึก (00:00-05:59),พฤหัสบดี,winter,18,5.0,18.0,35.0,2.25,4.4375,สูง
พะเยา,กลางดึก (00:00-05:59),พุธ,rainy,8,1.0,5.0,8.0,1.0,1.5,ต่ำ
พะเยา,กลางดึก (00:00-05:59),พุธ,summer,4,1.0,3.0,7.0,0.5,0.9375,ต่ำ
พะเยา,กลางดึก (00:00-05:59),พุธ,winter,15,1.0,11.0,14.0,1.875,2.75,ปานกลาง
พะเยา,กลางดึก (00:00-05:59),ศุกร์,rainy,15,4.0,10.0,21.0,1.875,3.1875,สูง
พะเยา,กลางดึก (00:00-05:59),ศุกร์,summer,11,1.0,8.0,13.0,1.375,2.1875,ปานกลาง
พะเยา,กลางดึก (00:00-05:59),ศุกร์,winter,11,1.0,10.0,13.0,1.375,2.1875,ปานกลาง
พะเยา,กลางดึก (00:00-05:59),อังคาร,rainy,8,1.0,9.0,12.0,1.0,1.75,ปานกลาง
พะเยา,กลางดึก (00:00-05:59),อังคาร,summer,8,1.0,8.0,11.0,1.0,1.6875,ปานกลาง
พะเยา,กลางดึก (00:00-05:59),อังคาร,winter,16,5.0,14.0,31.0,2.0,3.9375,สูง
พะเยา,กลางดึก (00:00-05:59),อาทิตย์,rainy,17,5.0,11.0,25.0,2.125,3.6875,สูง
พะเยา,กลางดึก (00:00-05:59),อาทิตย์,summer,12,4.0,11.0,27.0,1.5,3.1875,สูง
พะเยา,กลางดึก (00:00-05:59),อาทิตย์,winter,19,4.0,16.0,19.0,2.375,3.5625,สูง
พะเยา,กลางดึก (00:00-05:59),เสาร์,rainy,9,2.0,7.0,15.0,1.125,2.0625,ปานกลาง
พะเยา,กลางดึก (00:00-05:59),เสาร์,summer,16,2.0,10.0,16.0,2.0,3.0,สูง
พะเยา,กลางดึก (00:00-05:59),เสาร์,winter,19,3.0,13.0,19.0,2.375,3.5625,สูง
พะเยา,กลางวัน (09:00-15:59),จันทร์,rainy,19,1.0,23.0,19.0,2.375,3.5625,สูง
พะเยา,กลางวัน (09:00-15:59),จันทร์,summer,14,1.0,14.0,18.0,1.75,2.875,ปานกลาง
พะเยา,กลางวัน (09:00-15:59),จันทร์,winter,14,1.0,11.0,14.0,1.75,2.625,ปานกลาง
พะเยา,กลางวัน (09:00-15:59),พฤหัสบดี,rainy,14,4.0,11.0,23.0,1.75,3.1875,สูง
พะเยา,กลางวัน (09:00-15:59),พฤหัสบดี,summer,15,3.0,16.0,23.0,1.875,3.3125,สูง
พะเยา,กลางวัน (09:00-15:59),พฤหัสบดี,winter,14,4.0,29.0,38.0,1.75,4.125,สูง
พะเยา,กลางวัน (09:00-15:59),พุธ,rainy,8,1.0,9.0,16.0,1.0,2.0,ปานกลาง
พะเยา,กลางวัน (09:00-15:59),พุธ,summer,5,0.0,3.0,3.0,0.625,0.8125,ต่ำ
พะเยา,กลางวัน (09:00-15:59),พุธ,winter,17,0.0,25.0,22.0,2.125,3.5,สูง
พะเยา,กลางวัน (09:00-15:59),ศุกร์,rainy,10,0.0,4.0,5.0,1.25,1.5625,ต่ำ
พะเยา,กลางวัน (09:00-15:59),ศุกร์,summer,15,3.0,15.0,24.0,1.875,3.375,สูง
พะเยา,กลางวัน (09:00-15:59),ศุกร์,winter,15,2.0,18.0,23.0,1.875,3.3125,สูง
พะเยา,กลางวัน (09:00-15:59),อังคาร,rainy,13,5.0,6.0,20.0,1.625,2.875,ปานกลาง
พะเยา,กลางวัน (09:00-15:59),อังคาร,summer,9,2.0,7.0,15.0,1.125,2.0625,ปานกลาง
พะเยา,กลางวัน (09:00-15:59),อังคาร,winter,16,2.0,19.0,22.0,2.0,3.375,สูง
พะเยา,กลางวัน (09:00-15:59),อาทิตย์,rainy,12,2.0,22.0,34.0,1.5,3.625,สูง
พะเยา,กลางวัน (09:00-15:59),อาทิตย์,summer,10,4.0,12.0,19.0,1.25,2.4375,ปานกลาง
พะเยา,กลางวัน (09:00-15:59),อาทิตย์,winter,20,2.0,25.0,36.0,2.5,4.75,สูง
พะเยา,กลางวัน (09:00-15:59),เสาร์,rainy,7,1.0,8.0,10.0,0.875,1.5,ต่ำ
พะเยา,กลางวัน (09:00-15:59),เสาร์,summer,9,0.0,11.0,7.0,1.125,1.5625,ต่ำ
พะเยา,กลางวัน (09:00-15:59),เสาร์,winter,36,3.0,46.0,60.0,4.5,8.25,สูงมาก
พะเยา,หัวค่ำ-ดึก (19:00-23:59),จันทร์,rainy,9,2.0,12.0,25.0,1.125,2.6875,ปานกลาง
พะเยา,หัวค่ำ-ดึก (19:00-23:59),จันทร์,summer,13,3.0,12.0,25.0,1.625,3.1875,สูง
พะเยา,หัวค่ำ-ดึก (19:00-23:59),จันทร์,winter,14,1.0,11.0,13.0,1.75,2.5625,ปานกลาง
พะเยา,หัวค่ำ-ดึก (19:00-23:59),พฤหัสบดี,rainy,12,4.0,10.0,25.0,1.5,3.0625,สูง
พะเยา,หัวค่ำ-ดึก (19:00-23:59),พฤหัสบดี,summer,15,3.0,16.0,31.0,1.875,3.8125,สูง
พะเยา,หัวค่ำ-ดึก (19:00-23:59),พฤหัสบดี,winter,14,3.0,19.0,30.0,1.75,3.625,สูง
พะเยา,หัวค่ำ-ดึก (19:00-23:59),พุธ,rainy,8,2.0,9.0,9.0,1.0,1.5625,ต่ำ
พะเยา,หัวค่ำ-ดึก (19:00-23:59),พุธ,summer,13,1.0,9.0,11.0,1.625,2.3125,ปานกลาง
พะเยา,หัวค่ำ-ดึก (19:00-23:59),พุธ,winter,13,4.0,15.0,33.0,1.625,3.6875,สูง
พะเยา,หัวค่ำ-ดึก (19:00-23:59),ศุกร์,rainy,12,1.0,13.0,11.0,1.5,2.1875,ปานกลาง
พะเยา,หัวค่ำ-ดึก (19:00-23:59),ศุกร์,summer,15,0.0,17.0,14.0,1.875,2.75,ปานกลาง
พะเยา,หัวค่ำ-ดึก (19:00-23:59),ศุกร์,winter,17,3.0,15.0,19.0,2.125,3.3125,สูง
พะเยา,หัวค่ำ-ดึก (19:00-23:59),อังคาร,rainy,15,1.0,12.0,15.0,1.875,2.8125,ปานกลาง
พะเยา,หัวค่ำ-ดึก (19:00-23:59),อังคาร,summer,14,2.0,18.0,27.0,1.75,3.4375,สูง
พะเยา,หัวค่ำ-ดึก (19:00-23:59),อังคาร,winter,16,1.0,18.0,18.0,2.0,3.125,สูง
พะเยา,หัวค่ำ-ดึก (19:00-23:59),อาทิตย์,rainy,8,4.0,11.0,29.0,1.0,2.8125,ปานกลาง
พะเยา,หัวค่ำ-ดึก (19:00-23:59),อาทิตย์,summer,15,2.0,14.0,17.0,1.875,2.9375,ปานกลาง
พะเยา,หัวค่ำ-ดึก (19:00-23:59),อาทิตย์,winter,15,3.0,16.0,27.0,1.875,3.5625,สูง
พะเยา,หัวค่ำ-ดึก (19:00-23:59),เสาร์,rainy,7,0.0,11.0,13.0,0.875,1.6875,ปานกลาง
พะเยา,หัวค่ำ-ดึก (19:00-23:59),เสาร์,summer,17,5.0,21.0,34.0,2.125,4.25,สูง
พะเยา,หัวค่ำ-ดึก (19:00-23:59),เสาร์,winter,22,6.0,25.0,44.0,2.75,5.5,สูงมาก
พะเยา,เร่งด่วนเช้า (06:00-08:59),จันทร์,rainy,6,0.0,6.0,7.0,0.75,1.1875,ต่ำ
พะเยา,เร่งด่วนเช้า (06:00-08:59),จันทร์,summer,5,1.0,2.0,5.0,0.625,0.9375,ต่ำ
พะเยา,เร่งด่วนเช้า (06:00-08:59),จันทร์,winter,5,1.0,7.0,12.0,0.625,1.375,ต่ำ
พะเยา,เร่งด่วนเช้า (06:00-08:59),พฤหัสบดี,rainy,4,0.0,6.0,4.0,0.5,0.75,ต่ำ
พะเยา,เร่งด่วนเช้า (06:00-08:59),พฤหัสบดี,summer,5,1.0,5.0,8.0,0.625,1.125,ต่ำ
พะเยา,เร่งด่วนเช้า (06:00-08:59),พฤหัสบดี,winter,8,1.0,9.0,13.0,1.0,1.8125,ปานกลาง
พะเยา,เร่งด่วนเช้า (06:00-08:59),พุธ,rainy,9,2.0,11.0,16.0,1.125,2.125,ปานกลาง
พะเยา,เร่งด่วนเช้า (06:00-08:59),พุธ,summer,3,3.0,3.0,13.0,0.375,1.1875,ต่ำ
พะเยา,เร่งด่วนเช้า (06:00-08:59),พุธ,winter,8,2.0,8.0,15.0,1.0,1.9375,ปานกลาง
พะเยา,เร่งด่วนเช้า (06:00-08:59),ศุกร์,rainy,8,1.0,10.0,10.0,1.0,1.625,ต่ำ
พะเยา,เร่งด่วนเช้า (06:00-08:59),ศุกร์,summer,6,2.0,2.0,7.0,0.75,1.1875,ต่ำ
พะเยา,เร่งด่วนเช้า (06:00-08:59),ศุกร์,winter,5,1.0,16.0,20.0,0.625,1.875,ปานกลาง
พะเยา,เร่งด่วนเช้า (06:00-08:59),อังคาร,rainy,6,4.0,5.0,21.0,0.75,2.0625,ปานกลาง
พะเยา,เร่งด่วนเช้า (06:00-08:59),อังคาร,summer,4,1.0,6.0,8.0,0.5,1.0,ต่ำ
พะเยา,เร่งด่วนเช้า (06:00-08:59),อังคาร,winter,3,2.0,1.0,6.0,0.375,0.75,ต่ำ
พะเยา,เร่งด่วนเช้า (06:00-08:59),อาทิตย์,rainy,5,2.0,4.0,10.0,0.625,1.25,ต่ำ
พะเยา,เร่งด่วนเช้า (06:00-08:59),อาทิตย์,summer,6,3.0,11.0,28.0,0.75,2.5,ปานกลาง
พะเยา,เร่งด่วนเช้า (06:00-08:59),อาทิตย์,winter,5,1.0,5.0,8.0,0.625,1.125,ต่ำ
พะเยา,เร่งด่วนเช้า (06:00-08:59),เสาร์,rainy,4,0.0,10.0,11.0,0.5,1.1875,ต่ำ
พะเยา,เร่งด่วนเช้า (06:00-08:59),เสาร์,summer,5,1.0,4.0,7.0,0.625,1.0625,ต่ำ
พะเยา,เร่งด่วนเช้า (06:00-08:59),เสาร์,winter,6,1.0,8.0,11.0,0.75,1.4375,ต่ำ
พะเยา,เร่งด่วนเย็น (16:00-18:59),จันทร์,rainy,7,2.0,14.0,21.0,0.875,2.1875,ปานกลาง
พะเยา,เร่งด่วนเย็น (16:00-18:59),จันทร์,summer,16,4.0,22.0,47.0,2.0,4.9375,สูง
พะเยา,เร่งด่วนเย็น (16:00-18:59),จันทร์,winter,9,6.0,6.0,27.0,1.125,2.8125,ปานกลาง
พะเยา,เร่งด่วนเย็น (16:00-18:59),พฤหัสบดี,rainy,6,0.0,9.0,9.0,0.75,1.3125,ต่ำ
พะเยา,เร่งด่วนเย็น (16:00-18:59),พฤหัสบดี,summer,10,1.0,12.0,15.0,1.25,2.1875,ปานกลาง
พะเยา,เร่งด่วนเย็น (16:00-18:59),พฤหัสบดี,winter,14,2.0,11.0,18.0,1.75,2.875,ปานกลาง
พะเยา,เร่งด่วนเย็น (16:00-18:59),พุธ,rainy,7,0.0,5.0,3.0,0.875,1.0625,ต่ำ
พะเยา,เร่งด่วนเย็น (16:00-18:59),พุธ,summer,9,1.0,6.0,11.0,1.125,1.8125,ปานกลาง
พะเยา,เร่งด่วนเย็น (16:00-18:59),พุธ,winter,15,4.0,11.0,25.0,1.875,3.4375,สูง
พะเยา,เร่งด่วนเย็น (16:00-18:59),ศุกร์,rainy,5,2.0,2.0,8.0,0.625,1.125,ต่ำ
พะเยา,เร่งด่วนเย็น (16:00-18:59),ศุกร์,summer,10,9.0,9.0,40.0,1.25,3.75,สูง
พะเยา,เร่งด่วนเย็น (16:00-18:59),ศุกร์,winter,11,3.0,12.0,20.0,1.375,2.625,ปานกลาง
พะเยา,เร่งด่วนเย็น (16:00-18:59),อังคาร,rainy,3,0.0,2.0,2.0,0.375,0.5,ต่ำ
พะเยา,เร่งด่วนเย็น (16:00-18:59),อังคาร,summer,7,1.0,8.0,10.0,0.875,1.5,ต่ำ
พะเยา,เร่งด่วนเย็น (16:00-18:59),อังคาร,winter,15,3.0,17.0,27.0,1.875,3.5625,สูง
พะเยา,เร่งด่วนเย็น (16:00-18:59),อาทิตย์,rainy,8,5.0,7.0,22.0,1.0,2.375,ปานกลาง
พะเยา,เร่งด่วนเย็น (16:00-18:59),อาทิตย์,summer,4,0.0,5.0,6.0,0.5,0.875,ต่ำ
พะเยา,เร่งด่วนเย็น (16:00-18:59),อาทิตย์,winter,7,3.0,13.0,22.0,0.875,2.25,ปานกลาง
พะเยา,เร่งด่วนเย็น (16:00-18:59),เสาร์,rainy,7,5.0,8.0,19.0,0.875,2.0625,ปานกลาง
พะเยา,เร่งด่วนเย็น (16:00-18:59),เสาร์,summer,7,0.0,10.0,11.0,0.875,1.5625,ต่ำ
พะเยา,เร่งด่วนเย็น (16:00-18:59),เสาร์,winter,12,0.0,14.0,14.0,1.5,2.375,ปานกลาง
พังงา,กลางดึก (00:00-05:59),จันทร์,rainy,8,2.0,4.0,10.0,1.0,1.625,ต่ำ
พังงา,กลางดึก (00:00-05:59),จันทร์,summer,3,0.0,2.0,2.0,0.375,0.5,ต่ำ
พังงา,กลางดึก (00:00-05:59),จันทร์,winter,6,0.0,2.0,0.0,0.75,0.75,ต่ำ
พังงา,กลางดึก (00:00-05:59),พฤหัสบดี,rainy,6,0.0,3.0,3.0,0.75,0.9375,ต่ำ
พังงา,กลางดึก (00:00-05:59),พฤหัสบดี,summer,6,0.0,4.0,3.0,0.75,0.9375,ต่ำ
พังงา,กลางดึก (00:00-05:59),พฤหัสบดี,winter,7,3.0,4.0,13.0,0.875,1.6875,ปานกลาง
พังงา,กลางดึก (00:00-05:59),พุธ,rainy,5,0.0,3.0,3.0,0.625,0.8125,ต่ำ
พังงา,กลางดึก (00:00-05:59),พุธ,summer,3,0.0,0.0,0.0,0.375,0.375,ต่ำ
พังงา,กลางดึก (00:00-05:59),พุธ,winter,5,1.0,2.0,6.0,0.625,1.0,ต่ำ
พังงา,กลางดึก (00:00-05:59),ศุกร์,rainy,5,0.0,3.0,3.0,0.625,0.8125,ต่ำ
พังงา,กลางดึก (00:00-05:59),ศุกร์,summer,5,0.0,3.0,3.0,0.625,0.8125,ต่ำ
พังงา,กลางดึก (00:00-05:59),ศุกร์,winter,5,1.0,2.0,5.0,0.625,0.9375,ต่ำ
พังงา,กลางดึก (00:00-05:59),อังคาร,rainy,9,1.0,5.0,8.0,1.125,1.625,ต่ำ
พังงา,กลางดึก (00:00-05:59),อังคาร,summer,5,0.0,4.0,4.0,0.625,0.875,ต่ำ
พังงา,กลางดึก (00:00-05:59),อังคาร,winter,9,1.0,8.0,13.0,1.125,1.9375,ปานกลาง
พังงา,กลางดึก (00:00-05:59),อาทิตย์,rainy,4,1.0,5.0,8.0,0.5,1.0,ต่ำ
พังงา,กลางดึก (00:00-05:59),อาทิตย์,summer,2,0.0,6.0,6.0,0.25,0.625,ต่ำ
พังงา,กลางดึก (00:00-05:59),อาทิตย์,winter,6,0.0,4.0,3.0,0.75,0.9375,ต่ำ
พังงา,กลางดึก (00:00-05:59),เสาร์,rainy,6,0.0,1.0,1.0,0.75,0.8125,ต่ำ
พังงา,กลางดึก (00:00-05:59),เสาร์,summer,4,0.0,4.0,4.0,0.5,0.75,ต่ำ
พังงา,กลางดึก (00:00-05:59),เสาร์,winter,11,2.0,23.0,28.0,1.375,3.125,สูง
พังงา,กลางวัน (09:00-15:59),จันทร์,rainy,16,4.0,12.0,23.0,2.0,3.4375,สูง
พังงา,กลางวัน (09:00-15:59),จันทร์,summer,9,7.0,25.0,33.0,1.125,3.1875,สูง
พังงา,กลางวัน (09:00-15:59),จันทร์,winter,10,0.0,10.0,10.0,1.25,1.875,ปานกลาง
พังงา,กลางวัน (09:00-15:59),พฤหัสบดี,rainy,11,0.0,19.0,17.0,1.375,2.4375,ปานกลาง
พังงา,กลางวัน (09:00-15:59),พฤหัสบดี,summer,8,0.0,5.0,5.0,1.0,1.3125,ต่ำ
พังงา,กลางวัน (09:00-15:59),พฤหัสบดี,winter,14,1.0,7.0,10.0,1.75,2.375,ปานกลาง
พังงา,กลางวัน (09:00-15:59),พุธ,rainy,8,0.0,4.0,5.0,1.0,1.3125,ต่ำ
พังงา,กลางวัน (09:00-15:59),พุธ,summer,12,2.0,12.0,16.0,1.5,2.5,ปานกลาง
พังงา,กลางวัน (09:00-15:59),พุธ,winter,14,0.0,21.0,16.0,1.75,2.75,ปานกลาง
พังงา,กลางวัน (09:00-15:59),ศุกร์,rainy,22,10.0,19.0,50.0,2.75,5.875,สูงมาก
พังงา,กลางวัน (09:00-15:59),ศุกร์,summer,14,1.0,16.0,21.0,1.75,3.0625,สูง
พังงา,กลางวัน (09:00-15:59),ศุกร์,winter,20,3.0,17.0,24.0,2.5,4.0,สูง
พังงา,กลางวัน (09:00-15:59),อังคาร,rainy,12,0.0,12.0,12.0,1.5,2.25,ปานกลาง
พังงา,กลางวัน (09:00-15:59),อังคาร,summer,10,2.0,7.0,15.0,1.25,2.1875,ปานกลาง
พังงา,กลางวัน (09:00-15:59),อังคาร,winter,12,1.0,17.0,16.0,1.5,2.5,ปานกลาง
พังงา,กลางวัน (09:00-15:59),อาทิตย์,rainy,15,7.0,14.0,37.0,1.875,4.1875,สูง
พังงา,กลางวัน (09:00-15:59),อาทิตย์,summer,6,0.0,4.0,6.0,0.75,1.125,ต่ำ
พังงา,กลางวัน (09:00-15:59),อาทิตย์,winter,16,2.0,19.0,27.0,2.0,3.6875,สูง
พังงา,กลางวัน (09:00-15:59),เสาร์,rainy,15,0.0,18.0,16.0,1.875,2.875,ปานกลาง
พังงา,กลางวัน (09:00-15:59),เสาร์,summer,8,0.0,15.0,23.0,1.0,2.4375,ปานกลาง
พังงา,กลางวัน (09:00-15:59),เสาร์,winter,14,1.0,21.0,26.0,1.75,3.375,สูง
พังงา,หัวค่ำ-ดึก (19:00-23:59),จันทร์,rainy,3,0.0,5.0,5.0,0.375,0.6875,ต่ำ
พังงา,หัวค่ำ-ดึก (19:00-23:59),จันทร์,summer,8,0.0,10.0,8.0,1.0,1.5,ต่ำ
พังงา,หัวค่ำ-ดึก (19:00-23:59),จันทร์,winter,5,0.0,4.0,5.0,0.625,0.9375,ต่ำ
พังงา,หัวค่ำ-ดึก (19:00-23:59),พฤหัสบดี,rainy,4,1.0,1.0,4.0,0.5,0.75,ต่ำ
พังงา,หัวค่ำ-ดึก (19:00-23:59),พฤหัสบดี,winter,6,1.0,4.0,6.0,0.75,1.125,ต่ำ
พังงา,หัวค่ำ-ดึก (19:00-23:59),พุธ,rainy,7,1.0,7.0,8.0,0.875,1.375,ต่ำ
พังงา,หัวค่ำ-ดึก (19:00-23:59),พุธ,summer,2,0.0,0.0,0.0,0.25,0.25,ต่ำ
พังงา,หัวค่ำ-ดึก (19:00-23:59),พุธ,winter,8,2.0,4.0,10.0,1.0,1.625,ต่ำ
พังงา,หัวค่ำ-ดึก (19:00-23:59),ศุกร์,rainy,4,0.0,4.0,4.0,0.5,0.75,ต่ำ
พังงา,หัวค่ำ-ดึก (19:00-23:59),ศุกร์,summer,2,0.0,4.0,4.0,0.25,0.5,ต่ำ
พังงา,หัวค่ำ-ดึก (19:00-23:59),ศุกร์,winter,13,2.0,4.0,8.0,1.625,2.125,ปานกลาง
พังงา,หัวค่ำ-ดึก (19:00-23:59),อังคาร,rainy,5,0.0,4.0,5.0,0.625,0.9375,ต่ำ
พังงา,หัวค่ำ-ดึก (19:00-23:59),อังคาร,summer,6,1.0,14.0,16.0,0.75,1.75,ปานกลาง
พังงา,หัวค่ำ-ดึก (19:00-23:59),อังคาร,winter,2,0.0,0.0,0.0,0.25,0.25,ต่ำ
พังงา,หัวค่ำ-ดึก (19:00-23:59),อาทิตย์,rainy,1,0.0,0.0,0.0,0.125,0.125,ต่ำ
พังงา,หัวค่ำ-ดึก (19:00-23:59),อาทิตย์,summer,4,1.0,8.0,13.0,0.5,1.3125,ต่ำ
พังงา,หัวค่ำ-ดึก (19:00-23:59),อาทิตย์,winter,10,1.0,19.0,23.0,1.25,2.6875,ปานกลาง
พังงา,หัวค่ำ-ดึก (19:00-23:59),เสาร์,rainy,3,1.0,0.0,3.0,0.375,0.5625,ต่ำ
พังงา,หัวค่ำ-ดึก (19:00-23:59),เสาร์,summer,3,0.0,4.0,5.0,0.375,0.6875,ต่ำ
พังงา,หัวค่ำ-ดึก (19:00-23:59),เสาร์,winter,10,3.0,10.0,15.0,1.25,2.1875,ปานกลาง
พังงา,เร่งด่วนเช้า (06:00-08:59),จันทร์,rainy,7,0.0,3.0,3.0,0.875,1.0625,ต่ำ
พังงา,เร่งด่วนเช้า (06:00-08:59),จันทร์,summer,3,0.0,1.0,1.0,0.375,0.4375,ต่ำ
พังงา,เร่งด่วนเช้า (06:00-08:59),จันทร์,winter,8,2.0,7.0,11.0,1.0,1.6875,ปานกลาง
พังงา,เร่งด่วนเช้า (06:00-08:59),พฤหัสบดี,rainy,7,0.0,6.0,6.0,0.875,1.25,ต่ำ
พังงา,เร่งด่วนเช้า (06:00-08:59),พฤหัสบดี,summer,4,0.0,8.0,6.0,0.5,0.875,ต่ำ
พังงา,เร่งด่วนเช้า (06:00-08:59),พฤหัสบดี,winter,5,1.0,3.0,6.0,0.625,1.0,ต่ำ
พังงา,เร่งด่วนเช้า (06:00-08:59),พุธ,rainy,4,1.0,1.0,4.0,0.5,0.75,ต่ำ
พังงา,เร่งด่วนเช้า (06:00-08:59),พุธ,summer,5,0.0,5.0,3.0,0.625,0.8125,ต่ำ
พังงา,เร่งด่วนเช้า (06:00-08:59),พุธ,winter,2,0.0,2.0,2.0,0.25,0.375,ต่ำ
พังงา,เร่งด่วนเช้า (06:00-08:59),ศุกร์,rainy,6,0.0,6.0,3.0,0.75,0.9375,ต่ำ
พังงา,เร่งด่วนเช้า (06:00-08:59),ศุกร์,summer,5,0.0,3.0,3.0,0.625,0.8125,ต่ำ
พังงา,เร่งด่วนเช้า (06:00-08:59),ศุกร์,winter,3,0.0,0.0,0.0,0.375,0.375,ต่ำ
พังงา,เร่งด่วนเช้า (06:00-08:59),อังคาร,rainy,6,0.0,4.0,4.0,0.75,1.0,ต่ำ
พังงา,เร่งด่วนเช้า (06:00-08:59),อังคาร,summer,1,0.0,0.0,0.0,0.125,0.125,ต่ำ
พังงา,เร่งด่วนเช้า (06:00-08:59),อังคาร,winter,5,2.0,2.0,8.0,0.625,1.125,ต่ำ
พังงา,เร่งด่วนเช้า (06:00-08:59),อาทิตย์,rainy,6,1.0,6.0,8.0,0.75,1.25,ต่ำ
พังงา,เร่งด่วนเช้า (06:00-08:59),อาทิตย์,summer,5,0.0,3.0,3.0,0.625,0.8125,ต่ำ
พังงา,เร่งด่วนเช้า (06:00-08:59),อาทิตย์,winter,9,0.0,3.0,3.0,1.125,1.3125,ต่ำ
พังงา,เร่งด่วนเช้า (06:00-08:59),เสาร์,rainy,3,0.0,0.0,0.0,0.375,0.375,ต่ำ
พังงา,เร่งด่วนเช้า (06:00-08:59),เสาร์,summer,7,0.0,7.0,7.0,0.875,1.3125,ต่ำ
พังงา,เร่งด่วนเช้า (06:00-08:59),เสาร์,winter,3,1.0,2.0,4.0,0.375,0.625,ต่ำ
พังงา,เร่งด่วนเย็น (16:00-18:59),จันทร์,rainy,7,0.0,15.0,15.0,0.875,1.8125,ปานกลาง
พังงา,เร่งด่วนเย็น (16:00-18:59),จันทร์,summer,13,2.0,8.0,15.0,1.625,2.5625,ปานกลาง
พังงา,เร่งด่วนเย็น (16:00-18:59),จันทร์,winter,1,0.0,1.0,2.0,0.125,0.25,ต่ำ
พังงา,เร่งด่วนเย็น (16:00-18:59),พฤหัสบดี,rainy,6,0.0,3.0,3.0,0.75,0.9375,ต่ำ
พังงา,เร่งด่วนเย็น (16:00-18:59),พฤหัสบดี,summer,5,1.0,2.0,6.0,0.625,1.0,ต่ำ
พังงา,เร่งด่วนเย็น (16:00-18:59),พฤหัสบดี,winter,7,2.0,24.0,29.0,0.875,2.6875,ปานกลาง
พังงา,เร่งด่วนเย็น (16:00-18:59),พุธ,rainy,4,0.0,7.0,10.0,0.5,1.125,ต่ำ
พังงา,เร่งด่วนเย็น (16:00-18:59),พุธ,summer,4,1.0,1.0,4.0,0.5,0.75,ต่ำ
พังงา,เร่งด่วนเย็น (16:00-18:59),พุธ,winter,4,0.0,3.0,3.0,0.5,0.6875,ต่ำ
พังงา,เร่งด่วนเย็น (16:00-18:59),ศุกร์,rainy,5,1.0,5.0,12.0,0.625,1.375,ต่ำ
พังงา,เร่งด่วนเย็น (16:00-18:59),ศุกร์,summer,8,1.0,9.0,12.0,1.0,1.75,ปานกลาง
พังงา,เร่งด่วนเย็น (16:00-18:59),ศุกร์,winter,9,2.0,9.0,15.0,1.125,2.0625,ปานกลาง
พังงา,เร่งด่วนเย็น (16:00-18:59),อังคาร,rainy,4,0.0,2.0,2.0,0.5,0.625,ต่ำ
พังงา,เร่งด่วนเย็น (16:00-18:59),อังคาร,summer,5,0.0,15.0,10.0,0.625,1.25,ต่ำ
พังงา,เร่งด่วนเย็น (16:00-18:59),อังคาร,winter,4,1.0,1.0,4.0,0.5,0.75,ต่ำ
พังงา,เร่งด่วนเย็น (16:00-18:59),อาทิตย์,rainy,5,0.0,4.0,5.0,0.625,0.9375,ต่ำ
พังงา,เร่งด่วนเย็น (16:00-18:59),อาทิตย์,summer,3,0.0,1.0,1.0,0.375,0.4375,ต่ำ
พังงา,เร่งด่วนเย็น (16:00-18:59),อาทิตย์,winter,8,1.0,12.0,12.0,1.0,1.75,ปานกลาง
พังงา,เร่งด่วนเย็น (16:00-18:59),เสาร์,rainy,2,0.0,1.0,1.0,0.25,0.3125,ต่ำ
พังงา,เร่งด่วนเย็น (16:00-18:59),เสาร์,summer,6,1.0,5.0,7.0,0.75,1.1875,ต่ำ
พังงา,เร่งด่วนเย็น (16:00-18:59),เสาร์,winter,14,1.0,5.0,8.0,1.75,2.25,ปานกลาง
พัทลุง,กลางดึก (00:00-05:59),จันทร์,rainy,22,3.0,11.0,21.0,2.75,4.0625,สูง
พัทลุง,กลางดึก (00:00-05:59),จันทร์,summer,16,1.0,11.0,15.0,2.0,2.9375,ปานกลาง
พัทลุง,กลางดึก (00:00-05:59),จันทร์,winter,31,4.0,20.0,34.0,3.875,6.0,สูงมาก
พัทลุง,กลางดึก (00:00-05:59),พฤหัสบดี,rainy,22,3.0,13.0,26.0,2.75,4.375,สูง
พัทลุง,กลางดึก (00:00-05:59),พฤหัสบดี,summer,16,2.0,11.0,19.0,2.0,3.1875,สูง
พัทลุง,กลางดึก (00:00-05:59),พฤหัสบดี,winter,19,2.0,22.0,34.0,2.375,4.5,สูง
พัทลุง,กลางดึก (00:00-05:59),พุธ,rainy,16,2.0,7.0,17.0,2.0,3.0625,สูง
พัทลุง,กลางดึก (00:00-05:59),พุธ,summer,13,3.0,9.0,19.0,1.625,2.8125,ปานกลาง
พัทลุง,กลางดึก (00:00-05:59),พุธ,winter,22,1.0,16.0,18.0,2.75,3.875,สูง
พัทลุง,กลางดึก (00:00-05:59),ศุกร์,rainy,21,1.0,11.0,17.0,2.625,3.6875,สูง
พัทลุง,กลางดึก (00:00-05:59),ศุกร์,summer,17,2.0,9.0,16.0,2.125,3.125,สูง
พัทลุง,กลางดึก (00:00-05:59),ศุกร์,winter,32,3.0,25.0,37.0,4.0,6.3125,สูงมาก
พัทลุง,กลางดึก (00:00-05:59),อังคาร,rainy,22,1.0,14.0,20.0,2.75,4.0,สูง
พัทลุง,กลางดึก (00:00-05:59),อังคาร,summer,9,3.0,17.0,17.0,1.125,2.1875,ปานกลาง
พัทลุง,กลางดึก (00:00-05:59),อังคาร,winter,14,1.0,17.0,24.0,1.75,3.25,สูง
พัทลุง,กลางดึก (00:00-05:59),อาทิตย์,rainy,31,3.0,21.0,36.0,3.875,6.125,สูงมาก
พัทลุง,กลางดึก (00:00-05:59),อาทิตย์,summer,27,4.0,29.0,33.0,3.375,5.4375,สูงมาก
พัทลุง,กลางดึก (00:00-05:59),อาทิตย์,winter,26,6.0,19.0,43.0,3.25,5.9375,สูงมาก
พัทลุง,กลางดึก (00:00-05:59),เสาร์,rainy,19,4.0,17.0,33.0,2.375,4.4375,สูง
พัทลุง,กลางดึก (00:00-05:59),เสาร์,summer,22,2.0,21.0,36.0,2.75,5.0,สูง
พัทลุง,กลางดึก (00:00-05:59),เสาร์,winter,26,3.0,41.0,60.0,3.25,7.0,สูงมาก
พัทลุง,กลางวัน (09:00-15:59),จันทร์,rainy,31,4.0,39.0,57.0,3.875,7.4375,สูงมาก
พัทลุง,กลางวัน (09:00-15:59),จันทร์,summer,38,3.0,45.0,49.0,4.75,7.8125,สูงมาก
พัทลุง,กลางวัน (09:00-15:59),จันทร์,winter,33,4.0,24.0,33.0,4.125,6.1875,สูงมาก
พัทลุง,กลางวัน (09:00-15:59),พฤหัสบดี,rainy,21,4.0,22.0,36.0,2.625,4.875,สูง
พัทลุง,กลางวัน (09:00-15:59),พฤหัสบดี,summer,39,4.0,33.0,47.0,4.875,7.8125,สูงมาก
พัทลุง,กลางวัน (09:00-15:59),พฤหัสบดี,winter,32,4.0,23.0,39.0,4.0,6.4375,สูงมาก
พัทลุง,กลางวัน (09:00-15:59),พุธ,rainy,36,6.0,57.0,72.0,4.5,9.0,สูงมาก
พัทลุง,กลางวัน (09:00-15:59),พุธ,summer,30,3.0,31.0,35.0,3.75,5.9375,สูงมาก
พัทลุง,กลางวัน (09:00-15:59),พุธ,winter,31,5.0,40.0,50.0,3.875,7.0,สูงมาก
พัทลุง,กลางวัน (09:00-15:59),ศุกร์,rainy,22,2.0,20.0,34.0,2.75,4.875,สูง
พัทลุง,กลางวัน (09:00-15:59),ศุกร์,summer,23,2.0,16.0,18.0,2.875,4.0,สูง
พัทลุง,กลางวัน (09:00-15:59),ศุกร์,winter,31,2.0,23.0,35.0,3.875,6.0625,สูงมาก
พัทลุง,กลางวัน (09:00-15:59),อังคาร,rainy,41,1.0,45.0,57.0,5.125,8.6875,สูงมาก
พัทลุง,กลางวัน (09:00-15:59),อังคาร,summer,38,4.0,25.0,33.0,4.75,6.8125,สูงมาก
พัทลุง,กลางวัน (09:00-15:59),อังคาร,winter,24,1.0,11.0,12.0,3.0,3.75,สูง
พัทลุง,กลางวัน (09:00-15:59),อาทิตย์,rainy,24,2.0,19.0,35.0,3.0,5.1875,สูงมาก
พัทลุง,กลางวัน (09:00-15:59),อาทิตย์,summer,29,4.0,29.0,35.0,3.625,5.8125,สูงมาก
พัทลุง,กลางวัน (09:00-15:59),อาทิตย์,winter,32,3.0,50.0,33.0,4.0,6.0625,สูงมาก
พัทลุง,กลางวัน (09:00-15:59),เสาร์,rainy,25,6.0,33.0,52.0,3.125,6.375,สูงมาก
พัทลุง,กลางวัน (09:00-15:59),เสาร์,summer,23,4.0,23.0,41.0,2.875,5.4375,สูงมาก
พัทลุง,กลางวัน (09:00-15:59),เสาร์,winter,46,9.0,56.0,72.0,5.75,10.25,สูงมาก
พัทลุง,หัวค่ำ-ดึก (19:00-23:59),จันทร์,rainy,16,5.0,12.0,33.0,2.0,4.0625,สูง
พัทลุง,หัวค่ำ-ดึก (19:00-23:59),จันทร์,summer,19,4.0,14.0,30.0,2.375,4.25,สูง
พัทลุง,หัวค่ำ-ดึก (19:00-23:59),จันทร์,winter,15,4.0,16.0,24.0,1.875,3.375,สูง
พัทลุง,หัวค่ำ-ดึก (19:00-23:59),พฤหัสบดี,rainy,12,6.0,8.0,25.0,1.5,3.0625,สูง
พัทลุง,หัวค่ำ-ดึก (19:00-23:59),พฤหัสบดี,summer,10,0.0,11.0,10.0,1.25,1.875,ปานกลาง
พัทลุง,หัวค่ำ-ดึก (19:00-23:59),พฤหัสบดี,winter,15,2.0,9.0,15.0,1.875,2.8125,ปานกลาง
พัทลุง,หัวค่ำ-ดึก (19:00-23:59),พุธ,rainy,14,1.0,8.0,12.0,1.75,2.5,ปานกลาง
พัทลุง,หัวค่ำ-ดึก (19:00-23:59),พุธ,summer,10,1.0,8.0,18.0,1.25,2.375,ปานกลาง
พัทลุง,หัวค่ำ-ดึก (19:00-23:59),พุธ,winter,20,3.0,14.0,28.0,2.5,4.25,สูง
พัทลุง,หัวค่ำ-ดึก (19:00-23:59),ศุกร์,rainy,24,4.0,19.0,38.0,3.0,5.375,สูงมาก
พัทลุง,หัวค่ำ-ดึก (19:00-23:59),ศุกร์,summer,20,4.0,12.0,24.0,2.5,4.0,สูง
พัทลุง,หัวค่ำ-ดึก (19:00-23:59),ศุกร์,winter,20,4.0,23.0,43.0,2.5,5.1875,สูงมาก
พัทลุง,หัวค่ำ-ดึก (19:00-23:59),อังคาร,rainy,23,5.0,18.0,44.0,2.875,5.625,สูงมาก
พัทลุง,หัวค่ำ-ดึก (19:00-23:59),อังคาร,summer,10,1.0,5.0,8.0,1.25,1.75,ปานกลาง
พัทลุง,หัวค่ำ-ดึก (19:00-23:59),อังคาร,winter,13,1.0,6.0,7.0,1.625,2.0625,ปานกลาง
พัทลุง,หัวค่ำ-ดึก (19:00-23:59),อาทิตย์,rainy,14,3.0,4.0,13.0,1.75,2.5625,ปานกลาง
พัทลุง,หัวค่ำ-ดึก (19:00-23:59),อาทิตย์,summer,16,2.0,17.0,23.0,2.0,3.4375,สูง
พัทลุง,หัวค่ำ-ดึก (19:00-23:59),อาทิตย์,winter,25,1.0,25.0,32.0,3.125,5.125,สูงมาก
พัทลุง,หัวค่ำ-ดึก (19:00-23:59),เสาร์,rainy,19,3.0,10.0,23.0,2.375,3.8125,สูง
พัทลุง,หัวค่ำ-ดึก (19:00-23:59),เสาร์,summer,18,5.0,18.0,32.0,2.25,4.25,สูง
พัทลุง,หัวค่ำ-ดึก (19:00-23:59),เสาร์,winter,18,2.0,19.0,30.0,2.25,4.125,สูง
พัทลุง,เร่งด่วนเช้า (06:00-08:59),จันทร์,rainy,25,2.0,27.0,42.0,3.125,5.75,สูงมาก
พัทลุง,เร่งด่วนเช้า (06:00-08:59),จันทร์,summer,13,0.0,14.0,11.0,1.625,2.3125,ปานกลาง
พัทลุง,เร่งด่วนเช้า (06:00-08:59),จันทร์,winter,18,5.0,12.0,28.0,2.25,4.0,สูง
พัทลุง,เร่งด่วนเช้า (06:00-08:59),พฤหัสบดี,rainy,11,0.0,14.0,16.0,1.375,2.375,ปานกลาง
พัทลุง,เร่งด่วนเช้า (06:00-08:59),พฤหัสบดี,summer,14,0.0,16.0,12.0,1.75,2.5,ปานกลาง
พัทลุง,เร่งด่วนเช้า (06:00-08:59),พฤหัสบดี,winter,16,2.0,10.0,19.0,2.0,3.1875,สูง
พัทลุง,เร่งด่วนเช้า (06:00-08:59),พุธ,rainy,11,0.0,12.0,17.0,1.375,2.4375,ปานกลาง
พัทลุง,เร่งด่วนเช้า (06:00-08:59),พุธ,summer,8,5.0,8.0,22.0,1.0,2.375,ปานกลาง
พัทลุง,เร่งด่วนเช้า (06:00-08:59),พุธ,winter,19,7.0,22.0,52.0,2.375,5.625,สูงมาก
พัทลุง,เร่งด่วนเช้า (06:00-08:59),ศุกร์,rainy,7,2.0,7.0,10.0,0.875,1.5,ต่ำ
พัทลุง,เร่งด่วนเช้า (06:00-08:59),ศุกร์,summer,12,0.0,16.0,18.0,1.5,2.625,ปานกลาง
พัทลุง,เร่งด่วนเช้า (06:00-08:59),ศุกร์,winter,13,4.0,5.0,18.0,1.625,2.75,ปานกลาง
พัทลุง,เร่งด่วนเช้า (06:00-08:59),อังคาร,rainy,11,2.0,11.0,12.0,1.375,2.125,ปานกลาง
พัทลุง,เร่งด่วนเช้า (06:00-08:59),อังคาร,summer,10,1.0,13.0,17.0,1.25,2.3125,ปานกลาง
พัทลุง,เร่งด่วนเช้า (06:00-08:59),อังคาร,winter,19,2.0,24.0,34.0,2.375,4.5,สูง
พัทลุง,เร่งด่วนเช้า (06:00-08:59),อาทิตย์,rainy,9,3.0,12.0,29.0,1.125,2.9375,ปานกลาง
พัทลุง,เร่งด่วนเช้า (06:00-08:59),อาทิตย์,summer,8,1.0,6.0,12.0,1.0,1.75,ปานกลาง
พัทลุง,เร่งด่วนเช้า (06:00-08:59),อาทิตย์,winter,13,3.0,8.0,19.0,1.625,2.8125,ปานกลาง
พัทลุง,เร่งด่วนเช้า (06:00-08:59),เสาร์,rainy,15,2.0,11.0,15.0,1.875,2.8125,ปานกลาง
พัทลุง,เร่งด่วนเช้า (06:00-08:59),เสาร์,summer,10,3.0,7.0,15.0,1.25,2.1875,ปานกลาง
พัทลุง,เร่งด่วนเช้า (06:00-08:59),เสาร์,winter,20,0.0,15.0,15.0,2.5,3.4375,สูง
พัทลุง,เร่งด่วนเย็น (16:00-18:59),จันทร์,rainy,13,1.0,25.0,29.0,1.625,3.4375,สูง
พัทลุง,เร่งด่วนเย็น (16:00-18:59),จันทร์,summer,11,0.0,20.0,9.0,1.375,1.9375,ปานกลาง
พัทลุง,เร่งด่วนเย็น (16:00-18:59),จันทร์,winter,8,1.0,9.0,10.0,1.0,1.625,ต่ำ
พัทลุง,เร่งด่วนเย็น (16:00-18:59),พฤหัสบดี,rainy,15,0.0,19.0,12.0,1.875,2.625,ปานกลาง
พัทลุง,เร่งด่วนเย็น (16:00-18:59),พฤหัสบดี,summer,24,3.0,31.0,48.0,3.0,6.0,สูงมาก
พัทลุง,เร่งด่วนเย็น (16:00-18:59),พฤหัสบดี,winter,17,1.0,15.0,23.0,2.125,3.5625,สูง
พัทลุง,เร่งด่วนเย็น (16:00-18:59),พุธ,rainy,13,2.0,14.0,24.0,1.625,3.125,สูง
พัทลุง,เร่งด่วนเย็น (16:00-18:59),พุธ,summer,10,2.0,10.0,20.0,1.25,2.5,ปานกลาง
พัทลุง,เร่งด่วนเย็น (16:00-18:59),พุธ,winter,10,2.0,14.0,23.0,1.25,2.6875,ปานกลาง
พัทลุง,เร่งด่วนเย็น (16:00-18:59),ศุกร์,rainy,11,1.0,15.0,21.0,1.375,2.6875,ปานกลาง
พัทลุง,เร่งด่วนเย็น (16:00-18:59),ศุกร์,summer,6,1.0,5.0,8.0,0.75,1.25,ต่ำ
พัทลุง,เร่งด่วนเย็น (16:00-18:59),ศุกร์,winter,10,5.0,8.0,24.0,1.25,2.75,ปานกลาง
พัทลุง,เร่งด่วนเย็น (16:00-18:59),อังคาร,rainy,10,1.0,21.0,29.0,1.25,3.0625,สูง
พัทลุง,เร่งด่วนเย็น (16:00-18:59),อังคาร,summer,7,1.0,3.0,6.0,0.875,1.25,ต่ำ
พัทลุง,เร่งด่วนเย็น (16:00-18:59),อังคาร,winter,20,3.0,31.0,34.0,2.5,4.625,สูง
พัทลุง,เร่งด่วนเย็น (16:00-18:59),อาทิตย์,rainy,6,0.0,0.0,0.0,0.75,0.75,ต่ำ
พัทลุง,เร่งด่วนเย็น (16:00-18:59),อาทิตย์,summer,18,2.0,13.0,20.0,2.25,3.5,สูง
พัทลุง,เร่งด่วนเย็น (16:00-18:59),อาทิตย์,winter,17,4.0,31.0,50.0,2.125,5.25,สูงมาก
พัทลุง,เร่งด่วนเย็น (16:00-18:59),เสาร์,rainy,10,0.0,14.0,15.0,1.25,2.1875,ปานกลาง
พัทลุง,เร่งด่วนเย็น (16:00-18:59),เสาร์,summer,11,1.0,20.0,10.0,1.375,2.0,ปานกลาง
พัทลุง,เร่งด่วนเย็น (16:00-18:59),เสาร์,winter,22,3.0,26.0,34.0,2.75,4.875,สูง
พิจิตร,กลางดึก (00:00-05:59),จันทร์,rainy,4,0.0,1.0,1.0,0.5,0.5625,ต่ำ
พิจิตร,กลางดึก (00:00-05:59),จันทร์,summer,3,0.0,3.0,1.0,0.375,0.4375,ต่ำ
พิจิตร,กลางดึก (00:00-05:59),จันทร์,winter,4,1.0,1.0,4.0,0.5,0.75,ต่ำ
พิจิตร,กลางดึก (00:00-05:59),พฤหัสบดี,rainy,6,0.0,2.0,3.0,0.75,0.9375,ต่ำ
พิจิตร,กลางดึก (00:00-05:59),พฤหัสบดี,summer,7,1.0,6.0,9.0,0.875,1.4375,ต่ำ
พิจิตร,กลางดึก (00:00-05:59),พฤหัสบดี,winter,6,0.0,3.0,2.0,0.75,0.875,ต่ำ
พิจิตร,กลางดึก (00:00-05:59),พุธ,rainy,6,1.0,2.0,5.0,0.75,1.0625,ต่ำ
พิจิตร,กลางดึก (00:00-05:59),พุธ,summer,5,5.0,9.0,21.0,0.625,1.9375,ปานกลาง
พิจิตร,กลางดึก (00:00-05:59),พุธ,winter,13,3.0,11.0,15.0,1.625,2.5625,ปานกลาง
พิจิตร,กลางดึก (00:00-05:59),ศุกร์,summer,3,2.0,1.0,7.0,0.375,0.8125,ต่ำ
พิจิตร,กลางดึก (00:00-05:59),ศุกร์,winter,4,0.0,4.0,4.0,0.5,0.75,ต่ำ
พิจิตร,กลางดึก (00:00-05:59),อังคาร,rainy,6,0.0,6.0,3.0,0.75,0.9375,ต่ำ
พิจิตร,กลางดึก (00:00-05:59),อังคาร,summer,3,0.0,2.0,2.0,0.375,0.5,ต่ำ
พิจิตร,กลางดึก (00:00-05:59),อังคาร,winter,7,1.0,6.0,9.0,0.875,1.4375,ต่ำ
พิจิตร,กลางดึก (00:00-05:59),อาทิตย์,rainy,4,1.0,1.0,4.0,0.5,0.75,ต่ำ
พิจิตร,กลางดึก (00:00-05:59),อาทิตย์,summer,10,4.0,8.0,17.0,1.25,2.3125,ปานกลาง
พิจิตร,กลางดึก (00:00-05:59),อาทิตย์,winter,8,4.0,5.0,18.0,1.0,2.125,ปานกลาง
พิจิตร,กลางดึก (00:00-05:59),เสาร์,rainy,7,5.0,7.0,17.0,0.875,1.9375,ปานกลาง
พิจิตร,กลางดึก (00:00-05:59),เสาร์,summer,7,1.0,4.0,7.0,0.875,1.3125,ต่ำ
พิจิตร,กลางดึก (00:00-05:59),เสาร์,winter,8,2.0,19.0,13.0,1.0,1.8125,ปานกลาง
พิจิตร,กลางวัน (09:00-15:59),จันทร์,rainy,8,3.0,5.0,13.0,1.0,1.8125,ปานกลาง
พิจิตร,กลางวัน (09:00-15:59),จันทร์,summer,4,3.0,6.0,13.0,0.5,1.3125,ต่ำ
พิจิตร,กลางวัน (09:00-15:59),จันทร์,winter,10,3.0,19.0,17.0,1.25,2.3125,ปานกลาง
พิจิตร,กลางวัน (09:00-15:59),พฤหัสบดี,rainy,6,3.0,4.0,13.0,0.75,1.5625,ต่ำ
พิจิตร,กลางวัน (09:00-15:59),พฤหัสบดี,summer,4,1.0,5.0,10.0,0.5,1.125,ต่ำ
พิจิตร,กลางวัน (09:00-15:59),พฤหัสบดี,winter,9,2.0,8.0,14.0,1.125,2.0,ปานกลาง
พิจิตร,กลางวัน (09:00-15:59),พุธ,rainy,5,2.0,1.0,8.0,0.625,1.125,ต่ำ
พิจิตร,กลางวัน (09:00-15:59),พุธ,summer,4,3.0,3.0,12.0,0.5,1.25,ต่ำ
พิจิตร,กลางวัน (09:00-15:59),พุธ,winter,12,4.0,9.0,22.0,1.5,2.875,ปานกลาง
พิจิตร,กลางวัน (09:00-15:59),ศุกร์,rainy,7,0.0,6.0,6.0,0.875,1.25,ต่ำ
พิจิตร,กลางวัน (09:00-15:59),ศุกร์,summer,8,4.0,7.0,16.0,1.0,2.0,ปานกลาง
พิจิตร,กลางวัน (09:00-15:59),ศุกร์,winter,6,2.0,1.0,6.0,0.75,1.125,ต่ำ
พิจิตร,กลางวัน (09:00-15:59),อังคาร,rainy,7,5.0,8.0,22.0,0.875,2.25,ปานกลาง
พิจิตร,กลางวัน (09:00-15:59),อังคาร,summer,6,1.0,6.0,11.0,0.75,1.4375,ต่ำ
พิจิตร,กลางวัน (09:00-15:59),อังคาร,winter,11,2.0,11.0,18.0,1.375,2.5,ปานกลาง
พิจิตร,กลางวัน (09:00-15:59),อาทิตย์,rainy,6,3.0,11.0,19.0,0.75,1.9375,ปานกลาง
พิจิตร,กลางวัน (09:00-15:59),อาทิตย์,summer,7,1.0,7.0,7.0,0.875,1.3125,ต่ำ
พิจิตร,กลางวัน (09:00-15:59),อาทิตย์,winter,8,3.0,6.0,15.0,1.0,1.9375,ปานกลาง
พิจิตร,กลางวัน (09:00-15:59),เสาร์,rainy,3,1.0,2.0,5.0,0.375,0.6875,ต่ำ
พิจิตร,กลางวัน (09:00-15:59),เสาร์,summer,5,1.0,7.0,10.0,0.625,1.25,ต่ำ
พิจิตร,กลางวัน (09:00-15:59),เสาร์,winter,17,3.0,19.0,29.0,2.125,3.9375,สูง
พิจิตร,หัวค่ำ-ดึก (19:00-23:59),จันทร์,rainy,5,3.0,8.0,17.0,0.625,1.6875,ปานกลาง
พิจิตร,หัวค่ำ-ดึก (19:00-23:59),จันทร์,summer,6,3.0,3.0,12.0,0.75,1.5,ต่ำ
พิจิตร,หัวค่ำ-ดึก (19:00-23:59),จันทร์,winter,2,0.0,2.0,2.0,0.25,0.375,ต่ำ
พิจิตร,หัวค่ำ-ดึก (19:00-23:59),พฤหัสบดี,rainy,7,4.0,5.0,17.0,0.875,1.9375,ปานกลาง
พิจิตร,หัวค่ำ-ดึก (19:00-23:59),พฤหัสบดี,summer,11,4.0,5.0,17.0,1.375,2.4375,ปานกลาง
พิจิตร,หัวค่ำ-ดึก (19:00-23:59),พฤหัสบดี,winter,10,2.0,44.0,51.0,1.25,4.4375,สูง
พิจิตร,หัวค่ำ-ดึก (19:00-23:59),พุธ,rainy,4,1.0,1.0,5.0,0.5,0.8125,ต่ำ
พิจิตร,หัวค่ำ-ดึก (19:00-23:59),พุธ,summer,3,1.0,2.0,5.0,0.375,0.6875,ต่ำ
พิจิตร,หัวค่ำ-ดึก (19:00-23:59),พุธ,winter,5,2.0,1.0,8.0,0.625,1.125,ต่ำ
พิจิตร,หัวค่ำ-ดึก (19:00-23:59),ศุกร์,rainy,5,0.0,2.0,3.0,0.625,0.8125,ต่ำ
พิจิตร,หัวค่ำ-ดึก (19:00-23:59),ศุกร์,summer,7,2.0,4.0,10.0,0.875,1.5,ต่ำ
พิจิตร,หัวค่ำ-ดึก (19:00-23:59),ศุกร์,winter,7,0.0,8.0,7.0,0.875,1.3125,ต่ำ
พิจิตร,หัวค่ำ-ดึก (19:00-23:59),อังคาร,rainy,6,1.0,3.0,6.0,0.75,1.125,ต่ำ
พิจิตร,หัวค่ำ-ดึก (19:00-23:59),อังคาร,summer,4,2.0,3.0,9.0,0.5,1.0625,ต่ำ
พิจิตร,หัวค่ำ-ดึก (19:00-23:59),อังคาร,winter,3,0.0,4.0,6.0,0.375,0.75,ต่ำ
พิจิตร,หัวค่ำ-ดึก (19:00-23:59),อาทิตย์,rainy,6,1.0,6.0,11.0,0.75,1.4375,ต่ำ
พิจิตร,หัวค่ำ-ดึก (19:00-23:59),อาทิตย์,summer,7,0.0,11.0,3.0,0.875,1.0625,ต่ำ
พิจิตร,หัวค่ำ-ดึก (19:00-23:59),อาทิตย์,winter,6,1.0,6.0,7.0,0.75,1.1875,ต่ำ
พิจิตร,หัวค่ำ-ดึก (19:00-23:59),เสาร์,rainy,4,2.0,8.0,20.0,0.5,1.75,ปานกลาง
พิจิตร,หัวค่ำ-ดึก (19:00-23:59),เสาร์,summer,1,0.0,2.0,2.0,0.125,0.25,ต่ำ
พิจิตร,หัวค่ำ-ดึก (19:00-23:59),เสาร์,winter,8,1.0,8.0,8.0,1.0,1.5,ต่ำ
พิจิตร,เร่งด่วนเช้า (06:00-08:59),จันทร์,rainy,2,0.0,1.0,1.0,0.25,0.3125,ต่ำ
พิจิตร,เร่งด่วนเช้า (06:00-08:59),จันทร์,summer,5,1.0,14.0,6.0,0.625,1.0,ต่ำ
พิจิตร,เร่งด่วนเช้า (06:00-08:59),จันทร์,winter,6,1.0,4.0,4.0,0.75,1.0,ต่ำ
พิจิตร,เร่งด่วนเช้า (06:00-08:59),พฤหัสบดี,rainy,3,1.0,0.0,3.0,0.375,0.5625,ต่ำ
พิจิตร,เร่งด่วนเช้า (06:00-08:59),พฤหัสบดี,summer,1,0.0,0.0,0.0,0.125,0.125,ต่ำ
พิจิตร,เร่งด่วนเช้า (06:00-08:59),พฤหัสบดี,winter,3,3.0,2.0,11.0,0.375,1.0625,ต่ำ
พิจิตร,เร่งด่วนเช้า (06:00-08:59),พุธ,rainy,2,2.0,1.0,7.0,0.25,0.6875,ต่ำ
พิจิตร,เร่งด่วนเช้า (06:00-08:59),พุธ,summer,3,0.0,4.0,4.0,0.375,0.625,ต่ำ
พิจิตร,เร่งด่วนเช้า (06:00-08:59),พุธ,winter,3,0.0,1.0,1.0,0.375,0.4375,ต่ำ
พิจิตร,เร่งด่วนเช้า (06:00-08:59),ศุกร์,rainy,1,0.0,0.0,0.0,0.125,0.125,ต่ำ
พิจิตร,เร่งด่วนเช้า (06:00-08:59),ศุกร์,summer,5,2.0,2.0,9.0,0.625,1.1875,ต่ำ
พิจิตร,เร่งด่วนเช้า (06:00-08:59),ศุกร์,winter,4,0.0,12.0,12.0,0.5,1.25,ต่ำ
พิจิตร,เร่งด่วนเช้า (06:00-08:59),อังคาร,rainy,1,0.0,1.0,2.0,0.125,0.25,ต่ำ
พิจิตร,เร่งด่วนเช้า (06:00-08:59),อังคาร,summer,2,0.0,1.0,1.0,0.25,0.3125,ต่ำ
พิจิตร,เร่งด่วนเช้า (06:00-08:59),อังคาร,winter,1,0.0,0.0,0.0,0.125,0.125,ต่ำ
พิจิตร,เร่งด่วนเช้า (06:00-08:59),อาทิตย์,rainy,1,2.0,3.0,12.0,0.125,0.875,ต่ำ
พิจิตร,เร่งด่วนเช้า (06:00-08:59),อาทิตย์,summer,3,0.0,5.0,6.0,0.375,0.75,ต่ำ
พิจิตร,เร่งด่วนเช้า (06:00-08:59),อาทิตย์,winter,3,3.0,9.0,18.0,0.375,1.5,ต่ำ
พิจิตร,เร่งด่วนเช้า (06:00-08:59),เสาร์,rainy,3,1.0,8.0,15.0,0.375,1.3125,ต่ำ
พิจิตร,เร่งด่วนเช้า (06:00-08:59),เสาร์,winter,2,0.0,0.0,0.0,0.25,0.25,ต่ำ
พิจิตร,เร่งด่วนเย็น (16:00-18:59),จันทร์,rainy,4,1.0,2.0,7.0,0.5,0.9375,ต่ำ
พิจิตร,เร่งด่วนเย็น (16:00-18:59),จันทร์,summer,5,0.0,3.0,2.0,0.625,0.75,ต่ำ
พิจิตร,เร่งด่วนเย็น (16:00-18:59),จันทร์,winter,3,0.0,55.0,55.0,0.375,3.8125,สูง
พิจิตร,เร่งด่วนเย็น (16:00-18:59),พฤหัสบดี,rainy,2,1.0,1.0,3.0,0.25,0.4375,ต่ำ
พิจิตร,เร่งด่วนเย็น (16:00-18:59),พฤหัสบดี,summer,2,0.0,2.0,2.0,0.25,0.375,ต่ำ
พิจิตร,เร่งด่วนเย็น (16:00-18:59),พุธ,rainy,6,2.0,4.0,10.0,0.75,1.375,ต่ำ
พิจิตร,เร่งด่วนเย็น (16:00-18:59),พุธ,summer,1,0.0,1.0,1.0,0.125,0.1875,ต่ำ
พิจิตร,เร่งด่วนเย็น (16:00-18:59),พุธ,winter,3,0.0,3.0,4.0,0.375,0.625,ต่ำ
พิจิตร,เร่งด่วนเย็น (16:00-18:59),ศุกร์,rainy,3,3.0,21.0,32.0,0.375,2.375,ปานกลาง
พิจิตร,เร่งด่วนเย็น (16:00-18:59),ศุกร์,summer,2,0.0,2.0,2.0,0.25,0.375,ต่ำ
พิจิตร,เร่งด่วนเย็น (16:00-18:59),ศุกร์,winter,5,1.0,1.0,5.0,0.625,0.9375,ต่ำ
พิจิตร,เร่งด่วนเย็น (16:00-18:59),อังคาร,rainy,4,0.0,1.0,1.0,0.5,0.5625,ต่ำ
พิจิตร,เร่งด่วนเย็น (16:00-18:59),อังคาร,summer,5,0.0,7.0,8.0,0.625,1.125,ต่ำ
พิจิตร,เร่งด่วนเย็น (16:00-18:59),อังคาร,winter,4,1.0,2.0,4.0,0.5,0.75,ต่ำ
พิจิตร,เร่งด่วนเย็น (16:00-18:59),อาทิตย์,rainy,2,0.0,4.0,4.0,0.25,0.5,ต่ำ
พิจิตร,เร่งด่วนเย็น (16:00-18:59),อาทิตย์,summer,5,2.0,25.0,26.0,0.625,2.25,ปานกลาง
พิจิตร,เร่งด่วนเย็น (16:00-18:59),อาทิตย์,winter,5,1.0,5.0,9.0,0.625,1.1875,ต่ำ
พิจิตร,เร่งด่วนเย็น (16:00-18:59),เสาร์,rainy,3,2.0,0.0,6.0,0.375,0.75,ต่ำ
พิจิตร,เร่งด่วนเย็น (16:00-18:59),เสาร์,summer,2,0.0,0.0,0.0,0.25,0.25,ต่ำ
พิจิตร,เร่งด่วนเย็น (16:00-18:59),เสาร์,winter,6,3.0,2.0,11.0,0.75,1.4375,ต่ำ
พิษณุโลก,กลางดึก (00:00-05:59),จันทร์,rainy,13,2.0,14.0,23.0,1.625,3.0625,สูง
พิษณุโลก,กลางดึก (00:00-05:59),จันทร์,summer,8,0.0,13.0,11.0,1.0,1.6875,ปานกลาง
พิษณุโลก,กลางดึก (00:00-05:59),จันทร์,winter,16,4.0,20.0,37.0,2.0,4.3125,สูง
พิษณุโลก,กลางดึก (00:00-05:59),พฤหัสบดี,rainy,12,5.0,2.0,16.0,1.5,2.5,ปานกลาง
พิษณุโลก,กลางดึก (00:00-05:59),พฤหัสบดี,summer,10,2.0,10.0,16.0,1.25,2.25,ปานกลาง
พิษณุโลก,กลางดึก (00:00-05:59),พฤหัสบดี,winter,18,3.0,22.0,30.0,2.25,4.125,สูง
พิษณุโลก,กลางดึก (00:00-05:59),พุธ,rainy,10,3.0,5.0,12.0,1.25,2.0,ปานกลาง
พิษณุโลก,กลางดึก (00:00-05:59),พุธ,summer,12,1.0,17.0,8.0,1.5,2.0,ปานกลาง
พิษณุโลก,กลางดึก (00:00-05:59),พุธ,winter,11,3.0,3.0,12.0,1.375,2.125,ปานกลาง
พิษณุโลก,กลางดึก (00:00-05:59),ศุกร์,rainy,19,3.0,9.0,19.0,2.375,3.5625,สูง
พิษณุโลก,กลางดึก (00:00-05:59),ศุกร์,summer,12,6.0,10.0,30.0,1.5,3.375,สูง
พิษณุโลก,กลางดึก (00:00-05:59),ศุกร์,winter,21,5.0,18.0,41.0,2.625,5.1875,สูงมาก
พิษณุโลก,กลางดึก (00:00-05:59),อังคาร,rainy,10,3.0,2.0,11.0,1.25,1.9375,ปานกลาง
พิษณุโลก,กลางดึก (00:00-05:59),อังคาร,summer,12,5.0,5.0,21.0,1.5,2.8125,ปานกลาง
พิษณุโลก,กลางดึก (00:00-05:59),อังคาร,winter,9,4.0,7.0,21.0,1.125,2.4375,ปานกลาง
พิษณุโลก,กลางดึก (00:00-05:59),อาทิตย์,rainy,12,4.0,8.0,23.0,1.5,2.9375,ปานกลาง
พิษณุโลก,กลางดึก (00:00-05:59),อาทิตย์,summer,13,0.0,5.0,6.0,1.625,2.0,ปานกลาง
พิษณุโลก,กลางดึก (00:00-05:59),อาทิตย์,winter,20,5.0,23.0,38.0,2.5,4.875,สูง
พิษณุโลก,กลางดึก (00:00-05:59),เสาร์,rainy,20,1.0,26.0,27.0,2.5,4.1875,สูง
พิษณุโลก,กลางดึก (00:00-05:59),เสาร์,summer,19,2.0,26.0,21.0,2.375,3.6875,สูง
พิษณุโลก,กลางดึก (00:00-05:59),เสาร์,winter,19,2.0,10.0,19.0,2.375,3.5625,สูง
พิษณุโลก,กลางวัน (09:00-15:59),จันทร์,rainy,21,8.0,19.0,48.0,2.625,5.625,สูงมาก
พิษณุโลก,กลางวัน (09:00-15:59),จันทร์,summer,21,4.0,20.0,33.0,2.625,4.6875,สูง
พิษณุโลก,กลางวัน (09:00-15:59),จันทร์,winter,27,4.0,19.0,29.0,3.375,5.1875,สูงมาก
พิษณุโลก,กลางวัน (09:00-15:59),พฤหัสบดี,rainy,11,6.0,17.0,30.0,1.375,3.25,สูง
พิษณุโลก,กลางวัน (09:00-15:59),พฤหัสบดี,summer,28,2.0,32.0,35.0,3.5,5.6875,สูงมาก
พิษณุโลก,กลางวัน (09:00-15:59),พฤหัสบดี,winter,17,3.0,17.0,29.0,2.125,3.9375,สูง
พิษณุโลก,กลางวัน (09:00-15:59),พุธ,rainy,24,3.0,20.0,23.0,3.0,4.4375,สูง
พิษณุโลก,กลางวัน (09:00-15:59),พุธ,summer,21,4.0,35.0,43.0,2.625,5.3125,สูงมาก
พิษณุโลก,กลางวัน (09:00-15:59),พุธ,winter,22,3.0,17.0,24.0,2.75,4.25,สูง
พิษณุโลก,กลางวัน (09:00-15:59),ศุกร์,rainy,21,4.0,25.0,34.0,2.625,4.75,สูง
พิษณุโลก,กลางวัน (09:00-15:59),ศุกร์,summer,22,2.0,16.0,20.0,2.75,4.0,สูง
พิษณุโลก,กลางวัน (09:00-15:59),ศุกร์,winter,27,7.0,25.0,48.0,3.375,6.375,สูงมาก
พิษณุโลก,กลางวัน (09:00-15:59),อังคาร,rainy,18,8.0,22.0,45.0,2.25,5.0625,สูง
พิษณุโลก,กลางวัน (09:00-15:59),อังคาร,summer,19,1.0,24.0,27.0,2.375,4.0625,สูง
พิษณุโลก,กลางวัน (09:00-15:59),อังคาร,winter,21,8.0,19.0,44.0,2.625,5.375,สูงมาก
พิษณุโลก,กลางวัน (09:00-15:59),อาทิตย์,rainy,18,3.0,26.0,33.0,2.25,4.3125,สูง
พิษณุโลก,กลางวัน (09:00-15:59),อาทิตย์,summer,16,4.0,20.0,33.0,2.0,4.0625,สูง
พิษณุโลก,กลางวัน (09:00-15:59),อาทิตย์,winter,28,2.0,28.0,44.0,3.5,6.25,สูงมาก
พิษณุโลก,กลางวัน (09:00-15:59),เสาร์,rainy,18,2.0,16.0,21.0,2.25,3.5625,สูง
พิษณุโลก,กลางวัน (09:00-15:59),เสาร์,summer,14,1.0,14.0,13.0,1.75,2.5625,ปานกลาง
พิษณุโลก,กลางวัน (09:00-15:59),เสาร์,winter,32,3.0,48.0,65.0,4.0,8.0625,สูงมาก
พิษณุโลก,หัวค่ำ-ดึก (19:00-23:59),จันทร์,rainy,15,0.0,17.0,13.0,1.875,2.6875,ปานกลาง
พิษณุโลก,หัวค่ำ-ดึก (19:00-23:59),จันทร์,summer,12,3.0,7.0,15.0,1.5,2.4375,ปานกลาง
พิษณุโลก,หัวค่ำ-ดึก (19:00-23:59),จันทร์,winter,13,5.0,12.0,21.0,1.625,2.9375,ปานกลาง
พิษณุโลก,หัวค่ำ-ดึก (19:00-23:59),พฤหัสบดี,rainy,13,2.0,15.0,16.0,1.625,2.625,ปานกลาง
พิษณุโลก,หัวค่ำ-ดึก (19:00-23:59),พฤหัสบดี,summer,16,3.0,30.0,43.0,2.0,4.6875,สูง
พิษณุโลก,หัวค่ำ-ดึก (19:00-23:59),พฤหัสบดี,winter,19,6.0,15.0,39.0,2.375,4.8125,สูง
พิษณุโลก,หัวค่ำ-ดึก (19:00-23:59),พุธ,rainy,4,0.0,0.0,0.0,0.5,0.5,ต่ำ
พิษณุโลก,หัวค่ำ-ดึก (19:00-23:59),พุธ,summer,10,2.0,9.0,11.0,1.25,1.9375,ปานกลาง
พิษณุโลก,หัวค่ำ-ดึก (19:00-23:59),พุธ,winter,16,6.0,13.0,34.0,2.0,4.125,สูง
พิษณุโลก,หัวค่ำ-ดึก (19:00-23:59),ศุกร์,rainy,16,5.0,23.0,39.0,2.0,4.4375,สูง
พิษณุโลก,หัวค่ำ-ดึก (19:00-23:59),ศุกร์,summer,15,4.0,11.0,20.0,1.875,3.125,สูง
พิษณุโลก,หัวค่ำ-ดึก (19:00-23:59),ศุกร์,winter,13,8.0,2.0,25.0,1.625,3.1875,สูง
พิษณุโลก,หัวค่ำ-ดึก (19:00-23:59),อังคาร,rainy,15,5.0,16.0,26.0,1.875,3.5,สูง
พิษณุโลก,หัวค่ำ-ดึก (19:00-23:59),อังคาร,summer,12,3.0,17.0,21.0,1.5,2.8125,ปานกลาง
พิษณุโลก,หัวค่ำ-ดึก (19:00-23:59),อังคาร,winter,17,5.0,9.0,24.0,2.125,3.625,สูง
พิษณุโลก,หัวค่ำ-ดึก (19:00-23:59),อาทิตย์,rainy,13,4.0,9.0,22.0,1.625,3.0,สูง
พิษณุโลก,หัวค่ำ-ดึก (19:00-23:59),อาทิตย์,summer,12,4.0,8.0,22.0,1.5,2.875,ปานกลาง
พิษณุโลก,หัวค่ำ-ดึก (19:00-23:59),อาทิตย์,winter,15,3.0,10.0,18.0,1.875,3.0,สูง
พิษณุโลก,หัวค่ำ-ดึก (19:00-23:59),เสาร์,rainy,16,7.0,8.0,30.0,2.0,3.875,สูง
พิษณุโลก,หัวค่ำ-ดึก (19:00-23:59),เสาร์,summer,15,5.0,14.0,31.0,1.875,3.8125,สูง
พิษณุโลก,หัวค่ำ-ดึก (19:00-23:59),เสาร์,winter,25,12.0,10.0,47.0,3.125,6.0625,สูงมาก
พิษณุโลก,เร่งด่วนเช้า (06:00-08:59),จันทร์,rainy,9,3.0,6.0,14.0,1.125,2.0,ปานกลาง
พิษณุโลก,เร่งด่วนเช้า (06:00-08:59),จันทร์,summer,9,2.0,3.0,8.0,1.125,1.625,ต่ำ
พิษณุโลก,เร่งด่วนเช้า (06:00-08:59),จันทร์,winter,10,2.0,12.0,18.0,1.25,2.375,ปานกลาง
พิษณุโลก,เร่งด่วนเช้า (06:00-08:59),พฤหัสบดี,rainy,11,1.0,10.0,14.0,1.375,2.25,ปานกลาง
พิษณุโลก,เร่งด่วนเช้า (06:00-08:59),พฤหัสบดี,summer,4,3.0,4.0,11.0,0.5,1.1875,ต่ำ
พิษณุโลก,เร่งด่วนเช้า (06:00-08:59),พฤหัสบดี,winter,12,1.0,17.0,30.0,1.5,3.375,สูง
พิษณุโลก,เร่งด่วนเช้า (06:00-08:59),พุธ,rainy,5,1.0,22.0,25.0,0.625,2.1875,ปานกลาง
พิษณุโลก,เร่งด่วนเช้า (06:00-08:59),พุธ,summer,7,2.0,6.0,9.0,0.875,1.4375,ต่ำ
พิษณุโลก,เร่งด่วนเช้า (06:00-08:59),พุธ,winter,9,1.0,8.0,10.0,1.125,1.75,ปานกลาง
พิษณุโลก,เร่งด่วนเช้า (06:00-08:59),ศุกร์,rainy,10,1.0,7.0,9.0,1.25,1.8125,ปานกลาง
พิษณุโลก,เร่งด่วนเช้า (06:00-08:59),ศุกร์,summer,4,0.0,2.0,1.0,0.5,0.5625,ต่ำ
พิษณุโลก,เร่งด่วนเช้า (06:00-08:59),ศุกร์,winter,10,4.0,6.0,21.0,1.25,2.5625,ปานกลาง
พิษณุโลก,เร่งด่วนเช้า (06:00-08:59),อังคาร,rainy,6,1.0,4.0,8.0,0.75,1.25,ต่ำ
พิษณุโลก,เร่งด่วนเช้า (06:00-08:59),อังคาร,summer,7,1.0,9.0,10.0,0.875,1.5,ต่ำ
พิษณุโลก,เร่งด่วนเช้า (06:00-08:59),อังคาร,winter,13,5.0,12.0,23.0,1.625,3.0625,สูง
พิษณุโลก,เร่งด่วนเช้า (06:00-08:59),อาทิตย์,rainy,15,3.0,14.0,23.0,1.875,3.3125,สูง
พิษณุโลก,เร่งด่วนเช้า (06:00-08:59),อาทิตย์,summer,9,3.0,1.0,10.0,1.125,1.75,ปานกลาง
พิษณุโลก,เร่งด่วนเช้า (06:00-08:59),อาทิตย์,winter,3,0.0,14.0,19.0,0.375,1.5625,ต่ำ
พิษณุโลก,เร่งด่วนเช้า (06:00-08:59),เสาร์,rainy,9,3.0,8.0,15.0,1.125,2.0625,ปานกลาง
พิษณุโลก,เร่งด่วนเช้า (06:00-08:59),เสาร์,summer,8,4.0,6.0,17.0,1.0,2.0625,ปานกลาง
พิษณุโลก,เร่งด่วนเช้า (06:00-08:59),เสาร์,winter,4,1.0,9.0,16.0,0.5,1.5,ต่ำ
พิษณุโลก,เร่งด่วนเย็น (16:00-18:59),จันทร์,rainy,11,1.0,22.0,30.0,1.375,3.25,สูง
พิษณุโลก,เร่งด่วนเย็น (16:00-18:59),จันทร์,summer,12,1.0,11.0,9.0,1.5,2.0625,ปานกลาง
พิษณุโลก,เร่งด่วนเย็น (16:00-18:59),จันทร์,winter,14,4.0,31.0,36.0,1.75,4.0,สูง
พิษณุโลก,เร่งด่วนเย็น (16:00-18:59),พฤหัสบดี,rainy,10,1.0,15.0,19.0,1.25,2.4375,ปานกลาง
พิษณุโลก,เร่งด่วนเย็น (16:00-18:59),พฤหัสบดี,summer,3,2.0,2.0,9.0,0.375,0.9375,ต่ำ
พิษณุโลก,เร่งด่วนเย็น (16:00-18:59),พฤหัสบดี,winter,12,1.0,11.0,15.0,1.5,2.4375,ปานกลาง
พิษณุโลก,เร่งด่วนเย็น (16:00-18:59),พุธ,rainy,6,2.0,7.0,15.0,0.75,1.6875,ปานกลาง
พิษณุโลก,เร่งด่วนเย็น (16:00-18:59),พุธ,summer,3,2.0,1.0,8.0,0.375,0.875,ต่ำ
พิษณุโลก,เร่งด่วนเย็น (16:00-18:59),พุธ,winter,14,1.0,25.0,32.0,1.75,3.75,สูง
พิษณุโลก,เร่งด่วนเย็น (16:00-18:59),ศุกร์,rainy,13,3.0,13.0,19.0,1.625,2.8125,ปานกลาง
พิษณุโลก,เร่งด่วนเย็น (16:00-18:59),ศุกร์,summer,16,7.0,12.0,36.0,2.0,4.25,สูง
พิษณุโลก,เร่งด่วนเย็น (16:00-18:59),ศุกร์,winter,17,8.0,16.0,44.0,2.125,4.875,สูง
พิษณุโลก,เร่งด่วนเย็น (16:00-18:59),อังคาร,rainy,8,1.0,4.0,9.0,1.0,1.5625,ต่ำ
พิษณุโลก,เร่งด่วนเย็น (16:00-18:59),อังคาร,summer,9,6.0,15.0,34.0,1.125,3.25,สูง
พิษณุโลก,เร่งด่วนเย็น (16:00-18:59),อังคาร,winter,16,7.0,10.0,31.0,2.0,3.9375,สูง
พิษณุโลก,เร่งด่วนเย็น (16:00-18:59),อาทิตย์,rainy,11,4.0,4.0,16.0,1.375,2.375,ปานกลาง
พิษณุโลก,เร่งด่วนเย็น (16:00-18:59),อาทิตย์,summer,9,2.0,12.0,21.0,1.125,2.4375,ปานกลาง
พิษณุโลก,เร่งด่วนเย็น (16:00-18:59),อาทิตย์,winter,15,3.0,13.0,18.0,1.875,3.0,สูง
พิษณุโลก,เร่งด่วนเย็น (16:00-18:59),เสาร์,rainy,11,5.0,34.0,51.0,1.375,4.5625,สูง
พิษณุโลก,เร่งด่วนเย็น (16:00-18:59),เสาร์,summer,13,3.0,14.0,25.0,1.625,3.1875,สูง
พิษณุโลก,เร่งด่วนเย็น (16:00-18:59),เสาร์,winter,8,2.0,5.0,12.0,1.0,1.75,ปานกลาง
ภูเก็ต,กลางดึก (00:00-05:59),จันทร์,rainy,9,0.0,5.0,5.0,1.125,1.4375,ต่ำ
ภูเก็ต,กลางดึก (00:00-05:59),จันทร์,summer,10,0.0,6.0,8.0,1.25,1.75,ปานกลาง
ภูเก็ต,กลางดึก (00:00-05:59),จันทร์,winter,14,0.0,23.0,23.0,1.75,3.1875,สูง
ภูเก็ต,กลางดึก (00:00-05:59),พฤหัสบดี,rainy,11,1.0,1.0,4.0,1.375,1.625,ต่ำ
ภูเก็ต,กลางดึก (00:00-05:59),พฤหัสบดี,summer,11,2.0,5.0,11.0,1.375,2.0625,ปานกลาง
ภูเก็ต,กลางดึก (00:00-05:59),พฤหัสบดี,winter,16,2.0,15.0,22.0,2.0,3.375,สูง
ภูเก็ต,กลางดึก (00:00-05:59),พุธ,rainy,11,0.0,3.0,3.0,1.375,1.5625,ต่ำ
ภูเก็ต,กลางดึก (00:00-05:59),พุธ,summer,14,2.0,21.0,28.0,1.75,3.5,สูง
ภูเก็ต,กลางดึก (00:00-05:59),พุธ,winter,9,0.0,9.0,11.0,1.125,1.8125,ปานกลาง
ภูเก็ต,กลางดึก (00:00-05:59),ศุกร์,rainy,14,4.0,6.0,22.0,1.75,3.125,สูง
ภูเก็ต,กลางดึก (00:00-05:59),ศุกร์,summer,13,2.0,8.0,15.0,1.625,2.5625,ปานกลาง
ภูเก็ต,กลางดึก (00:00-05:59),ศุกร์,winter,13,1.0,8.0,13.0,1.625,2.4375,ปานกลาง
ภูเก็ต,กลางดึก (00:00-05:59),อังคาร,rainy,6,0.0,0.0,0.0,0.75,0.75,ต่ำ
ภูเก็ต,กลางดึก (00:00-05:59),อังคาร,summer,13,4.0,4.0,16.0,1.625,2.625,ปานกลาง
ภูเก็ต,กลางดึก (00:00-05:59),อังคาร,winter,10,0.0,7.0,2.0,1.25,1.375,ต่ำ
ภูเก็ต,กลางดึก (00:00-05:59),อาทิตย์,rainy,14,1.0,2.0,6.0,1.75,2.125,ปานกลาง
ภูเก็ต,กลางดึก (00:00-05:59),อาทิตย์,summer,15,3.0,12.0,22.0,1.875,3.25,สูง
ภูเก็ต,กลางดึก (00:00-05:59),อาทิตย์,winter,9,2.0,5.0,9.0,1.125,1.6875,ปานกลาง
ภูเก็ต,กลางดึก (00:00-05:59),เสาร์,rainy,9,1.0,2.0,5.0,1.125,1.4375,ต่ำ
ภูเก็ต,กลางดึก (00:00-05:59),เสาร์,summer,19,2.0,17.0,15.0,2.375,3.3125,สูง
ภูเก็ต,กลางดึก (00:00-05:59),เสาร์,winter,22,4.0,10.0,21.0,2.75,4.0625,สูง
ภูเก็ต,กลางวัน (09:00-15:59),จันทร์,rainy,18,2.0,4.0,9.0,2.25,2.8125,ปานกลาง
ภูเก็ต,กลางวัน (09:00-15:59),จันทร์,summer,8,0.0,3.0,2.0,1.0,1.125,ต่ำ
ภูเก็ต,กลางวัน (09:00-15:59),จันทร์,winter,15,0.0,15.0,12.0,1.875,2.625,ปานกลาง
ภูเก็ต,กลางวัน (09:00-15:59),พฤหัสบดี,rainy,10,0.0,2.0,3.0,1.25,1.4375,ต่ำ
ภูเก็ต,กลางวัน (09:00-15:59),พฤหัสบดี,summer,6,0.0,3.0,4.0,0.75,1.0,ต่ำ
ภูเก็ต,กลางวัน (09:00-15:59),พฤหัสบดี,winter,15,2.0,8.0,14.0,1.875,2.75,ปานกลาง
ภูเก็ต,กลางวัน (09:00-15:59),พุธ,rainy,12,0.0,3.0,4.0,1.5,1.75,ปานกลาง
ภูเก็ต,กลางวัน (09:00-15:59),พุธ,summer,13,3.0,11.0,19.0,1.625,2.8125,ปานกลาง
ภูเก็ต,กลางวัน (09:00-15:59),พุธ,winter,8,0.0,8.0,6.0,1.0,1.375,ต่ำ
ภูเก็ต,กลางวัน (09:00-15:59),ศุกร์,rainy,3,0.0,0.0,0.0,0.375,0.375,ต่ำ
ภูเก็ต,กลางวัน (09:00-15:59),ศุกร์,summer,22,3.0,11.0,24.0,2.75,4.25,สูง
ภูเก็ต,กลางวัน (09:00-15:59),ศุกร์,winter,13,2.0,11.0,13.0,1.625,2.4375,ปานกลาง
ภูเก็ต,กลางวัน (09:00-15:59),อังคาร,rainy,8,0.0,3.0,3.0,1.0,1.1875,ต่ำ
ภูเก็ต,กลางวัน (09:00-15:59),อังคาร,summer,11,3.0,5.0,14.0,1.375,2.25,ปานกลาง
ภูเก็ต,กลางวัน (09:00-15:59),อังคาร,winter,12,0.0,10.0,8.0,1.5,2.0,ปานกลาง
ภูเก็ต,กลางวัน (09:00-15:59),อาทิตย์,rainy,6,0.0,7.0,7.0,0.75,1.1875,ต่ำ
ภูเก็ต,กลางวัน (09:00-15:59),อาทิตย์,summer,9,1.0,6.0,7.0,1.125,1.5625,ต่ำ
ภูเก็ต,กลางวัน (09:00-15:59),อาทิตย์,winter,11,1.0,8.0,12.0,1.375,2.125,ปานกลาง
ภูเก็ต,กลางวัน (09:00-15:59),เสาร์,rainy,12,0.0,14.0,15.0,1.5,2.4375,ปานกลาง
ภูเก็ต,กลางวัน (09:00-15:59),เสาร์,summer,14,1.0,6.0,7.0,1.75,2.1875,ปานกลาง
ภูเก็ต,กลางวัน (09:00-15:59),เสาร์,winter,18,1.0,14.0,17.0,2.25,3.3125,สูง
ภูเก็ต,หัวค่ำ-ดึก (19:00-23:59),จันทร์,rainy,2,0.0,2.0,0.0,0.25,0.25,ต่ำ
ภูเก็ต,หัวค่ำ-ดึก (19:00-23:59),จันทร์,summer,5,0.0,5.0,6.0,0.625,1.0,ต่ำ
ภูเก็ต,หัวค่ำ-ดึก (19:00-23:59),จันทร์,winter,8,0.0,4.0,3.0,1.0,1.1875,ต่ำ
ภูเก็ต,หัวค่ำ-ดึก (19:00-23:59),พฤหัสบดี,rainy,4,0.0,1.0,0.0,0.5,0.5,ต่ำ
ภูเก็ต,หัวค่ำ-ดึก (19:00-23:59),พฤหัสบดี,summer,7,1.0,3.0,7.0,0.875,1.3125,ต่ำ
ภูเก็ต,หัวค่ำ-ดึก (19:00-23:59),พฤหัสบดี,winter,4,0.0,2.0,2.0,0.5,0.625,ต่ำ
ภูเก็ต,หัวค่ำ-ดึก (19:00-23:59),พุธ,rainy,4,1.0,1.0,3.0,0.5,0.6875,ต่ำ
ภูเก็ต,หัวค่ำ-ดึก (19:00-23:59),พุธ,summer,5,0.0,2.0,3.0,0.625,0.8125,ต่ำ
ภูเก็ต,หัวค่ำ-ดึก (19:00-23:59),พุธ,winter,16,1.0,9.0,10.0,2.0,2.625,ปานกลาง
ภูเก็ต,หัวค่ำ-ดึก (19:00-23:59),ศุกร์,rainy,3,2.0,9.0,15.0,0.375,1.3125,ต่ำ
ภูเก็ต,หัวค่ำ-ดึก (19:00-23:59),ศุกร์,summer,7,0.0,5.0,5.0,0.875,1.1875,ต่ำ
ภูเก็ต,หัวค่ำ-ดึก (19:00-23:59),ศุกร์,winter,8,0.0,6.0,4.0,1.0,1.25,ต่ำ
ภูเก็ต,หัวค่ำ-ดึก (19:00-23:59),อังคาร,rainy,5,0.0,0.0,0.0,0.625,0.625,ต่ำ
ภูเก็ต,หัวค่ำ-ดึก (19:00-23:59),อังคาร,summer,5,0.0,2.0,3.0,0.625,0.8125,ต่ำ
ภูเก็ต,หัวค่ำ-ดึก (19:00-23:59),อังคาร,winter,7,1.0,5.0,4.0,0.875,1.125,ต่ำ
ภูเก็ต,หัวค่ำ-ดึก (19:00-23:59),อาทิตย์,rainy,7,1.0,0.0,3.0,0.875,1.0625,ต่ำ
ภูเก็ต,หัวค่ำ-ดึก (19:00-23:59),อาทิตย์,summer,4,0.0,4.0,6.0,0.5,0.875,ต่ำ
ภูเก็ต,หัวค่ำ-ดึก (19:00-23:59),อาทิตย์,winter,7,0.0,6.0,5.0,0.875,1.1875,ต่ำ
ภูเก็ต,หัวค่ำ-ดึก (19:00-23:59),เสาร์,rainy,1,0.0,0.0,0.0,0.125,0.125,ต่ำ
ภูเก็ต,หัวค่ำ-ดึก (19:00-23:59),เสาร์,summer,5,0.0,3.0,3.0,0.625,0.8125,ต่ำ
ภูเก็ต,หัวค่ำ-ดึก (19:00-23:59),เสาร์,winter,7,1.0,4.0,8.0,0.875,1.375,ต่ำ
ภูเก็ต,เร่งด่วนเช้า (06:00-08:59),จันทร์,rainy,6,0.0,2.0,2.0,0.75,0.875,ต่ำ
ภูเก็ต,เร่งด่วนเช้า (06:00-08:59),จันทร์,summer,3,0.0,1.0,1.0,0.375,0.4375,ต่ำ
ภูเก็ต,เร่งด่วนเช้า (06:00-08:59),จันทร์,winter,4,0.0,6.0,2.0,0.5,0.625,ต่ำ
ภูเก็ต,เร่งด่วนเช้า (06:00-08:59),พฤหัสบดี,rainy,6,1.0,0.0,3.0,0.75,0.9375,ต่ำ
ภูเก็ต,เร่งด่วนเช้า (06:00-08:59),พฤหัสบดี,summer,6,0.0,5.0,6.0,0.75,1.125,ต่ำ
ภูเก็ต,เร่งด่วนเช้า (06:00-08:59),พฤหัสบดี,winter,4,0.0,3.0,3.0,0.5,0.6875,ต่ำ
ภูเก็ต,เร่งด่วนเช้า (06:00-08:59),พุธ,rainy,5,1.0,4.0,8.0,0.625,1.125,ต่ำ
ภูเก็ต,เร่งด่วนเช้า (06:00-08:59),พุธ,summer,7,2.0,4.0,9.0,0.875,1.4375,ต่ำ
ภูเก็ต,เร่งด่วนเช้า (06:00-08:59),พุธ,winter,8,2.0,6.0,13.0,1.0,1.8125,ปานกลาง
ภูเก็ต,เร่งด่วนเช้า (06:00-08:59),ศุกร์,summer,7,1.0,5.0,8.0,0.875,1.375,ต่ำ
ภูเก็ต,เร่งด่วนเช้า (06:00-08:59),ศุกร์,winter,7,0.0,5.0,4.0,0.875,1.125,ต่ำ
ภูเก็ต,เร่งด่วนเช้า (06:00-08:59),อังคาร,rainy,4,1.0,1.0,4.0,0.5,0.75,ต่ำ
ภูเก็ต,เร่งด่วนเช้า (06:00-08:59),อังคาร,summer,4,0.0,1.0,1.0,0.5,0.5625,ต่ำ
ภูเก็ต,เร่งด่วนเช้า (06:00-08:59),อังคาร,winter,10,0.0,24.0,20.0,1.25,2.5,ปานกลาง
ภูเก็ต,เร่งด่วนเช้า (06:00-08:59),อาทิตย์,rainy,3,0.0,1.0,1.0,0.375,0.4375,ต่ำ
ภูเก็ต,เร่งด่วนเช้า (06:00-08:59),อาทิตย์,summer,5,1.0,3.0,6.0,0.625,1.0,ต่ำ
ภูเก็ต,เร่งด่วนเช้า (06:00-08:59),อาทิตย์,winter,6,0.0,5.0,5.0,0.75,1.0625,ต่ำ
ภูเก็ต,เร่งด่วนเช้า (06:00-08:59),เสาร์,rainy,5,1.0,0.0,3.0,0.625,0.8125,ต่ำ
ภูเก็ต,เร่งด่วนเช้า (06:00-08:59),เสาร์,summer,3,0.0,4.0,1.0,0.375,0.4375,ต่ำ
ภูเก็ต,เร่งด่วนเช้า (06:00-08:59),เสาร์,winter,8,0.0,3.0,2.0,1.0,1.125,ต่ำ
ภูเก็ต,เร่งด่วนเย็น (16:00-18:59),จันทร์,rainy,6,0.0,3.0,2.0,0.75,0.875,ต่ำ
ภูเก็ต,เร่งด่วนเย็น (16:00-18:59),จันทร์,summer,6,2.0,2.0,7.0,0.75,1.1875,ต่ำ
ภูเก็ต,เร่งด่วนเย็น (16:00-18:59),จันทร์,winter,6,0.0,7.0,6.0,0.75,1.125,ต่ำ
ภูเก็ต,เร่งด่วนเย็น (16:00-18:59),พฤหัสบดี,rainy,2,0.0,0.0,0.0,0.25,0.25,ต่ำ
ภูเก็ต,เร่งด่วนเย็น (16:00-18:59),พฤหัสบดี,summer,5,1.0,6.0,7.0,0.625,1.0625,ต่ำ
ภูเก็ต,เร่งด่วนเย็น (16:00-18:59),พฤหัสบดี,winter,8,0.0,5.0,7.0,1.0,1.4375,ต่ำ
ภูเก็ต,เร่งด่วนเย็น (16:00-18:59),พุธ,rainy,1,0.0,0.0,0.0,0.125,0.125,ต่ำ
ภูเก็ต,เร่งด่วนเย็น (16:00-18:59),พุธ,summer,8,1.0,4.0,6.0,1.0,1.375,ต่ำ
ภูเก็ต,เร่งด่วนเย็น (16:00-18:59),พุธ,winter,7,0.0,5.0,5.0,0.875,1.1875,ต่ำ
ภูเก็ต,เร่งด่วนเย็น (16:00-18:59),ศุกร์,rainy,2,0.0,0.0,0.0,0.25,0.25,ต่ำ
ภูเก็ต,เร่งด่วนเย็น (16:00-18:59),ศุกร์,summer,7,0.0,5.0,4.0,0.875,1.125,ต่ำ
ภูเก็ต,เร่งด่วนเย็น (16:00-18:59),ศุกร์,winter,6,0.0,5.0,6.0,0.75,1.125,ต่ำ
ภูเก็ต,เร่งด่วนเย็น (16:00-18:59),อังคาร,rainy,4,0.0,1.0,1.0,0.5,0.5625,ต่ำ
ภูเก็ต,เร่งด่วนเย็น (16:00-18:59),อังคาร,summer,5,0.0,5.0,5.0,0.625,0.9375,ต่ำ
ภูเก็ต,เร่งด่วนเย็น (16:00-18:59),อังคาร,winter,6,0.0,9.0,6.0,0.75,1.125,ต่ำ
ภูเก็ต,เร่งด่วนเย็น (16:00-18:59),อาทิตย์,rainy,1,0.0,0.0,0.0,0.125,0.125,ต่ำ
ภูเก็ต,เร่งด่วนเย็น (16:00-18:59),อาทิตย์,summer,5,0.0,4.0,5.0,0.625,0.9375,ต่ำ
ภูเก็ต,เร่งด่วนเย็น (16:00-18:59),อาทิตย์,winter,2,0.0,2.0,1.0,0.25,0.3125,ต่ำ
ภูเก็ต,เร่งด่วนเย็น (16:00-18:59),เสาร์,rainy,2,0.0,1.0,0.0,0.25,0.25,ต่ำ
ภูเก็ต,เร่งด่วนเย็น (16:00-18:59),เสาร์,summer,4,5.0,2.0,17.0,0.5,1.5625,ต่ำ
ภูเก็ต,เร่งด่วนเย็น (16:00-18:59),เสาร์,winter,9,0.0,7.0,6.0,1.125,1.5,ต่ำ
มหาสารคาม,กลางดึก (00:00-05:59),จันทร์,rainy,23,1.0,16.0,20.0,2.875,4.125,สูง
มหาสารคาม,กลางดึก (00:00-05:59),จันทร์,summer,17,1.0,59.0,56.0,2.125,5.625,สูงมาก
มหาสารคาม,กลางดึก (00:00-05:59),จันทร์,winter,23,3.0,37.0,43.0,2.875,5.5625,สูงมาก
มหาสารคาม,กลางดึก (00:00-05:59),พฤหัสบดี,rainy,22,5.0,15.0,32.0,2.75,4.75,สูง
มหาสารคาม,กลางดึก (00:00-05:59),พฤหัสบดี,summer,17,2.0,20.0,24.0,2.125,3.625,สูง
มหาสารคาม,กลางดึก (00:00-05:59),พฤหัสบดี,winter,23,5.0,33.0,42.0,2.875,5.5,สูงมาก
มหาสารคาม,กลางดึก (00:00-05:59),พุธ,rainy,12,1.0,8.0,11.0,1.5,2.1875,ปานกลาง
มหาสารคาม,กลางดึก (00:00-05:59),พุธ,summer,10,1.0,17.0,20.0,1.25,2.5,ปานกลาง
มหาสารคาม,กลางดึก (00:00-05:59),พุธ,winter,19,6.0,23.0,41.0,2.375,4.9375,สูง
มหาสารคาม,กลางดึก (00:00-05:59),ศุกร์,rainy,20,1.0,14.0,11.0,2.5,3.1875,สูง
มหาสารคาม,กลางดึก (00:00-05:59),ศุกร์,summer,15,2.0,18.0,28.0,1.875,3.625,สูง
มหาสารคาม,กลางดึก (00:00-05:59),ศุกร์,winter,16,0.0,24.0,27.0,2.0,3.6875,สูง
มหาสารคาม,กลางดึก (00:00-05:59),อังคาร,rainy,17,0.0,24.0,23.0,2.125,3.5625,สูง
มหาสารคาม,กลางดึก (00:00-05:59),อังคาร,summer,18,1.0,16.0,21.0,2.25,3.5625,สูง
มหาสารคาม,กลางดึก (00:00-05:59),อังคาร,winter,10,2.0,9.0,16.0,1.25,2.25,ปานกลาง
มหาสารคาม,กลางดึก (00:00-05:59),อาทิตย์,rainy,28,2.0,31.0,38.0,3.5,5.875,สูงมาก
มหาสารคาม,กลางดึก (00:00-05:59),อาทิตย์,summer,15,0.0,18.0,23.0,1.875,3.3125,สูง
มหาสารคาม,กลางดึก (00:00-05:59),อาทิตย์,winter,23,2.0,31.0,40.0,2.875,5.375,สูงมาก
มหาสารคาม,กลางดึก (00:00-05:59),เสาร์,rainy,26,1.0,21.0,23.0,3.25,4.6875,สูง
มหาสารคาม,กลางดึก (00:00-05:59),เสาร์,summer,19,1.0,18.0,24.0,2.375,3.875,สูง
มหาสารคาม,กลางดึก (00:00-05:59),เสาร์,winter,24,2.0,25.0,29.0,3.0,4.8125,สูง
มหาสารคาม,กลางวัน (09:00-15:59),จันทร์,rainy,29,10.0,29.0,63.0,3.625,7.5625,สูงมาก
มหาสารคาม,กลางวัน (09:00-15:59),จันทร์,summer,26,11.0,41.0,82.0,3.25,8.375,สูงมาก
มหาสารคาม,กลางวัน (09:00-15:59),จันทร์,winter,32,5.0,37.0,60.0,4.0,7.75,สูงมาก
มหาสารคาม,กลางวัน (09:00-15:59),พฤหัสบดี,rainy,30,4.0,26.0,42.0,3.75,6.375,สูงมาก
มหาสารคาม,กลางวัน (09:00-15:59),พฤหัสบดี,summer,17,3.0,20.0,28.0,2.125,3.875,สูง
มหาสารคาม,กลางวัน (09:00-15:59),พฤหัสบดี,winter,21,5.0,20.0,34.0,2.625,4.75,สูง
มหาสารคาม,กลางวัน (09:00-15:59),พุธ,rainy,27,5.0,22.0,36.0,3.375,5.625,สูงมาก
มหาสารคาม,กลางวัน (09:00-15:59),พุธ,summer,23,2.0,23.0,30.0,2.875,4.75,สูง
มหาสารคาม,กลางวัน (09:00-15:59),พุธ,winter,28,4.0,25.0,27.0,3.5,5.1875,สูงมาก
มหาสารคาม,กลางวัน (09:00-15:59),ศุกร์,rainy,21,4.0,23.0,38.0,2.625,5.0,สูง
มหาสารคาม,กลางวัน (09:00-15:59),ศุกร์,summer,17,3.0,24.0,38.0,2.125,4.5,สูง
มหาสารคาม,กลางวัน (09:00-15:59),ศุกร์,winter,20,5.0,23.0,44.0,2.5,5.25,สูงมาก
มหาสารคาม,กลางวัน (09:00-15:59),อังคาร,rainy,24,6.0,31.0,56.0,3.0,6.5,สูงมาก
มหาสารคาม,กลางวัน (09:00-15:59),อังคาร,summer,16,5.0,12.0,31.0,2.0,3.9375,สูง
มหาสารคาม,กลางวัน (09:00-15:59),อังคาร,winter,32,2.0,47.0,51.0,4.0,7.1875,สูงมาก
มหาสารคาม,กลางวัน (09:00-15:59),อาทิตย์,rainy,12,5.0,7.0,21.0,1.5,2.8125,ปานกลาง
มหาสารคาม,กลางวัน (09:00-15:59),อาทิตย์,summer,26,5.0,29.0,45.0,3.25,6.0625,สูงมาก
มหาสารคาม,กลางวัน (09:00-15:59),อาทิตย์,winter,25,4.0,28.0,43.0,3.125,5.8125,สูงมาก
มหาสารคาม,กลางวัน (09:00-15:59),เสาร์,rainy,26,6.0,31.0,50.0,3.25,6.375,สูงมาก
มหาสารคาม,กลางวัน (09:00-15:59),เสาร์,summer,22,5.0,33.0,39.0,2.75,5.1875,สูงมาก
มหาสารคาม,กลางวัน (09:00-15:59),เสาร์,winter,36,8.0,34.0,54.0,4.5,7.875,สูงมาก
มหาสารคาม,หัวค่ำ-ดึก (19:00-23:59),จันทร์,rainy,9,3.0,8.0,18.0,1.125,2.25,ปานกลาง
มหาสารคาม,หัวค่ำ-ดึก (19:00-23:59),จันทร์,summer,14,6.0,13.0,29.0,1.75,3.5625,สูง
มหาสารคาม,หัวค่ำ-ดึก (19:00-23:59),จันทร์,winter,12,1.0,18.0,11.0,1.5,2.1875,ปานกลาง
มหาสารคาม,หัวค่ำ-ดึก (19:00-23:59),พฤหัสบดี,rainy,20,4.0,27.0,40.0,2.5,5.0,สูง
มหาสารคาม,หัวค่ำ-ดึก (19:00-23:59),พฤหัสบดี,summer,12,2.0,17.0,22.0,1.5,2.875,ปานกลาง
มหาสารคาม,หัวค่ำ-ดึก (19:00-23:59),พฤหัสบดี,winter,12,7.0,11.0,36.0,1.5,3.75,สูง
มหาสารคาม,หัวค่ำ-ดึก (19:00-23:59),พุธ,rainy,17,7.0,13.0,36.0,2.125,4.375,สูง
มหาสารคาม,หัวค่ำ-ดึก (19:00-23:59),พุธ,summer,6,0.0,6.0,7.0,0.75,1.1875,ต่ำ
มหาสารคาม,หัวค่ำ-ดึก (19:00-23:59),พุธ,winter,21,5.0,36.0,48.0,2.625,5.625,สูงมาก
มหาสารคาม,หัวค่ำ-ดึก (19:00-23:59),ศุกร์,rainy,13,0.0,15.0,16.0,1.625,2.625,ปานกลาง
มหาสารคาม,หัวค่ำ-ดึก (19:00-23:59),ศุกร์,summer,12,5.0,22.0,38.0,1.5,3.875,สูง
มหาสารคาม,หัวค่ำ-ดึก (19:00-23:59),ศุกร์,winter,21,6.0,14.0,31.0,2.625,4.5625,สูง
มหาสารคาม,หัวค่ำ-ดึก (19:00-23:59),อังคาร,rainy,17,4.0,11.0,26.0,2.125,3.75,สูง
มหาสารคาม,หัวค่ำ-ดึก (19:00-23:59),อังคาร,summer,14,2.0,14.0,23.0,1.75,3.1875,สูง
มหาสารคาม,หัวค่ำ-ดึก (19:00-23:59),อังคาร,winter,23,4.0,17.0,30.0,2.875,4.75,สูง
มหาสารคาม,หัวค่ำ-ดึก (19:00-23:59),อาทิตย์,rainy,22,5.0,22.0,40.0,2.75,5.25,สูงมาก
มหาสารคาม,หัวค่ำ-ดึก (19:00-23:59),อาทิตย์,summer,12,6.0,4.0,22.0,1.5,2.875,ปานกลาง
มหาสารคาม,หัวค่ำ-ดึก (19:00-23:59),อาทิตย์,winter,19,2.0,22.0,29.0,2.375,4.1875,สูง
มหาสารคาม,หัวค่ำ-ดึก (19:00-23:59),เสาร์,rainy,17,4.0,19.0,36.0,2.125,4.375,สูง
มหาสารคาม,หัวค่ำ-ดึก (19:00-23:59),เสาร์,summer,11,2.0,14.0,18.0,1.375,2.5,ปานกลาง
มหาสารคาม,หัวค่ำ-ดึก (19:00-23:59),เสาร์,winter,21,2.0,29.0,36.0,2.625,4.875,สูง
มหาสารคาม,เร่งด่วนเช้า (06:00-08:59),จันทร์,rainy,11,2.0,11.0,18.0,1.375,2.5,ปานกลาง
มหาสารคาม,เร่งด่วนเช้า (06:00-08:59),จันทร์,summer,8,4.0,10.0,20.0,1.0,2.25,ปานกลาง
มหาสารคาม,เร่งด่วนเช้า (06:00-08:59),จันทร์,winter,6,0.0,6.0,7.0,0.75,1.1875,ต่ำ
มหาสารคาม,เร่งด่วนเช้า (06:00-08:59),พฤหัสบดี,rainy,15,2.0,25.0,35.0,1.875,4.0625,สูง
มหาสารคาม,เร่งด่วนเช้า (06:00-08:59),พฤหัสบดี,summer,8,0.0,13.0,13.0,1.0,1.8125,ปานกลาง
มหาสารคาม,เร่งด่วนเช้า (06:00-08:59),พฤหัสบดี,winter,13,5.0,9.0,26.0,1.625,3.25,สูง
มหาสารคาม,เร่งด่วนเช้า (06:00-08:59),พุธ,rainy,9,0.0,8.0,7.0,1.125,1.5625,ต่ำ
มหาสารคาม,เร่งด่วนเช้า (06:00-08:59),พุธ,summer,5,1.0,6.0,9.0,0.625,1.1875,ต่ำ
มหาสารคาม,เร่งด่วนเช้า (06:00-08:59),พุธ,winter,10,2.0,23.0,26.0,1.25,2.875,ปานกลาง
มหาสารคาม,เร่งด่วนเช้า (06:00-08:59),ศุกร์,rainy,13,1.0,11.0,13.0,1.625,2.4375,ปานกลาง
มหาสารคาม,เร่งด่วนเช้า (06:00-08:59),ศุกร์,summer,6,0.0,8.0,8.0,0.75,1.25,ต่ำ
มหาสารคาม,เร่งด่วนเช้า (06:00-08:59),ศุกร์,winter,9,1.0,10.0,14.0,1.125,2.0,ปานกลาง
มหาสารคาม,เร่งด่วนเช้า (06:00-08:59),อังคาร,rainy,7,3.0,3.0,11.0,0.875,1.5625,ต่ำ
มหาสารคาม,เร่งด่วนเช้า (06:00-08:59),อังคาร,summer,7,2.0,4.0,11.0,0.875,1.5625,ต่ำ
มหาสารคาม,เร่งด่วนเช้า (06:00-08:59),อังคาร,winter,15,4.0,12.0,25.0,1.875,3.4375,สูง
มหาสารคาม,เร่งด่วนเช้า (06:00-08:59),อาทิตย์,rainy,10,1.0,14.0,19.0,1.25,2.4375,ปานกลาง
มหาสารคาม,เร่งด่วนเช้า (06:00-08:59),อาทิตย์,summer,12,4.0,15.0,21.0,1.5,2.8125,ปานกลาง
มหาสารคาม,เร่งด่วนเช้า (06:00-08:59),อาทิตย์,winter,13,3.0,12.0,24.0,1.625,3.125,สูง
มหาสารคาม,เร่งด่วนเช้า (06:00-08:59),เสาร์,rainy,9,4.0,14.0,27.0,1.125,2.8125,ปานกลาง
มหาสารคาม,เร่งด่วนเช้า (06:00-08:59),เสาร์,summer,3,0.0,2.0,2.0,0.375,0.5,ต่ำ
มหาสารคาม,เร่งด่วนเช้า (06:00-08:59),เสาร์,winter,10,1.0,14.0,16.0,1.25,2.25,ปานกลาง
มหาสารคาม,เร่งด่วนเย็น (16:00-18:59),จันทร์,rainy,11,4.0,5.0,19.0,1.375,2.5625,ปานกลาง
มหาสารคาม,เร่งด่วนเย็น (16:00-18:59),จันทร์,summer,6,3.0,17.0,27.0,0.75,2.4375,ปานกลาง
มหาสารคาม,เร่งด่วนเย็น (16:00-18:59),จันทร์,winter,15,5.0,18.0,38.0,1.875,4.25,สูง
มหาสารคาม,เร่งด่วนเย็น (16:00-18:59),พฤหัสบดี,rainy,12,7.0,6.0,30.0,1.5,3.375,สูง
มหาสารคาม,เร่งด่วนเย็น (16:00-18:59),พฤหัสบดี,summer,10,2.0,14.0,22.0,1.25,2.625,ปานกลาง
มหาสารคาม,เร่งด่วนเย็น (16:00-18:59),พฤหัสบดี,winter,13,7.0,11.0,34.0,1.625,3.75,สูง
มหาสารคาม,เร่งด่วนเย็น (16:00-18:59),พุธ,rainy,12,3.0,11.0,19.0,1.5,2.6875,ปานกลาง
มหาสารคาม,เร่งด่วนเย็น (16:00-18:59),พุธ,summer,8,0.0,12.0,14.0,1.0,1.875,ปานกลาง
มหาสารคาม,เร่งด่วนเย็น (16:00-18:59),พุธ,winter,19,3.0,25.0,39.0,2.375,4.8125,สูง
มหาสารคาม,เร่งด่วนเย็น (16:00-18:59),ศุกร์,rainy,11,4.0,18.0,31.0,1.375,3.3125,สูง
มหาสารคาม,เร่งด่วนเย็น (16:00-18:59),ศุกร์,summer,9,0.0,11.0,9.0,1.125,1.6875,ปานกลาง
มหาสารคาม,เร่งด่วนเย็น (16:00-18:59),ศุกร์,winter,14,2.0,22.0,27.0,1.75,3.4375,สูง
มหาสารคาม,เร่งด่วนเย็น (16:00-18:59),อังคาร,rainy,7,0.0,10.0,5.0,0.875,1.1875,ต่ำ
มหาสารคาม,เร่งด่วนเย็น (16:00-18:59),อังคาร,summer,6,3.0,6.0,15.0,0.75,1.6875,ปานกลาง
มหาสารคาม,เร่งด่วนเย็น (16:00-18:59),อังคาร,winter,13,1.0,9.0,16.0,1.625,2.625,ปานกลาง
มหาสารคาม,เร่งด่วนเย็น (16:00-18:59),อาทิตย์,rainy,3,2.0,6.0,12.0,0.375,1.125,ต่ำ
มหาสารคาม,เร่งด่วนเย็น (16:00-18:59),อาทิตย์,summer,10,1.0,11.0,21.0,1.25,2.5625,ปานกลาง
มหาสารคาม,เร่งด่วนเย็น (16:00-18:59),อาทิตย์,winter,19,5.0,20.0,33.0,2.375,4.4375,สูง
มหาสารคาม,เร่งด่วนเย็น (16:00-18:59),เสาร์,rainy,11,0.0,22.0,23.0,1.375,2.8125,ปานกลาง
มหาสารคาม,เร่งด่วนเย็น (16:00-18:59),เสาร์,summer,8,1.0,14.0,18.0,1.0,2.125,ปานกลาง
มหาสารคาม,เร่งด่วนเย็น (16:00-18:59),เสาร์,winter,13,1.0,13.0,17.0,1.625,2.6875,ปานกลาง
มุกดาหาร,กลางดึก (00:00-05:59),จันทร์,rainy,12,1.0,9.0,10.0,1.5,2.125,ปานกลาง
มุกดาหาร,กลางดึก (00:00-05:59),จันทร์,summer,7,2.0,4.0,13.0,0.875,1.6875,ปานกลาง
มุกดาหาร,กลางดึก (00:00-05:59),จันทร์,winter,12,3.0,10.0,20.0,1.5,2.75,ปานกลาง
มุกดาหาร,กลางดึก (00:00-05:59),พฤหัสบดี,rainy,8,2.0,2.0,8.0,1.0,1.5,ต่ำ
มุกดาหาร,กลางดึก (00:00-05:59),พฤหัสบดี,summer,7,1.0,8.0,17.0,0.875,1.9375,ปานกลาง
มุกดาหาร,กลางดึก (00:00-05:59),พฤหัสบดี,winter,10,4.0,5.0,19.0,1.25,2.4375,ปานกลาง
มุกดาหาร,กลางดึก (00:00-05:59),พุธ,rainy,11,6.0,14.0,28.0,1.375,3.125,สูง
มุกดาหาร,กลางดึก (00:00-05:59),พุธ,summer,5,0.0,5.0,3.0,0.625,0.8125,ต่ำ
มุกดาหาร,กลางดึก (00:00-05:59),พุธ,winter,12,4.0,15.0,25.0,1.5,3.0625,สูง
มุกดาหาร,กลางดึก (00:00-05:59),ศุกร์,rainy,12,4.0,15.0,34.0,1.5,3.625,สูง
มุกดาหาร,กลางดึก (00:00-05:59),ศุกร์,summer,3,0.0,4.0,4.0,0.375,0.625,ต่ำ
มุกดาหาร,กลางดึก (00:00-05:59),ศุกร์,winter,14,2.0,12.0,20.0,1.75,3.0,สูง
มุกดาหาร,กลางดึก (00:00-05:59),อังคาร,rainy,5,0.0,3.0,4.0,0.625,0.875,ต่ำ
มุกดาหาร,กลางดึก (00:00-05:59),อังคาร,summer,9,2.0,8.0,15.0,1.125,2.0625,ปานกลาง
มุกดาหาร,กลางดึก (00:00-05:59),อังคาร,winter,9,3.0,12.0,25.0,1.125,2.6875,ปานกลาง
มุกดาหาร,กลางดึก (00:00-05:59),อาทิตย์,rainy,13,2.0,7.0,14.0,1.625,2.5,ปานกลาง
มุกดาหาร,กลางดึก (00:00-05:59),อาทิตย์,summer,4,1.0,3.0,5.0,0.5,0.8125,ต่ำ
มุกดาหาร,กลางดึก (00:00-05:59),อาทิตย์,winter,15,0.0,21.0,26.0,1.875,3.5,สูง
มุกดาหาร,กลางดึก (00:00-05:59),เสาร์,rainy,14,1.0,10.0,14.0,1.75,2.625,ปานกลาง
มุกดาหาร,กลางดึก (00:00-05:59),เสาร์,summer,10,0.0,2.0,2.0,1.25,1.375,ต่ำ
มุกดาหาร,กลางดึก (00:00-05:59),เสาร์,winter,15,3.0,14.0,28.0,1.875,3.625,สูง
มุกดาหาร,กลางวัน (09:00-15:59),จันทร์,rainy,21,5.0,17.0,37.0,2.625,4.9375,สูง
มุกดาหาร,กลางวัน (09:00-15:59),จันทร์,summer,17,5.0,6.0,19.0,2.125,3.3125,สูง
มุกดาหาร,กลางวัน (09:00-15:59),จันทร์,winter,18,5.0,23.0,43.0,2.25,4.9375,สูง
มุกดาหาร,กลางวัน (09:00-15:59),พฤหัสบดี,rainy,28,26.0,59.0,121.0,3.5,11.0625,สูงมาก
มุกดาหาร,กลางวัน (09:00-15:59),พฤหัสบดี,summer,13,1.0,10.0,13.0,1.625,2.4375,ปานกลาง
มุกดาหาร,กลางวัน (09:00-15:59),พฤหัสบดี,winter,21,5.0,19.0,38.0,2.625,5.0,สูง
มุกดาหาร,กลางวัน (09:00-15:59),พุธ,rainy,13,3.0,8.0,17.0,1.625,2.6875,ปานกลาง
มุกดาหาร,กลางวัน (09:00-15:59),พุธ,summer,21,3.0,15.0,23.0,2.625,4.0625,สูง
มุกดาหาร,กลางวัน (09:00-15:59),พุธ,winter,15,1.0,15.0,25.0,1.875,3.4375,สูง
มุกดาหาร,กลางวัน (09:00-15:59),ศุกร์,rainy,13,3.0,9.0,22.0,1.625,3.0,สูง
มุกดาหาร,กลางวัน (09:00-15:59),ศุกร์,summer,16,3.0,18.0,32.0,2.0,4.0,สูง
มุกดาหาร,กลางวัน (09:00-15:59),ศุกร์,winter,32,3.0,34.0,49.0,4.0,7.0625,สูงมาก
มุกดาหาร,กลางวัน (09:00-15:59),อังคาร,rainy,11,3.0,10.0,27.0,1.375,3.0625,สูง
มุกดาหาร,กลางวัน (09:00-15:59),อังคาร,summer,19,5.0,27.0,40.0,2.375,4.875,สูง
มุกดาหาร,กลางวัน (09:00-15:59),อังคาร,winter,12,4.0,7.0,15.0,1.5,2.4375,ปานกลาง
มุกดาหาร,กลางวัน (09:00-15:59),อาทิตย์,rainy,14,6.0,14.0,36.0,1.75,4.0,สูง
มุกดาหาร,กลางวัน (09:00-15:59),อาทิตย์,summer,10,3.0,6.0,12.0,1.25,2.0,ปานกลาง
มุกดาหาร,กลางวัน (09:00-15:59),อาทิตย์,winter,24,6.0,26.0,48.0,3.0,6.0,สูงมาก
มุกดาหาร,กลางวัน (09:00-15:59),เสาร์,rainy,21,5.0,27.0,41.0,2.625,5.1875,สูงมาก
มุกดาหาร,กลางวัน (09:00-15:59),เสาร์,summer,16,2.0,19.0,26.0,2.0,3.625,สูง
มุกดาหาร,กลางวัน (09:00-15:59),เสาร์,winter,20,3.0,19.0,30.0,2.5,4.375,สูง
มุกดาหาร,หัวค่ำ-ดึก (19:00-23:59),จันทร์,rainy,11,4.0,12.0,34.0,1.375,3.5,สูง
มุกดาหาร,หัวค่ำ-ดึก (19:00-23:59),จันทร์,summer,13,2.0,9.0,14.0,1.625,2.5,ปานกลาง
มุกดาหาร,หัวค่ำ-ดึก (19:00-23:59),จันทร์,winter,16,6.0,11.0,25.0,2.0,3.5625,สูง
มุกดาหาร,หัวค่ำ-ดึก (19:00-23:59),พฤหัสบดี,rainy,9,3.0,8.0,19.0,1.125,2.3125,ปานกลาง
มุกดาหาร,หัวค่ำ-ดึก (19:00-23:59),พฤหัสบดี,summer,12,3.0,14.0,26.0,1.5,3.125,สูง
มุกดาหาร,หัวค่ำ-ดึก (19:00-23:59),พฤหัสบดี,winter,18,8.0,15.0,43.0,2.25,4.9375,สูง
มุกดาหาร,หัวค่ำ-ดึก (19:00-23:59),พุธ,rainy,20,10.0,20.0,54.0,2.5,5.875,สูงมาก
มุกดาหาร,หัวค่ำ-ดึก (19:00-23:59),พุธ,summer,12,2.0,12.0,18.0,1.5,2.625,ปานกลาง
มุกดาหาร,หัวค่ำ-ดึก (19:00-23:59),พุธ,winter,12,2.0,17.0,27.0,1.5,3.1875,สูง
มุกดาหาร,หัวค่ำ-ดึก (19:00-23:59),ศุกร์,rainy,10,4.0,5.0,16.0,1.25,2.25,ปานกลาง
มุกดาหาร,หัวค่ำ-ดึก (19:00-23:59),ศุกร์,summer,8,3.0,10.0,19.0,1.0,2.1875,ปานกลาง
มุกดาหาร,หัวค่ำ-ดึก (19:00-23:59),ศุกร์,winter,21,5.0,15.0,31.0,2.625,4.5625,สูง
มุกดาหาร,หัวค่ำ-ดึก (19:00-23:59),อังคาร,rainy,14,9.0,5.0,33.0,1.75,3.8125,สูง
มุกดาหาร,หัวค่ำ-ดึก (19:00-23:59),อังคาร,summer,14,9.0,10.0,37.0,1.75,4.0625,สูง
มุกดาหาร,หัวค่ำ-ดึก (19:00-23:59),อังคาร,winter,14,3.0,15.0,27.0,1.75,3.4375,สูง
มุกดาหาร,หัวค่ำ-ดึก (19:00-23:59),อาทิตย์,rainy,12,6.0,14.0,41.0,1.5,4.0625,สูง
มุกดาหาร,หัวค่ำ-ดึก (19:00-23:59),อาทิตย์,summer,16,5.0,15.0,29.0,2.0,3.8125,สูง
มุกดาหาร,หัวค่ำ-ดึก (19:00-23:59),อาทิตย์,winter,17,3.0,13.0,23.0,2.125,3.5625,สูง
มุกดาหาร,หัวค่ำ-ดึก (19:00-23:59),เสาร์,rainy,13,6.0,8.0,25.0,1.625,3.1875,สูง
มุกดาหาร,หัวค่ำ-ดึก (19:00-23:59),เสาร์,summer,16,6.0,13.0,40.0,2.0,4.5,สูง
มุกดาหาร,หัวค่ำ-ดึก (19:00-23:59),เสาร์,winter,16,4.0,17.0,32.0,2.0,4.0,สูง
มุกดาหาร,เร่งด่วนเช้า (06:00-08:59),จันทร์,rainy,1,0.0,1.0,1.0,0.125,0.1875,ต่ำ
มุกดาหาร,เร่งด่วนเช้า (06:00-08:59),จันทร์,summer,7,3.0,9.0,20.0,0.875,2.125,ปานกลาง
มุกดาหาร,เร่งด่วนเช้า (06:00-08:59),จันทร์,winter,4,3.0,1.0,11.0,0.5,1.1875,ต่ำ
มุกดาหาร,เร่งด่วนเช้า (06:00-08:59),พฤหัสบดี,rainy,5,0.0,8.0,4.0,0.625,0.875,ต่ำ
มุกดาหาร,เร่งด่วนเช้า (06:00-08:59),พฤหัสบดี,summer,3,0.0,1.0,1.0,0.375,0.4375,ต่ำ
มุกดาหาร,เร่งด่วนเช้า (06:00-08:59),พฤหัสบดี,winter,3,1.0,2.0,6.0,0.375,0.75,ต่ำ
มุกดาหาร,เร่งด่วนเช้า (06:00-08:59),พุธ,rainy,16,1.0,31.0,36.0,2.0,4.25,สูง
มุกดาหาร,เร่งด่วนเช้า (06:00-08:59),พุธ,summer,6,0.0,3.0,2.0,0.75,0.875,ต่ำ
มุกดาหาร,เร่งด่วนเช้า (06:00-08:59),พุธ,winter,6,2.0,7.0,16.0,0.75,1.75,ปานกลาง
มุกดาหาร,เร่งด่วนเช้า (06:00-08:59),ศุกร์,rainy,9,3.0,6.0,13.0,1.125,1.9375,ปานกลาง
มุกดาหาร,เร่งด่วนเช้า (06:00-08:59),ศุกร์,summer,8,4.0,7.0,18.0,1.0,2.125,ปานกลาง
มุกดาหาร,เร่งด่วนเช้า (06:00-08:59),ศุกร์,winter,8,0.0,10.0,12.0,1.0,1.75,ปานกลาง
มุกดาหาร,เร่งด่วนเช้า (06:00-08:59),อังคาร,rainy,6,0.0,4.0,5.0,0.75,1.0625,ต่ำ
มุกดาหาร,เร่งด่วนเช้า (06:00-08:59),อังคาร,summer,5,2.0,3.0,7.0,0.625,1.0625,ต่ำ
มุกดาหาร,เร่งด่วนเช้า (06:00-08:59),อังคาร,winter,7,1.0,6.0,9.0,0.875,1.4375,ต่ำ
มุกดาหาร,เร่งด่วนเช้า (06:00-08:59),อาทิตย์,rainy,5,1.0,7.0,11.0,0.625,1.3125,ต่ำ
มุกดาหาร,เร่งด่วนเช้า (06:00-08:59),อาทิตย์,summer,6,2.0,4.0,10.0,0.75,1.375,ต่ำ
มุกดาหาร,เร่งด่วนเช้า (06:00-08:59),อาทิตย์,winter,3,2.0,1.0,7.0,0.375,0.8125,ต่ำ
มุกดาหาร,เร่งด่วนเช้า (06:00-08:59),เสาร์,rainy,9,3.0,4.0,13.0,1.125,1.9375,ปานกลาง
มุกดาหาร,เร่งด่วนเช้า (06:00-08:59),เสาร์,summer,3,4.0,0.0,12.0,0.375,1.125,ต่ำ
มุกดาหาร,เร่งด่วนเช้า (06:00-08:59),เสาร์,winter,3,2.0,0.0,6.0,0.375,0.75,ต่ำ
มุกดาหาร,เร่งด่วนเย็น (16:00-18:59),จันทร์,rainy,4,0.0,5.0,5.0,0.5,0.8125,ต่ำ
มุกดาหาร,เร่งด่วนเย็น (16:00-18:59),จันทร์,summer,5,3.0,14.0,33.0,0.625,2.6875,ปานกลาง
มุกดาหาร,เร่งด่วนเย็น (16:00-18:59),จันทร์,winter,9,2.0,10.0,16.0,1.125,2.125,ปานกลาง
มุกดาหาร,เร่งด่วนเย็น (16:00-18:59),พฤหัสบดี,rainy,9,2.0,10.0,15.0,1.125,2.0625,ปานกลาง
มุกดาหาร,เร่งด่วนเย็น (16:00-18:59),พฤหัสบดี,summer,4,2.0,2.0,9.0,0.5,1.0625,ต่ำ
มุกดาหาร,เร่งด่วนเย็น (16:00-18:59),พฤหัสบดี,winter,16,8.0,9.0,38.0,2.0,4.375,สูง
มุกดาหาร,เร่งด่วนเย็น (16:00-18:59),พุธ,rainy,5,3.0,5.0,17.0,0.625,1.6875,ปานกลาง
มุกดาหาร,เร่งด่วนเย็น (16:00-18:59),พุธ,summer,10,2.0,9.0,16.0,1.25,2.25,ปานกลาง
มุกดาหาร,เร่งด่วนเย็น (16:00-18:59),พุธ,winter,11,2.0,13.0,21.0,1.375,2.6875,ปานกลาง
มุกดาหาร,เร่งด่วนเย็น (16:00-18:59),ศุกร์,rainy,8,4.0,8.0,21.0,1.0,2.3125,ปานกลาง
มุกดาหาร,เร่งด่วนเย็น (16:00-18:59),ศุกร์,summer,11,1.0,14.0,16.0,1.375,2.375,ปานกลาง
มุกดาหาร,เร่งด่วนเย็น (16:00-18:59),ศุกร์,winter,18,5.0,15.0,39.0,2.25,4.6875,สูง
มุกดาหาร,เร่งด่วนเย็น (16:00-18:59),อังคาร,rainy,5,3.0,9.0,10.0,0.625,1.25,ต่ำ
มุกดาหาร,เร่งด่วนเย็น (16:00-18:59),อังคาร,summer,7,1.0,4.0,9.0,0.875,1.4375,ต่ำ
มุกดาหาร,เร่งด่วนเย็น (16:00-18:59),อังคาร,winter,11,4.0,9.0,24.0,1.375,2.875,ปานกลาง
มุกดาหาร,เร่งด่วนเย็น (16:00-18:59),อาทิตย์,rainy,7,4.0,5.0,16.0,0.875,1.875,ปานกลาง
มุกดาหาร,เร่งด่วนเย็น (16:00-18:59),อาทิตย์,summer,4,1.0,10.0,12.0,0.5,1.25,ต่ำ
มุกดาหาร,เร่งด่วนเย็น (16:00-18:59),อาทิตย์,winter,7,1.0,4.0,7.0,0.875,1.3125,ต่ำ
มุกดาหาร,เร่งด่วนเย็น (16:00-18:59),เสาร์,rainy,10,1.0,11.0,20.0,1.25,2.5,ปานกลาง
มุกดาหาร,เร่งด่วนเย็น (16:00-18:59),เสาร์,summer,11,1.0,15.0,26.0,1.375,3.0,สูง
มุกดาหาร,เร่งด่วนเย็น (16:00-18:59),เสาร์,winter,8,3.0,8.0,21.0,1.0,2.3125,ปานกลาง
ยะลา,กลางดึก (00:00-05:59),จันทร์,rainy,3,0.0,1.0,1.0,0.375,0.4375,ต่ำ
ยะลา,กลางดึก (00:00-05:59),จันทร์,summer,4,1.0,2.0,5.0,0.5,0.8125,ต่ำ
ยะลา,กลางดึก (00:00-05:59),จันทร์,winter,8,1.0,7.0,9.0,1.0,1.5625,ต่ำ
ยะลา,กลางดึก (00:00-05:59),พฤหัสบดี,rainy,5,0.0,3.0,3.0,0.625,0.8125,ต่ำ
ยะลา,กลางดึก (00:00-05:59),พฤหัสบดี,summer,4,0.0,5.0,5.0,0.5,0.8125,ต่ำ
ยะลา,กลางดึก (00:00-05:59),พฤหัสบดี,winter,6,1.0,5.0,8.0,0.75,1.25,ต่ำ
ยะลา,กลางดึก (00:00-05:59),พุธ,summer,3,0.0,2.0,2.0,0.375,0.5,ต่ำ
ยะลา,กลางดึก (00:00-05:59),พุธ,winter,3,0.0,4.0,1.0,0.375,0.4375,ต่ำ
ยะลา,กลางดึก (00:00-05:59),ศุกร์,rainy,4,0.0,6.0,6.0,0.5,0.875,ต่ำ
ยะลา,กลางดึก (00:00-05:59),ศุกร์,summer,1,0.0,0.0,0.0,0.125,0.125,ต่ำ
ยะลา,กลางดึก (00:00-05:59),ศุกร์,winter,5,1.0,5.0,9.0,0.625,1.1875,ต่ำ
ยะลา,กลางดึก (00:00-05:59),อังคาร,rainy,3,0.0,0.0,0.0,0.375,0.375,ต่ำ
ยะลา,กลางดึก (00:00-05:59),อังคาร,summer,5,0.0,3.0,3.0,0.625,0.8125,ต่ำ
ยะลา,กลางดึก (00:00-05:59),อังคาร,winter,7,1.0,9.0,11.0,0.875,1.5625,ต่ำ
ยะลา,กลางดึก (00:00-05:59),อาทิตย์,rainy,1,0.0,0.0,0.0,0.125,0.125,ต่ำ
ยะลา,กลางดึก (00:00-05:59),อาทิตย์,summer,2,0.0,2.0,2.0,0.25,0.375,ต่ำ
ยะลา,กลางดึก (00:00-05:59),อาทิตย์,winter,2,0.0,1.0,1.0,0.25,0.3125,ต่ำ
ยะลา,กลางดึก (00:00-05:59),เสาร์,rainy,1,0.0,0.0,0.0,0.125,0.125,ต่ำ
ยะลา,กลางดึก (00:00-05:59),เสาร์,summer,1,0.0,0.0,0.0,0.125,0.125,ต่ำ
ยะลา,กลางดึก (00:00-05:59),เสาร์,winter,5,1.0,5.0,7.0,0.625,1.0625,ต่ำ
ยะลา,กลางวัน (09:00-15:59),จันทร์,rainy,22,2.0,31.0,40.0,2.75,5.25,สูงมาก
ยะลา,กลางวัน (09:00-15:59),จันทร์,summer,23,0.0,28.0,27.0,2.875,4.5625,สูง
ยะลา,กลางวัน (09:00-15:59),จันทร์,winter,20,0.0,22.0,21.0,2.5,3.8125,สูง
ยะลา,กลางวัน (09:00-15:59),พฤหัสบดี,rainy,12,1.0,14.0,14.0,1.5,2.375,ปานกลาง
ยะลา,กลางวัน (09:00-15:59),พฤหัสบดี,summer,27,3.0,26.0,35.0,3.375,5.5625,สูงมาก
ยะลา,กลางวัน (09:00-15:59),พฤหัสบดี,winter,23,1.0,30.0,33.0,2.875,4.9375,สูง
ยะลา,กลางวัน (09:00-15:59),พุธ,rainy,25,1.0,24.0,27.0,3.125,4.8125,สูง
ยะลา,กลางวัน (09:00-15:59),พุธ,summer,23,3.0,26.0,29.0,2.875,4.6875,สูง
ยะลา,กลางวัน (09:00-15:59),พุธ,winter,17,1.0,12.0,19.0,2.125,3.3125,สูง
ยะลา,กลางวัน (09:00-15:59),ศุกร์,rainy,14,1.0,15.0,19.0,1.75,2.9375,ปานกลาง
ยะลา,กลางวัน (09:00-15:59),ศุกร์,summer,18,0.0,19.0,23.0,2.25,3.6875,สูง
ยะลา,กลางวัน (09:00-15:59),ศุกร์,winter,15,0.0,18.0,19.0,1.875,3.0625,สูง
ยะลา,กลางวัน (09:00-15:59),อังคาร,rainy,19,0.0,13.0,14.0,2.375,3.25,สูง
ยะลา,กลางวัน (09:00-15:59),อังคาร,summer,28,2.0,46.0,63.0,3.5,7.4375,สูงมาก
ยะลา,กลางวัน (09:00-15:59),อังคาร,winter,18,1.0,14.0,15.0,2.25,3.1875,สูง
ยะลา,กลางวัน (09:00-15:59),อาทิตย์,rainy,14,1.0,26.0,18.0,1.75,2.875,ปานกลาง
ยะลา,กลางวัน (09:00-15:59),อาทิตย์,summer,13,1.0,18.0,28.0,1.625,3.375,สูง
ยะลา,กลางวัน (09:00-15:59),อาทิตย์,winter,23,2.0,24.0,26.0,2.875,4.5,สูง
ยะลา,กลางวัน (09:00-15:59),เสาร์,rainy,21,4.0,19.0,32.0,2.625,4.625,สูง
ยะลา,กลางวัน (09:00-15:59),เสาร์,summer,14,0.0,25.0,29.0,1.75,3.5625,สูง
ยะลา,กลางวัน (09:00-15:59),เสาร์,winter,14,2.0,29.0,34.0,1.75,3.875,สูง
ยะลา,หัวค่ำ-ดึก (19:00-23:59),จันทร์,rainy,9,2.0,8.0,14.0,1.125,2.0,ปานกลาง
ยะลา,หัวค่ำ-ดึก (19:00-23:59),จันทร์,summer,3,0.0,1.0,1.0,0.375,0.4375,ต่ำ
ยะลา,หัวค่ำ-ดึก (19:00-23:59),จันทร์,winter,8,4.0,11.0,23.0,1.0,2.4375,ปานกลาง
ยะลา,หัวค่ำ-ดึก (19:00-23:59),พฤหัสบดี,rainy,6,0.0,13.0,10.0,0.75,1.375,ต่ำ
ยะลา,หัวค่ำ-ดึก (19:00-23:59),พฤหัสบดี,summer,3,0.0,8.0,14.0,0.375,1.25,ต่ำ
ยะลา,หัวค่ำ-ดึก (19:00-23:59),พฤหัสบดี,winter,5,5.0,9.0,25.0,0.625,2.1875,ปานกลาง
ยะลา,หัวค่ำ-ดึก (19:00-23:59),พุธ,rainy,6,0.0,9.0,13.0,0.75,1.5625,ต่ำ
ยะลา,หัวค่ำ-ดึก (19:00-23:59),พุธ,summer,4,0.0,7.0,7.0,0.5,0.9375,ต่ำ
ยะลา,หัวค่ำ-ดึก (19:00-23:59),พุธ,winter,8,0.0,9.0,11.0,1.0,1.6875,ปานกลาง
ยะลา,หัวค่ำ-ดึก (19:00-23:59),ศุกร์,rainy,7,0.0,10.0,11.0,0.875,1.5625,ต่ำ
ยะลา,หัวค่ำ-ดึก (19:00-23:59),ศุกร์,summer,3,2.0,3.0,9.0,0.375,0.9375,ต่ำ
ยะลา,หัวค่ำ-ดึก (19:00-23:59),ศุกร์,winter,2,1.0,0.0,3.0,0.25,0.4375,ต่ำ
ยะลา,หัวค่ำ-ดึก (19:00-23:59),อังคาร,rainy,3,0.0,2.0,2.0,0.375,0.5,ต่ำ
ยะลา,หัวค่ำ-ดึก (19:00-23:59),อังคาร,summer,2,0.0,4.0,4.0,0.25,0.5,ต่ำ
ยะลา,หัวค่ำ-ดึก (19:00-23:59),อังคาร,winter,8,2.0,7.0,12.0,1.0,1.75,ปานกลาง
ยะลา,หัวค่ำ-ดึก (19:00-23:59),อาทิตย์,rainy,7,0.0,5.0,5.0,0.875,1.1875,ต่ำ
ยะลา,หัวค่ำ-ดึก (19:00-23:59),อาทิตย์,summer,7,1.0,12.0,15.0,0.875,1.8125,ปานกลาง
ยะลา,หัวค่ำ-ดึก (19:00-23:59),อาทิตย์,winter,1,0.0,3.0,0.0,0.125,0.125,ต่ำ
ยะลา,หัวค่ำ-ดึก (19:00-23:59),เสาร์,rainy,10,3.0,14.0,23.0,1.25,2.6875,ปานกลาง
ยะลา,หัวค่ำ-ดึก (19:00-23:59),เสาร์,summer,5,0.0,3.0,3.0,0.625,0.8125,ต่ำ
ยะลา,หัวค่ำ-ดึก (19:00-23:59),เสาร์,winter,7,0.0,7.0,7.0,0.875,1.3125,ต่ำ
ยะลา,เร่งด่วนเช้า (06:00-08:59),จันทร์,rainy,3,0.0,4.0,4.0,0.375,0.625,ต่ำ
ยะลา,เร่งด่วนเช้า (06:00-08:59),จันทร์,summer,6,3.0,2.0,11.0,0.75,1.4375,ต่ำ
ยะลา,เร่งด่วนเช้า (06:00-08:59),จันทร์,winter,8,0.0,8.0,8.0,1.0,1.5,ต่ำ
ยะลา,เร่งด่วนเช้า (06:00-08:59),พฤหัสบดี,rainy,1,0.0,0.0,0.0,0.125,0.125,ต่ำ
ยะลา,เร่งด่วนเช้า (06:00-08:59),พฤหัสบดี,summer,7,0.0,8.0,8.0,0.875,1.375,ต่ำ
ยะลา,เร่งด่วนเช้า (06:00-08:59),พฤหัสบดี,winter,1,0.0,3.0,3.0,0.125,0.3125,ต่ำ
ยะลา,เร่งด่วนเช้า (06:00-08:59),พุธ,rainy,3,0.0,3.0,3.0,0.375,0.5625,ต่ำ
ยะลา,เร่งด่วนเช้า (06:00-08:59),พุธ,summer,6,1.0,8.0,11.0,0.75,1.4375,ต่ำ
ยะลา,เร่งด่วนเช้า (06:00-08:59),พุธ,winter,1,0.0,1.0,1.0,0.125,0.1875,ต่ำ
ยะลา,เร่งด่วนเช้า (06:00-08:59),ศุกร์,rainy,1,0.0,1.0,1.0,0.125,0.1875,ต่ำ
ยะลา,เร่งด่วนเช้า (06:00-08:59),ศุกร์,summer,3,0.0,2.0,2.0,0.375,0.5,ต่ำ
ยะลา,เร่งด่วนเช้า (06:00-08:59),ศุกร์,winter,6,1.0,4.0,5.0,0.75,1.0625,ต่ำ
ยะลา,เร่งด่วนเช้า (06:00-08:59),อังคาร,rainy,5,1.0,25.0,28.0,0.625,2.375,ปานกลาง
ยะลา,เร่งด่วนเช้า (06:00-08:59),อังคาร,summer,5,1.0,8.0,11.0,0.625,1.3125,ต่ำ
ยะลา,เร่งด่วนเช้า (06:00-08:59),อังคาร,winter,7,0.0,7.0,7.0,0.875,1.3125,ต่ำ
ยะลา,เร่งด่วนเช้า (06:00-08:59),อาทิตย์,rainy,4,0.0,7.0,7.0,0.5,0.9375,ต่ำ
ยะลา,เร่งด่วนเช้า (06:00-08:59),อาทิตย์,summer,1,0.0,1.0,1.0,0.125,0.1875,ต่ำ
ยะลา,เร่งด่วนเช้า (06:00-08:59),อาทิตย์,winter,3,0.0,2.0,2.0,0.375,0.5,ต่ำ
ยะลา,เร่งด่วนเช้า (06:00-08:59),เสาร์,rainy,2,0.0,0.0,0.0,0.25,0.25,ต่ำ
ยะลา,เร่งด่วนเช้า (06:00-08:59),เสาร์,summer,2,0.0,6.0,6.0,0.25,0.625,ต่ำ
ยะลา,เร่งด่วนเช้า (06:00-08:59),เสาร์,winter,2,0.0,5.0,5.0,0.25,0.5625,ต่ำ
ยะลา,เร่งด่วนเย็น (16:00-18:59),จันทร์,rainy,9,1.0,8.0,11.0,1.125,1.8125,ปานกลาง
ยะลา,เร่งด่วนเย็น (16:00-18:59),จันทร์,summer,12,1.0,12.0,14.0,1.5,2.375,ปานกลาง
ยะลา,เร่งด่วนเย็น (16:00-18:59),จันทร์,winter,6,1.0,4.0,9.0,0.75,1.3125,ต่ำ
ยะลา,เร่งด่วนเย็น (16:00-18:59),พฤหัสบดี,rainy,4,1.0,1.0,4.0,0.5,0.75,ต่ำ
ยะลา,เร่งด่วนเย็น (16:00-18:59),พฤหัสบดี,summer,6,0.0,7.0,8.0,0.75,1.25,ต่ำ
ยะลา,เร่งด่วนเย็น (16:00-18:59),พฤหัสบดี,winter,6,0.0,12.0,12.0,0.75,1.5,ต่ำ
ยะลา,เร่งด่วนเย็น (16:00-18:59),พุธ,rainy,10,1.0,11.0,17.0,1.25,2.3125,ปานกลาง
ยะลา,เร่งด่วนเย็น (16:00-18:59),พุธ,summer,8,0.0,9.0,10.0,1.0,1.625,ต่ำ
ยะลา,เร่งด่วนเย็น (16:00-18:59),พุธ,winter,4,0.0,9.0,8.0,0.5,1.0,ต่ำ
ยะลา,เร่งด่วนเย็น (16:00-18:59),ศุกร์,rainy,6,2.0,3.0,10.0,0.75,1.375,ต่ำ
ยะลา,เร่งด่วนเย็น (16:00-18:59),ศุกร์,summer,6,0.0,5.0,8.0,0.75,1.25,ต่ำ
ยะลา,เร่งด่วนเย็น (16:00-18:59),ศุกร์,winter,12,3.0,18.0,27.0,1.5,3.1875,สูง
ยะลา,เร่งด่วนเย็น (16:00-18:59),อังคาร,rainy,2,0.0,3.0,3.0,0.25,0.4375,ต่ำ
ยะลา,เร่งด่วนเย็น (16:00-18:59),อังคาร,summer,6,0.0,4.0,4.0,0.75,1.0,ต่ำ
ยะลา,เร่งด่วนเย็น (16:00-18:59),อังคาร,winter,4,0.0,1.0,1.0,0.5,0.5625,ต่ำ
ยะลา,เร่งด่วนเย็น (16:00-18:59),อาทิตย์,rainy,8,0.0,15.0,16.0,1.0,2.0,ปานกลาง
ยะลา,เร่งด่วนเย็น (16:00-18:59),อาทิตย์,summer,9,0.0,10.0,10.0,1.125,1.75,ปานกลาง
ยะลา,เร่งด่วนเย็น (16:00-18:59),อาทิตย์,winter,3,0.0,1.0,0.0,0.375,0.375,ต่ำ
ยะลา,เร่งด่วนเย็น (16:00-18:59),เสาร์,rainy,5,0.0,8.0,9.0,0.625,1.1875,ต่ำ
ยะลา,เร่งด่วนเย็น (16:00-18:59),เสาร์,summer,10,0.0,15.0,14.0,1.25,2.125,ปานกลาง
ยะลา,เร่งด่วนเย็น (16:00-18:59),เสาร์,winter,14,0.0,28.0,28.0,1.75,3.5,สูง
ยโสธร,กลางดึก (00:00-05:59),จันทร์,rainy,5,3.0,3.0,12.0,0.625,1.375,ต่ำ
ยโสธร,กลางดึก (00:00-05:59),จันทร์,summer,13,4.0,11.0,24.0,1.625,3.125,สูง
ยโสธร,กลางดึก (00:00-05:59),จันทร์,winter,6,2.0,4.0,10.0,0.75,1.375,ต่ำ
ยโสธร,กลางดึก (00:00-05:59),พฤหัสบดี,rainy,14,0.0,14.0,13.0,1.75,2.5625,ปานกลาง
ยโสธร,กลางดึก (00:00-05:59),พฤหัสบดี,summer,7,3.0,8.0,21.0,0.875,2.1875,ปานกลาง
ยโสธร,กลางดึก (00:00-05:59),พฤหัสบดี,winter,4,0.0,1.0,1.0,0.5,0.5625,ต่ำ
ยโสธร,กลางดึก (00:00-05:59),พุธ,rainy,14,3.0,9.0,15.0,1.75,2.6875,ปานกลาง
ยโสธร,กลางดึก (00:00-05:59),พุธ,summer,7,0.0,15.0,9.0,0.875,1.4375,ต่ำ
ยโสธร,กลางดึก (00:00-05:59),พุธ,winter,11,2.0,26.0,18.0,1.375,2.5,ปานกลาง
ยโสธร,กลางดึก (00:00-05:59),ศุกร์,rainy,14,3.0,10.0,17.0,1.75,2.8125,ปานกลาง
ยโสธร,กลางดึก (00:00-05:59),ศุกร์,summer,4,0.0,22.0,24.0,0.5,2.0,ปานกลาง
ยโสธร,กลางดึก (00:00-05:59),ศุกร์,winter,12,3.0,4.0,13.0,1.5,2.3125,ปานกลาง
ยโสธร,กลางดึก (00:00-05:59),อังคาร,rainy,7,1.0,8.0,13.0,0.875,1.6875,ปานกลาง
ยโสธร,กลางดึก (00:00-05:59),อังคาร,summer,5,1.0,9.0,14.0,0.625,1.5,ต่ำ
ยโสธร,กลางดึก (00:00-05:59),อังคาร,winter,10,3.0,6.0,15.0,1.25,2.1875,ปานกลาง
ยโสธร,กลางดึก (00:00-05:59),อาทิตย์,rainy,12,4.0,11.0,24.0,1.5,3.0,สูง
ยโสธร,กลางดึก (00:00-05:59),อาทิตย์,summer,8,1.0,6.0,9.0,1.0,1.5625,ต่ำ
ยโสธร,กลางดึก (00:00-05:59),อาทิตย์,winter,8,5.0,15.0,30.0,1.0,2.875,ปานกลาง
ยโสธร,กลางดึก (00:00-05:59),เสาร์,rainy,11,3.0,5.0,14.0,1.375,2.25,ปานกลาง
ยโสธร,กลางดึก (00:00-05:59),เสาร์,summer,7,1.0,9.0,12.0,0.875,1.625,ต่ำ
ยโสธร,กลางดึก (00:00-05:59),เสาร์,winter,10,2.0,3.0,9.0,1.25,1.8125,ปานกลาง
ยโสธร,กลางวัน (09:00-15:59),จันทร์,rainy,19,2.0,17.0,24.0,2.375,3.875,สูง
ยโสธร,กลางวัน (09:00-15:59),จันทร์,summer,15,1.0,18.0,15.0,1.875,2.8125,ปานกลาง
ยโสธร,กลางวัน (09:00-15:59),จันทร์,winter,20,3.0,23.0,33.0,2.5,4.5625,สูง
ยโสธร,กลางวัน (09:00-15:59),พฤหัสบดี,rainy,19,4.0,23.0,30.0,2.375,4.25,สูง
ยโสธร,กลางวัน (09:00-15:59),พฤหัสบดี,summer,14,0.0,7.0,6.0,1.75,2.125,ปานกลาง
ยโสธร,กลางวัน (09:00-15:59),พฤหัสบดี,winter,17,1.0,10.0,12.0,2.125,2.875,ปานกลาง
ยโสธร,กลางวัน (09:00-15:59),พุธ,rainy,16,4.0,13.0,26.0,2.0,3.625,สูง
ยโสธร,กลางวัน (09:00-15:59),พุธ,summer,18,4.0,21.0,35.0,2.25,4.4375,สูง
ยโสธร,กลางวัน (09:00-15:59),พุธ,winter,13,2.0,14.0,18.0,1.625,2.75,ปานกลาง
ยโสธร,กลางวัน (09:00-15:59),ศุกร์,rainy,13,2.0,8.0,15.0,1.625,2.5625,ปานกลาง
ยโสธร,กลางวัน (09:00-15:59),ศุกร์,summer,20,3.0,16.0,27.0,2.5,4.1875,สูง
ยโสธร,กลางวัน (09:00-15:59),ศุกร์,winter,18,0.0,35.0,29.0,2.25,4.0625,สูง
ยโสธร,กลางวัน (09:00-15:59),อังคาร,rainy,21,2.0,25.0,33.0,2.625,4.6875,สูง
ยโสธร,กลางวัน (09:00-15:59),อังคาร,summer,17,4.0,22.0,35.0,2.125,4.3125,สูง
ยโสธร,กลางวัน (09:00-15:59),อังคาร,winter,18,4.0,15.0,25.0,2.25,3.8125,สูง
ยโสธร,กลางวัน (09:00-15:59),อาทิตย์,rainy,11,0.0,11.0,8.0,1.375,1.875,ปานกลาง
ยโสธร,กลางวัน (09:00-15:59),อาทิตย์,summer,14,3.0,25.0,27.0,1.75,3.4375,สูง
ยโสธร,กลางวัน (09:00-15:59),อาทิตย์,winter,11,2.0,19.0,20.0,1.375,2.625,ปานกลาง
ยโสธร,กลางวัน (09:00-15:59),เสาร์,rainy,10,4.0,11.0,25.0,1.25,2.8125,ปานกลาง
ยโสธร,กลางวัน (09:00-15:59),เสาร์,summer,14,2.0,21.0,28.0,1.75,3.5,สูง
ยโสธร,กลางวัน (09:00-15:59),เสาร์,winter,12,4.0,12.0,25.0,1.5,3.0625,สูง
ยโสธร,หัวค่ำ-ดึก (19:00-23:59),จันทร์,rainy,10,3.0,8.0,17.0,1.25,2.3125,ปานกลาง
ยโสธร,หัวค่ำ-ดึก (19:00-23:59),จันทร์,summer,6,3.0,4.0,13.0,0.75,1.5625,ต่ำ
ยโสธร,หัวค่ำ-ดึก (19:00-23:59),จันทร์,winter,5,2.0,5.0,11.0,0.625,1.3125,ต่ำ
ยโสธร,หัวค่ำ-ดึก (19:00-23:59),พฤหัสบดี,rainy,11,4.0,6.0,18.0,1.375,2.5,ปานกลาง
ยโสธร,หัวค่ำ-ดึก (19:00-23:59),พฤหัสบดี,summer,5,2.0,7.0,13.0,0.625,1.4375,ต่ำ
ยโสธร,หัวค่ำ-ดึก (19:00-23:59),พฤหัสบดี,winter,12,1.0,11.0,14.0,1.5,2.375,ปานกลาง
ยโสธร,หัวค่ำ-ดึก (19:00-23:59),พุธ,rainy,9,1.0,10.0,13.0,1.125,1.9375,ปานกลาง
ยโสธร,หัวค่ำ-ดึก (19:00-23:59),พุธ,summer,6,1.0,5.0,10.0,0.75,1.375,ต่ำ
ยโสธร,หัวค่ำ-ดึก (19:00-23:59),พุธ,winter,6,0.0,8.0,7.0,0.75,1.1875,ต่ำ
ยโสธร,หัวค่ำ-ดึก (19:00-23:59),ศุกร์,rainy,10,4.0,1.0,13.0,1.25,2.0625,ปานกลาง
ยโสธร,หัวค่ำ-ดึก (19:00-23:59),ศุกร์,summer,4,1.0,1.0,5.0,0.5,0.8125,ต่ำ
ยโสธร,หัวค่ำ-ดึก (19:00-23:59),ศุกร์,winter,6,3.0,9.0,19.0,0.75,1.9375,ปานกลาง
ยโสธร,หัวค่ำ-ดึก (19:00-23:59),อังคาร,rainy,19,6.0,13.0,32.0,2.375,4.375,สูง
ยโสธร,หัวค่ำ-ดึก (19:00-23:59),อังคาร,summer,11,4.0,8.0,22.0,1.375,2.75,ปานกลาง
ยโสธร,หัวค่ำ-ดึก (19:00-23:59),อังคาร,winter,6,1.0,4.0,7.0,0.75,1.1875,ต่ำ
ยโสธร,หัวค่ำ-ดึก (19:00-23:59),อาทิตย์,rainy,15,8.0,8.0,30.0,1.875,3.75,สูง
ยโสธร,หัวค่ำ-ดึก (19:00-23:59),อาทิตย์,summer,7,0.0,7.0,6.0,0.875,1.25,ต่ำ
ยโสธร,หัวค่ำ-ดึก (19:00-23:59),อาทิตย์,winter,12,8.0,17.0,48.0,1.5,4.5,สูง
ยโสธร,หัวค่ำ-ดึก (19:00-23:59),เสาร์,rainy,12,3.0,13.0,23.0,1.5,2.9375,ปานกลาง
ยโสธร,หัวค่ำ-ดึก (19:00-23:59),เสาร์,summer,20,6.0,28.0,43.0,2.5,5.1875,สูงมาก
ยโสธร,หัวค่ำ-ดึก (19:00-23:59),เสาร์,winter,8,1.0,7.0,7.0,1.0,1.4375,ต่ำ
ยโสธร,เร่งด่วนเช้า (06:00-08:59),จันทร์,rainy,6,2.0,4.0,11.0,0.75,1.4375,ต่ำ
ยโสธร,เร่งด่วนเช้า (06:00-08:59),จันทร์,summer,2,0.0,3.0,1.0,0.25,0.3125,ต่ำ
ยโสธร,เร่งด่วนเช้า (06:00-08:59),จันทร์,winter,4,0.0,4.0,4.0,0.5,0.75,ต่ำ
ยโสธร,เร่งด่วนเช้า (06:00-08:59),พฤหัสบดี,rainy,11,3.0,7.0,13.0,1.375,2.1875,ปานกลาง
ยโสธร,เร่งด่วนเช้า (06:00-08:59),พฤหัสบดี,summer,6,0.0,11.0,11.0,0.75,1.4375,ต่ำ
ยโสธร,เร่งด่วนเช้า (06:00-08:59),พฤหัสบดี,winter,5,4.0,7.0,20.0,0.625,1.875,ปานกลาง
ยโสธร,เร่งด่วนเช้า (06:00-08:59),พุธ,rainy,6,0.0,5.0,5.0,0.75,1.0625,ต่ำ
ยโสธร,เร่งด่วนเช้า (06:00-08:59),พุธ,summer,9,2.0,15.0,24.0,1.125,2.625,ปานกลาง
ยโสธร,เร่งด่วนเช้า (06:00-08:59),พุธ,winter,9,2.0,6.0,14.0,1.125,2.0,ปานกลาง
ยโสธร,เร่งด่วนเช้า (06:00-08:59),ศุกร์,rainy,4,0.0,2.0,2.0,0.5,0.625,ต่ำ
ยโสธร,เร่งด่วนเช้า (06:00-08:59),ศุกร์,summer,5,2.0,3.0,10.0,0.625,1.25,ต่ำ
ยโสธร,เร่งด่วนเช้า (06:00-08:59),ศุกร์,winter,4,1.0,3.0,6.0,0.5,0.875,ต่ำ
ยโสธร,เร่งด่วนเช้า (06:00-08:59),อังคาร,rainy,5,0.0,4.0,4.0,0.625,0.875,ต่ำ
ยโสธร,เร่งด่วนเช้า (06:00-08:59),อังคาร,summer,3,0.0,0.0,0.0,0.375,0.375,ต่ำ
ยโสธร,เร่งด่วนเช้า (06:00-08:59),อังคาร,winter,6,6.0,4.0,21.0,0.75,2.0625,ปานกลาง
ยโสธร,เร่งด่วนเช้า (06:00-08:59),อาทิตย์,rainy,3,0.0,4.0,5.0,0.375,0.6875,ต่ำ
ยโสธร,เร่งด่วนเช้า (06:00-08:59),อาทิตย์,summer,3,0.0,3.0,5.0,0.375,0.6875,ต่ำ
ยโสธร,เร่งด่วนเช้า (06:00-08:59),อาทิตย์,winter,4,0.0,4.0,4.0,0.5,0.75,ต่ำ
ยโสธร,เร่งด่วนเช้า (06:00-08:59),เสาร์,rainy,6,1.0,12.0,16.0,0.75,1.75,ปานกลาง
ยโสธร,เร่งด่วนเช้า (06:00-08:59),เสาร์,summer,2,1.0,0.0,3.0,0.25,0.4375,ต่ำ
ยโสธร,เร่งด่วนเช้า (06:00-08:59),เสาร์,winter,5,1.0,5.0,8.0,0.625,1.125,ต่ำ
ยโสธร,เร่งด่วนเย็น (16:00-18:59),จันทร์,rainy,6,2.0,5.0,12.0,0.75,1.5,ต่ำ
ยโสธร,เร่งด่วนเย็น (16:00-18:59),จันทร์,summer,5,0.0,3.0,3.0,0.625,0.8125,ต่ำ
ยโสธร,เร่งด่วนเย็น (16:00-18:59),จันทร์,winter,8,1.0,7.0,9.0,1.0,1.5625,ต่ำ
ยโสธร,เร่งด่วนเย็น (16:00-18:59),พฤหัสบดี,rainy,13,2.0,9.0,15.0,1.625,2.5625,ปานกลาง
ยโสธร,เร่งด่วนเย็น (16:00-18:59),พฤหัสบดี,summer,11,3.0,14.0,23.0,1.375,2.8125,ปานกลาง
ยโสธร,เร่งด่วนเย็น (16:00-18:59),พฤหัสบดี,winter,8,2.0,11.0,18.0,1.0,2.125,ปานกลาง
ยโสธร,เร่งด่วนเย็น (16:00-18:59),พุธ,rainy,5,1.0,3.0,7.0,0.625,1.0625,ต่ำ
ยโสธร,เร่งด่วนเย็น (16:00-18:59),พุธ,summer,9,3.0,16.0,33.0,1.125,3.1875,สูง
ยโสธร,เร่งด่วนเย็น (16:00-18:59),พุธ,winter,6,3.0,5.0,12.0,0.75,1.5,ต่ำ
ยโสธร,เร่งด่วนเย็น (16:00-18:59),ศุกร์,rainy,7,1.0,9.0,15.0,0.875,1.8125,ปานกลาง
ยโสธร,เร่งด่วนเย็น (16:00-18:59),ศุกร์,summer,8,1.0,5.0,8.0,1.0,1.5,ต่ำ
ยโสธร,เร่งด่วนเย็น (16:00-18:59),ศุกร์,winter,6,3.0,9.0,18.0,0.75,1.875,ปานกลาง
ยโสธร,เร่งด่วนเย็น (16:00-18:59),อังคาร,rainy,8,3.0,15.0,27.0,1.0,2.6875,ปานกลาง
ยโสธร,เร่งด่วนเย็น (16:00-18:59),อังคาร,summer,5,1.0,3.0,5.0,0.625,0.9375,ต่ำ
ยโสธร,เร่งด่วนเย็น (16:00-18:59),อังคาร,winter,10,5.0,21.0,31.0,1.25,3.1875,สูง
ยโสธร,เร่งด่วนเย็น (16:00-18:59),อาทิตย์,rainy,9,2.0,17.0,23.0,1.125,2.5625,ปานกลาง
ยโสธร,เร่งด่วนเย็น (16:00-18:59),อาทิตย์,summer,7,2.0,5.0,12.0,0.875,1.625,ต่ำ
ยโสธร,เร่งด่วนเย็น (16:00-18:59),อาทิตย์,winter,10,2.0,9.0,18.0,1.25,2.375,ปานกลาง
ยโสธร,เร่งด่วนเย็น (16:00-18:59),เสาร์,rainy,8,2.0,18.0,20.0,1.0,2.25,ปานกลาง
ยโสธร,เร่งด่วนเย็น (16:00-18:59),เสาร์,summer,5,0.0,3.0,4.0,0.625,0.875,ต่ำ
ยโสธร,เร่งด่วนเย็น (16:00-18:59),เสาร์,winter,13,3.0,38.0,38.0,1.625,4.0,สูง
ระนอง,กลางดึก (00:00-05:59),จันทร์,summer,1,0.0,0.0,0.0,0.125,0.125,ต่ำ
ระนอง,กลางดึก (00:00-05:59),จันทร์,winter,3,1.0,0.0,3.0,0.375,0.5625,ต่ำ
ระนอง,กลางดึก (00:00-05:59),พฤหัสบดี,rainy,1,0.0,0.0,0.0,0.125,0.125,ต่ำ
ระนอง,กลางดึก (00:00-05:59),พฤหัสบดี,summer,2,0.0,2.0,1.0,0.25,0.3125,ต่ำ
ระนอง,กลางดึก (00:00-05:59),พฤหัสบดี,winter,4,0.0,3.0,1.0,0.5,0.5625,ต่ำ
ระนอง,กลางดึก (00:00-05:59),พุธ,rainy,4,1.0,6.0,10.0,0.5,1.125,ต่ำ
ระนอง,กลางดึก (00:00-05:59),พุธ,summer,1,0.0,0.0,0.0,0.125,0.125,ต่ำ
ระนอง,กลางดึก (00:00-05:59),พุธ,winter,2,1.0,0.0,3.0,0.25,0.4375,ต่ำ
ระนอง,กลางดึก (00:00-05:59),ศุกร์,rainy,1,0.0,1.0,1.0,0.125,0.1875,ต่ำ
ระนอง,กลางดึก (00:00-05:59),ศุกร์,summer,1,0.0,2.0,2.0,0.125,0.25,ต่ำ
ระนอง,กลางดึก (00:00-05:59),ศุกร์,winter,6,1.0,4.0,7.0,0.75,1.1875,ต่ำ
ระนอง,กลางดึก (00:00-05:59),อังคาร,rainy,1,0.0,0.0,0.0,0.125,0.125,ต่ำ
ระนอง,กลางดึก (00:00-05:59),อังคาร,summer,5,0.0,3.0,2.0,0.625,0.75,ต่ำ
ระนอง,กลางดึก (00:00-05:59),อังคาร,winter,1,0.0,0.0,0.0,0.125,0.125,ต่ำ
ระนอง,กลางดึก (00:00-05:59),อาทิตย์,rainy,5,0.0,3.0,3.0,0.625,0.8125,ต่ำ
ระนอง,กลางดึก (00:00-05:59),อาทิตย์,winter,6,0.0,9.0,13.0,0.75,1.5625,ต่ำ
ระนอง,กลางดึก (00:00-05:59),เสาร์,rainy,5,0.0,2.0,1.0,0.625,0.6875,ต่ำ
ระนอง,กลางดึก (00:00-05:59),เสาร์,summer,5,1.0,3.0,6.0,0.625,1.0,ต่ำ
ระนอง,กลางดึก (00:00-05:59),เสาร์,winter,4,0.0,11.0,0.0,0.5,0.5,ต่ำ
ระนอง,กลางวัน (09:00-15:59),จันทร์,rainy,3,0.0,4.0,4.0,0.375,0.625,ต่ำ
ระนอง,กลางวัน (09:00-15:59),จันทร์,summer,14,1.0,15.0,20.0,1.75,3.0,สูง
ระนอง,กลางวัน (09:00-15:59),จันทร์,winter,8,1.0,7.0,12.0,1.0,1.75,ปานกลาง
ระนอง,กลางวัน (09:00-15:59),พฤหัสบดี,rainy,8,0.0,3.0,3.0,1.0,1.1875,ต่ำ
ระนอง,กลางวัน (09:00-15:59),พฤหัสบดี,summer,6,1.0,4.0,10.0,0.75,1.375,ต่ำ
ระนอง,กลางวัน (09:00-15:59),พฤหัสบดี,winter,7,1.0,5.0,10.0,0.875,1.5,ต่ำ
ระนอง,กลางวัน (09:00-15:59),พุธ,rainy,13,1.0,9.0,14.0,1.625,2.5,ปานกลาง
ระนอง,กลางวัน (09:00-15:59),พุธ,summer,8,0.0,6.0,7.0,1.0,1.4375,ต่ำ
ระนอง,กลางวัน (09:00-15:59),พุธ,winter,8,0.0,12.0,15.0,1.0,1.9375,ปานกลาง
ระนอง,กลางวัน (09:00-15:59),ศุกร์,rainy,4,0.0,2.0,1.0,0.5,0.5625,ต่ำ
ระนอง,กลางวัน (09:00-15:59),ศุกร์,summer,9,1.0,10.0,12.0,1.125,1.875,ปานกลาง
ระนอง,กลางวัน (09:00-15:59),ศุกร์,winter,10,1.0,7.0,12.0,1.25,2.0,ปานกลาง
ระนอง,กลางวัน (09:00-15:59),อังคาร,rainy,3,0.0,2.0,2.0,0.375,0.5,ต่ำ
ระนอง,กลางวัน (09:00-15:59),อังคาร,summer,6,0.0,6.0,5.0,0.75,1.0625,ต่ำ
ระนอง,กลางวัน (09:00-15:59),อังคาร,winter,8,1.0,17.0,24.0,1.0,2.5,ปานกลาง
ระนอง,กลางวัน (09:00-15:59),อาทิตย์,rainy,4,0.0,1.0,1.0,0.5,0.5625,ต่ำ
ระนอง,กลางวัน (09:00-15:59),อาทิตย์,summer,4,0.0,3.0,3.0,0.5,0.6875,ต่ำ
ระนอง,กลางวัน (09:00-15:59),อาทิตย์,winter,7,0.0,8.0,10.0,0.875,1.5,ต่ำ
ระนอง,กลางวัน (09:00-15:59),เสาร์,rainy,3,0.0,1.0,1.0,0.375,0.4375,ต่ำ
ระนอง,กลางวัน (09:00-15:59),เสาร์,summer,9,4.0,9.0,23.0,1.125,2.5625,ปานกลาง
ระนอง,กลางวัน (09:00-15:59),เสาร์,winter,8,2.0,5.0,14.0,1.0,1.875,ปานกลาง
ระนอง,หัวค่ำ-ดึก (19:00-23:59),จันทร์,rainy,2,2.0,0.0,6.0,0.25,0.625,ต่ำ
ระนอง,หัวค่ำ-ดึก (19:00-23:59),จันทร์,summer,1,0.0,0.0,0.0,0.125,0.125,ต่ำ
ระนอง,หัวค่ำ-ดึก (19:00-23:59),จันทร์,winter,2,0.0,1.0,0.0,0.25,0.25,ต่ำ
ระนอง,หัวค่ำ-ดึก (19:00-23:59),พฤหัสบดี,rainy,1,0.0,0.0,0.0,0.125,0.125,ต่ำ
ระนอง,หัวค่ำ-ดึก (19:00-23:59),พฤหัสบดี,summer,4,0.0,3.0,4.0,0.5,0.75,ต่ำ
ระนอง,หัวค่ำ-ดึก (19:00-23:59),พฤหัสบดี,winter,3,0.0,7.0,8.0,0.375,0.875,ต่ำ
ระนอง,หัวค่ำ-ดึก (19:00-23:59),พุธ,rainy,1,0.0,1.0,1.0,0.125,0.1875,ต่ำ
ระนอง,หัวค่ำ-ดึก (19:00-23:59),พุธ,summer,4,0.0,5.0,2.0,0.5,0.625,ต่ำ
ระนอง,หัวค่ำ-ดึก (19:00-23:59),พุธ,winter,3,0.0,15.0,29.0,0.375,2.1875,ปานกลาง
ระนอง,หัวค่ำ-ดึก (19:00-23:59),ศุกร์,rainy,3,0.0,0.0,0.0,0.375,0.375,ต่ำ
ระนอง,หัวค่ำ-ดึก (19:00-23:59),ศุกร์,summer,3,0.0,2.0,2.0,0.375,0.5,ต่ำ
ระนอง,หัวค่ำ-ดึก (19:00-23:59),ศุกร์,winter,7,4.0,8.0,19.0,0.875,2.0625,ปานกลาง
ระนอง,หัวค่ำ-ดึก (19:00-23:59),อังคาร,rainy,2,1.0,0.0,3.0,0.25,0.4375,ต่ำ
ระนอง,หัวค่ำ-ดึก (19:00-23:59),อังคาร,summer,6,1.0,2.0,5.0,0.75,1.0625,ต่ำ
ระนอง,หัวค่ำ-ดึก (19:00-23:59),อังคาร,winter,4,3.0,1.0,10.0,0.5,1.125,ต่ำ
ระนอง,หัวค่ำ-ดึก (19:00-23:59),อาทิตย์,rainy,1,0.0,0.0,0.0,0.125,0.125,ต่ำ
ระนอง,หัวค่ำ-ดึก (19:00-23:59),อาทิตย์,summer,4,1.0,2.0,6.0,0.5,0.875,ต่ำ
ระนอง,หัวค่ำ-ดึก (19:00-23:59),อาทิตย์,winter,5,1.0,4.0,9.0,0.625,1.1875,ต่ำ
ระนอง,หัวค่ำ-ดึก (19:00-23:59),เสาร์,rainy,1,0.0,5.0,5.0,0.125,0.4375,ต่ำ
ระนอง,หัวค่ำ-ดึก (19:00-23:59),เสาร์,summer,6,0.0,4.0,1.0,0.75,0.8125,ต่ำ
ระนอง,หัวค่ำ-ดึก (19:00-23:59),เสาร์,winter,4,1.0,5.0,9.0,0.5,1.0625,ต่ำ
ระนอง,เร่งด่วนเช้า (06:00-08:59),จันทร์,rainy,2,0.0,1.0,1.0,0.25,0.3125,ต่ำ
ระนอง,เร่งด่วนเช้า (06:00-08:59),จันทร์,summer,2,0.0,1.0,1.0,0.25,0.3125,ต่ำ
ระนอง,เร่งด่วนเช้า (06:00-08:59),จันทร์,winter,1,0.0,1.0,1.0,0.125,0.1875,ต่ำ
ระนอง,เร่งด่วนเช้า (06:00-08:59),พฤหัสบดี,rainy,3,0.0,1.0,1.0,0.375,0.4375,ต่ำ
ระนอง,เร่งด่วนเช้า (06:00-08:59),พฤหัสบดี,summer,4,2.0,4.0,8.0,0.5,1.0,ต่ำ
ระนอง,เร่งด่วนเช้า (06:00-08:59),พฤหัสบดี,winter,2,0.0,1.0,1.0,0.25,0.3125,ต่ำ
ระนอง,เร่งด่วนเช้า (06:00-08:59),พุธ,rainy,1,0.0,0.0,0.0,0.125,0.125,ต่ำ
ระนอง,เร่งด่วนเช้า (06:00-08:59),พุธ,summer,2,0.0,2.0,3.0,0.25,0.4375,ต่ำ
ระนอง,เร่งด่วนเช้า (06:00-08:59),พุธ,winter,3,0.0,1.0,1.0,0.375,0.4375,ต่ำ
ระนอง,เร่งด่วนเช้า (06:00-08:59),ศุกร์,rainy,3,3.0,1.0,11.0,0.375,1.0625,ต่ำ
ระนอง,เร่งด่วนเช้า (06:00-08:59),ศุกร์,summer,3,0.0,7.0,7.0,0.375,0.8125,ต่ำ
ระนอง,เร่งด่วนเช้า (06:00-08:59),ศุกร์,winter,1,1.0,1.0,4.0,0.125,0.375,ต่ำ
ระนอง,เร่งด่วนเช้า (06:00-08:59),อังคาร,rainy,4,0.0,4.0,4.0,0.5,0.75,ต่ำ
ระนอง,เร่งด่วนเช้า (06:00-08:59),อังคาร,summer,2,0.0,2.0,2.0,0.25,0.375,ต่ำ
ระนอง,เร่งด่วนเช้า (06:00-08:59),อังคาร,winter,3,3.0,3.0,11.0,0.375,1.0625,ต่ำ
ระนอง,เร่งด่วนเช้า (06:00-08:59),อาทิตย์,rainy,2,0.0,2.0,2.0,0.25,0.375,ต่ำ
ระนอง,เร่งด่วนเช้า (06:00-08:59),อาทิตย์,winter,1,4.0,1.0,14.0,0.125,1.0,ต่ำ
ระนอง,เร่งด่วนเช้า (06:00-08:59),เสาร์,rainy,4,0.0,1.0,2.0,0.5,0.625,ต่ำ
ระนอง,เร่งด่วนเช้า (06:00-08:59),เสาร์,summer,6,0.0,1.0,1.0,0.75,0.8125,ต่ำ
ระนอง,เร่งด่วนเช้า (06:00-08:59),เสาร์,winter,3,5.0,11.0,28.0,0.375,2.125,ปานกลาง
ระนอง,เร่งด่วนเย็น (16:00-18:59),จันทร์,rainy,5,1.0,6.0,10.0,0.625,1.25,ต่ำ
ระนอง,เร่งด่วนเย็น (16:00-18:59),จันทร์,summer,5,0.0,5.0,7.0,0.625,1.0625,ต่ำ
ระนอง,เร่งด่วนเย็น (16:00-18:59),จันทร์,winter,4,0.0,2.0,2.0,0.5,0.625,ต่ำ
ระนอง,เร่งด่วนเย็น (16:00-18:59),พฤหัสบดี,rainy,3,0.0,1.0,1.0,0.375,0.4375,ต่ำ
ระนอง,เร่งด่วนเย็น (16:00-18:59),พฤหัสบดี,summer,4,1.0,4.0,7.0,0.5,0.9375,ต่ำ
ระนอง,เร่งด่วนเย็น (16:00-18:59),พฤหัสบดี,winter,3,0.0,4.0,4.0,0.375,0.625,ต่ำ
ระนอง,เร่งด่วนเย็น (16:00-18:59),พุธ,rainy,4,0.0,2.0,2.0,0.5,0.625,ต่ำ
ระนอง,เร่งด่วนเย็น (16:00-18:59),พุธ,summer,2,0.0,4.0,3.0,0.25,0.4375,ต่ำ
ระนอง,เร่งด่วนเย็น (16:00-18:59),พุธ,winter,5,1.0,20.0,24.0,0.625,2.125,ปานกลาง
ระนอง,เร่งด่วนเย็น (16:00-18:59),ศุกร์,rainy,3,0.0,3.0,3.0,0.375,0.5625,ต่ำ
ระนอง,เร่งด่วนเย็น (16:00-18:59),ศุกร์,summer,4,0.0,5.0,6.0,0.5,0.875,ต่ำ
ระนอง,เร่งด่วนเย็น (16:00-18:59),ศุกร์,winter,3,0.0,0.0,0.0,0.375,0.375,ต่ำ
ระนอง,เร่งด่วนเย็น (16:00-18:59),อังคาร,rainy,1,0.0,0.0,0.0,0.125,0.125,ต่ำ
ระนอง,เร่งด่วนเย็น (16:00-18:59),อังคาร,summer,4,0.0,10.0,10.0,0.5,1.125,ต่ำ
ระนอง,เร่งด่วนเย็น (16:00-18:59),อังคาร,winter,1,0.0,2.0,2.0,0.125,0.25,ต่ำ
ระนอง,เร่งด่วนเย็น (16:00-18:59),อาทิตย์,rainy,2,0.0,3.0,3.0,0.25,0.4375,ต่ำ
ระนอง,เร่งด่วนเย็น (16:00-18:59),อาทิตย์,summer,5,4.0,3.0,16.0,0.625,1.625,ต่ำ
ระนอง,เร่งด่วนเย็น (16:00-18:59),อาทิตย์,winter,1,0.0,2.0,2.0,0.125,0.25,ต่ำ
ระนอง,เร่งด่วนเย็น (16:00-18:59),เสาร์,rainy,2,0.0,0.0,0.0,0.25,0.25,ต่ำ
ระนอง,เร่งด่วนเย็น (16:00-18:59),เสาร์,summer,5,1.0,5.0,7.0,0.625,1.0625,ต่ำ
ระนอง,เร่งด่วนเย็น (16:00-18:59),เสาร์,winter,3,0.0,5.0,7.0,0.375,0.8125,ต่ำ
ระยอง,กลางดึก (00:00-05:59),จันทร์,rainy,19,2.0,15.0,15.0,2.375,3.3125,สูง
ระยอง,กลางดึก (00:00-05:59),จันทร์,summer,15,2.0,2.0,8.0,1.875,2.375,ปานกลาง
ระยอง,กลางดึก (00:00-05:59),จันทร์,winter,19,4.0,10.0,24.0,2.375,3.875,สูง
ระยอง,กลางดึก (00:00-05:59),พฤหัสบดี,rainy,28,1.0,18.0,17.0,3.5,4.5625,สูง
ระยอง,กลางดึก (00:00-05:59),พฤหัสบดี,summer,13,2.0,11.0,16.0,1.625,2.625,ปานกลาง
ระยอง,กลางดึก (00:00-05:59),พฤหัสบดี,winter,14,2.0,16.0,21.0,1.75,3.0625,สูง
ระยอง,กลางดึก (00:00-05:59),พุธ,rainy,21,3.0,17.0,23.0,2.625,4.0625,สูง
ระยอง,กลางดึก (00:00-05:59),พุธ,summer,15,3.0,5.0,13.0,1.875,2.6875,ปานกลาง
ระยอง,กลางดึก (00:00-05:59),พุธ,winter,17,2.0,6.0,12.0,2.125,2.875,ปานกลาง
ระยอง,กลางดึก (00:00-05:59),ศุกร์,rainy,17,3.0,12.0,25.0,2.125,3.6875,สูง
ระยอง,กลางดึก (00:00-05:59),ศุกร์,summer,17,5.0,10.0,19.0,2.125,3.3125,สูง
ระยอง,กลางดึก (00:00-05:59),ศุกร์,winter,19,4.0,17.0,28.0,2.375,4.125,สูง
ระยอง,กลางดึก (00:00-05:59),อังคาร,rainy,14,1.0,13.0,16.0,1.75,2.75,ปานกลาง
ระยอง,กลางดึก (00:00-05:59),อังคาร,summer,10,1.0,8.0,14.0,1.25,2.125,ปานกลาง
ระยอง,กลางดึก (00:00-05:59),อังคาร,winter,14,0.0,8.0,6.0,1.75,2.125,ปานกลาง
ระยอง,กลางดึก (00:00-05:59),อาทิตย์,rainy,23,3.0,13.0,23.0,2.875,4.3125,สูง
ระยอง,กลางดึก (00:00-05:59),อาทิตย์,summer,19,2.0,14.0,19.0,2.375,3.5625,สูง
ระยอง,กลางดึก (00:00-05:59),อาทิตย์,winter,19,7.0,11.0,34.0,2.375,4.5,สูง
ระยอง,กลางดึก (00:00-05:59),เสาร์,rainy,32,1.0,21.0,23.0,4.0,5.4375,สูงมาก
ระยอง,กลางดึก (00:00-05:59),เสาร์,summer,18,0.0,13.0,15.0,2.25,3.1875,สูง
ระยอง,กลางดึก (00:00-05:59),เสาร์,winter,21,6.0,12.0,30.0,2.625,4.5,สูง
ระยอง,กลางวัน (09:00-15:59),จันทร์,rainy,45,2.0,32.0,40.0,5.625,8.125,สูงมาก
ระยอง,กลางวัน (09:00-15:59),จันทร์,summer,16,2.0,12.0,19.0,2.0,3.1875,สูง
ระยอง,กลางวัน (09:00-15:59),จันทร์,winter,19,2.0,6.0,14.0,2.375,3.25,สูง
ระยอง,กลางวัน (09:00-15:59),พฤหัสบดี,rainy,46,3.0,63.0,77.0,5.75,10.5625,สูงมาก
ระยอง,กลางวัน (09:00-15:59),พฤหัสบดี,summer,26,3.0,25.0,36.0,3.25,5.5,สูงมาก
ระยอง,กลางวัน (09:00-15:59),พฤหัสบดี,winter,25,0.0,16.0,17.0,3.125,4.1875,สูง
ระยอง,กลางวัน (09:00-15:59),พุธ,rainy,33,1.0,16.0,23.0,4.125,5.5625,สูงมาก
ระยอง,กลางวัน (09:00-15:59),พุธ,summer,34,1.0,22.0,22.0,4.25,5.625,สูงมาก
ระยอง,กลางวัน (09:00-15:59),พุธ,winter,24,1.0,36.0,51.0,3.0,6.1875,สูงมาก
ระยอง,กลางวัน (09:00-15:59),ศุกร์,rainy,39,1.0,21.0,28.0,4.875,6.625,สูงมาก
ระยอง,กลางวัน (09:00-15:59),ศุกร์,summer,26,1.0,37.0,41.0,3.25,5.8125,สูงมาก
ระยอง,กลางวัน (09:00-15:59),ศุกร์,winter,31,7.0,28.0,55.0,3.875,7.3125,สูงมาก
ระยอง,กลางวัน (09:00-15:59),อังคาร,rainy,38,5.0,69.0,104.0,4.75,11.25,สูงมาก
ระยอง,กลางวัน (09:00-15:59),อังคาร,summer,31,4.0,23.0,40.0,3.875,6.375,สูงมาก
ระยอง,กลางวัน (09:00-15:59),อังคาร,winter,22,6.0,17.0,27.0,2.75,4.4375,สูง
ระยอง,กลางวัน (09:00-15:59),อาทิตย์,rainy,27,2.0,19.0,27.0,3.375,5.0625,สูง
ระยอง,กลางวัน (09:00-15:59),อาทิตย์,summer,27,3.0,20.0,31.0,3.375,5.3125,สูงมาก
ระยอง,กลางวัน (09:00-15:59),อาทิตย์,winter,26,3.0,29.0,46.0,3.25,6.125,สูงมาก
ระยอง,กลางวัน (09:00-15:59),เสาร์,rainy,32,1.0,21.0,18.0,4.0,5.125,สูงมาก
ระยอง,กลางวัน (09:00-15:59),เสาร์,summer,16,5.0,21.0,39.0,2.0,4.4375,สูง
ระยอง,กลางวัน (09:00-15:59),เสาร์,winter,32,4.0,39.0,48.0,4.0,7.0,สูงมาก
ระยอง,หัวค่ำ-ดึก (19:00-23:59),จันทร์,rainy,16,5.0,10.0,23.0,2.0,3.4375,สูง
ระยอง,หัวค่ำ-ดึก (19:00-23:59),จันทร์,summer,7,2.0,5.0,13.0,0.875,1.6875,ปานกลาง
ระยอง,หัวค่ำ-ดึก (19:00-23:59),จันทร์,winter,11,1.0,13.0,22.0,1.375,2.75,ปานกลาง
ระยอง,หัวค่ำ-ดึก (19:00-23:59),พฤหัสบดี,rainy,14,0.0,5.0,5.0,1.75,2.0625,ปานกลาง
ระยอง,หัวค่ำ-ดึก (19:00-23:59),พฤหัสบดี,summer,16,4.0,11.0,27.0,2.0,3.6875,สูง
ระยอง,หัวค่ำ-ดึก (19:00-23:59),พฤหัสบดี,winter,21,4.0,13.0,29.0,2.625,4.4375,สูง
ระยอง,หัวค่ำ-ดึก (19:00-23:59),พุธ,rainy,18,1.0,12.0,11.0,2.25,2.9375,ปานกลาง
ระยอง,หัวค่ำ-ดึก (19:00-23:59),พุธ,summer,15,0.0,17.0,17.0,1.875,2.9375,ปานกลาง
ระยอง,หัวค่ำ-ดึก (19:00-23:59),พุธ,winter,12,5.0,12.0,29.0,1.5,3.3125,สูง
ระยอง,หัวค่ำ-ดึก (19:00-23:59),ศุกร์,rainy,19,3.0,23.0,19.0,2.375,3.5625,สูง
ระยอง,หัวค่ำ-ดึก (19:00-23:59),ศุกร์,summer,15,1.0,22.0,30.0,1.875,3.75,สูง
ระยอง,หัวค่ำ-ดึก (19:00-23:59),ศุกร์,winter,25,4.0,25.0,29.0,3.125,4.9375,สูง
ระยอง,หัวค่ำ-ดึก (19:00-23:59),อังคาร,rainy,13,1.0,6.0,10.0,1.625,2.25,ปานกลาง
ระยอง,หัวค่ำ-ดึก (19:00-23:59),อังคาร,summer,17,5.0,13.0,26.0,2.125,3.75,สูง
ระยอง,หัวค่ำ-ดึก (19:00-23:59),อังคาร,winter,16,2.0,13.0,19.0,2.0,3.1875,สูง
ระยอง,หัวค่ำ-ดึก (19:00-23:59),อาทิตย์,rainy,11,3.0,3.0,12.0,1.375,2.125,ปานกลาง
ระยอง,หัวค่ำ-ดึก (19:00-23:59),อาทิตย์,summer,21,5.0,22.0,46.0,2.625,5.5,สูงมาก
ระยอง,หัวค่ำ-ดึก (19:00-23:59),อาทิตย์,winter,21,6.0,20.0,40.0,2.625,5.125,สูงมาก
ระยอง,หัวค่ำ-ดึก (19:00-23:59),เสาร์,rainy,25,8.0,22.0,46.0,3.125,6.0,สูงมาก
ระยอง,หัวค่ำ-ดึก (19:00-23:59),เสาร์,summer,21,5.0,15.0,32.0,2.625,4.625,สูง
ระยอง,หัวค่ำ-ดึก (19:00-23:59),เสาร์,winter,27,6.0,28.0,50.0,3.375,6.5,สูงมาก
ระยอง,เร่งด่วนเช้า (06:00-08:59),จันทร์,rainy,12,2.0,12.0,20.0,1.5,2.75,ปานกลาง
ระยอง,เร่งด่วนเช้า (06:00-08:59),จันทร์,summer,13,2.0,10.0,16.0,1.625,2.625,ปานกลาง
ระยอง,เร่งด่วนเช้า (06:00-08:59),จันทร์,winter,8,1.0,6.0,10.0,1.0,1.625,ต่ำ
ระยอง,เร่งด่วนเช้า (06:00-08:59),พฤหัสบดี,rainy,12,1.0,29.0,29.0,1.5,3.3125,สูง
ระยอง,เร่งด่วนเช้า (06:00-08:59),พฤหัสบดี,summer,10,1.0,9.0,7.0,1.25,1.6875,ปานกลาง
ระยอง,เร่งด่วนเช้า (06:00-08:59),พฤหัสบดี,winter,11,4.0,14.0,32.0,1.375,3.375,สูง
ระยอง,เร่งด่วนเช้า (06:00-08:59),พุธ,rainy,11,0.0,9.0,12.0,1.375,2.125,ปานกลาง
ระยอง,เร่งด่วนเช้า (06:00-08:59),พุธ,summer,7,1.0,7.0,14.0,0.875,1.75,ปานกลาง
ระยอง,เร่งด่วนเช้า (06:00-08:59),พุธ,winter,10,3.0,7.0,17.0,1.25,2.3125,ปานกลาง
ระยอง,เร่งด่วนเช้า (06:00-08:59),ศุกร์,rainy,13,1.0,3.0,6.0,1.625,2.0,ปานกลาง
ระยอง,เร่งด่วนเช้า (06:00-08:59),ศุกร์,summer,3,1.0,8.0,11.0,0.375,1.0625,ต่ำ
ระยอง,เร่งด่วนเช้า (06:00-08:59),ศุกร์,winter,17,1.0,13.0,18.0,2.125,3.25,สูง
ระยอง,เร่งด่วนเช้า (06:00-08:59),อังคาร,rainy,9,1.0,10.0,15.0,1.125,2.0625,ปานกลาง
ระยอง,เร่งด่วนเช้า (06:00-08:59),อังคาร,summer,10,3.0,5.0,17.0,1.25,2.3125,ปานกลาง
ระยอง,เร่งด่วนเช้า (06:00-08:59),อังคาร,winter,5,0.0,1.0,1.0,0.625,0.6875,ต่ำ
ระยอง,เร่งด่วนเช้า (06:00-08:59),อาทิตย์,rainy,10,2.0,4.0,11.0,1.25,1.9375,ปานกลาง
ระยอง,เร่งด่วนเช้า (06:00-08:59),อาทิตย์,summer,10,0.0,8.0,9.0,1.25,1.8125,ปานกลาง
ระยอง,เร่งด่วนเช้า (06:00-08:59),อาทิตย์,winter,5,1.0,4.0,8.0,0.625,1.125,ต่ำ
ระยอง,เร่งด่วนเช้า (06:00-08:59),เสาร์,rainy,5,1.0,3.0,6.0,0.625,1.0,ต่ำ
ระยอง,เร่งด่วนเช้า (06:00-08:59),เสาร์,summer,14,2.0,14.0,25.0,1.75,3.3125,สูง
ระยอง,เร่งด่วนเช้า (06:00-08:59),เสาร์,winter,6,0.0,3.0,3.0,0.75,0.9375,ต่ำ
ระยอง,เร่งด่วนเย็น (16:00-18:59),จันทร์,rainy,9,0.0,8.0,8.0,1.125,1.625,ต่ำ
ระยอง,เร่งด่วนเย็น (16:00-18:59),จันทร์,summer,10,1.0,8.0,8.0,1.25,1.75,ปานกลาง
ระยอง,เร่งด่วนเย็น (16:00-18:59),จันทร์,winter,11,6.0,5.0,24.0,1.375,2.875,ปานกลาง
ระยอง,เร่งด่วนเย็น (16:00-18:59),พฤหัสบดี,rainy,16,1.0,18.0,24.0,2.0,3.5,สูง
ระยอง,เร่งด่วนเย็น (16:00-18:59),พฤหัสบดี,summer,5,0.0,4.0,4.0,0.625,0.875,ต่ำ
ระยอง,เร่งด่วนเย็น (16:00-18:59),พฤหัสบดี,winter,14,2.0,18.0,29.0,1.75,3.5625,สูง
ระยอง,เร่งด่วนเย็น (16:00-18:59),พุธ,rainy,5,0.0,8.0,0.0,0.625,0.625,ต่ำ
ระยอง,เร่งด่วนเย็น (16:00-18:59),พุธ,summer,8,0.0,13.0,15.0,1.0,1.9375,ปานกลาง
ระยอง,เร่งด่วนเย็น (16:00-18:59),พุธ,winter,10,2.0,10.0,18.0,1.25,2.375,ปานกลาง
ระยอง,เร่งด่วนเย็น (16:00-18:59),ศุกร์,rainy,10,2.0,13.0,26.0,1.25,2.875,ปานกลาง
ระยอง,เร่งด่วนเย็น (16:00-18:59),ศุกร์,summer,7,2.0,13.0,27.0,0.875,2.5625,ปานกลาง
ระยอง,เร่งด่วนเย็น (16:00-18:59),ศุกร์,winter,4,0.0,4.0,4.0,0.5,0.75,ต่ำ
ระยอง,เร่งด่วนเย็น (16:00-18:59),อังคาร,rainy,9,3.0,12.0,22.0,1.125,2.5,ปานกลาง
ระยอง,เร่งด่วนเย็น (16:00-18:59),อังคาร,summer,9,0.0,8.0,11.0,1.125,1.8125,ปานกลาง
ระยอง,เร่งด่วนเย็น (16:00-18:59),อังคาร,winter,9,2.0,4.0,9.0,1.125,1.6875,ปานกลาง
ระยอง,เร่งด่วนเย็น (16:00-18:59),อาทิตย์,rainy,10,0.0,10.0,10.0,1.25,1.875,ปานกลาง
ระยอง,เร่งด่วนเย็น (16:00-18:59),อาทิตย์,summer,7,2.0,14.0,12.0,0.875,1.625,ต่ำ
ระยอง,เร่งด่วนเย็น (16:00-18:59),อาทิตย์,winter,10,1.0,17.0,24.0,1.25,2.75,ปานกลาง
ระยอง,เร่งด่วนเย็น (16:00-18:59),เสาร์,rainy,14,4.0,4.0,16.0,1.75,2.75,ปานกลาง
ระยอง,เร่งด่วนเย็น (16:00-18:59),เสาร์,summer,9,4.0,9.0,23.0,1.125,2.5625,ปานกลาง
ระยอง,เร่งด่วนเย็น (16:00-18:59),เสาร์,winter,16,2.0,20.0,31.0,2.0,3.9375,สูง
ราชบุรี,กลางดึก (00:00-05:59),จันทร์,rainy,9,5.0,18.0,40.0,1.125,3.625,สูง
ราชบุรี,กลางดึก (00:00-05:59),จันทร์,summer,4,3.0,5.0,14.0,0.5,1.375,ต่ำ
ราชบุรี,กลางดึก (00:00-05:59),จันทร์,winter,10,1.0,5.0,7.0,1.25,1.6875,ปานกลาง
ราชบุรี,กลางดึก (00:00-05:59),พฤหัสบดี,rainy,9,5.0,10.0,24.0,1.125,2.625,ปานกลาง
ราชบุรี,กลางดึก (00:00-05:59),พฤหัสบดี,summer,7,4.0,2.0,16.0,0.875,1.875,ปานกลาง
ราชบุรี,กลางดึก (00:00-05:59),พฤหัสบดี,winter,11,2.0,5.0,10.0,1.375,2.0,ปานกลาง
ราชบุรี,กลางดึก (00:00-05:59),พุธ,rainy,5,0.0,2.0,2.0,0.625,0.75,ต่ำ
ราชบุรี,กลางดึก (00:00-05:59),พุธ,summer,15,2.0,9.0,16.0,1.875,2.875,ปานกลาง
ราชบุรี,กลางดึก (00:00-05:59),พุธ,winter,14,3.0,9.0,18.0,1.75,2.875,ปานกลาง
ราชบุรี,กลางดึก (00:00-05:59),ศุกร์,rainy,5,1.0,6.0,10.0,0.625,1.25,ต่ำ
ราชบุรี,กลางดึก (00:00-05:59),ศุกร์,summer,8,0.0,10.0,9.0,1.0,1.5625,ต่ำ
ราชบุรี,กลางดึก (00:00-05:59),ศุกร์,winter,11,1.0,8.0,11.0,1.375,2.0625,ปานกลาง
ราชบุรี,กลางดึก (00:00-05:59),อังคาร,rainy,7,3.0,1.0,11.0,0.875,1.5625,ต่ำ
ราชบุรี,กลางดึก (00:00-05:59),อังคาร,summer,2,1.0,5.0,7.0,0.25,0.6875,ต่ำ
ราชบุรี,กลางดึก (00:00-05:59),อังคาร,winter,8,5.0,4.0,18.0,1.0,2.125,ปานกลาง
ราชบุรี,กลางดึก (00:00-05:59),อาทิตย์,rainy,13,2.0,9.0,20.0,1.625,2.875,ปานกลาง
ราชบุรี,กลางดึก (00:00-05:59),อาทิตย์,summer,6,3.0,5.0,18.0,0.75,1.875,ปานกลาง
ราชบุรี,กลางดึก (00:00-05:59),อาทิตย์,winter,18,2.0,15.0,26.0,2.25,3.875,สูง
ราชบุรี,กลางดึก (00:00-05:59),เสาร์,rainy,14,5.0,8.0,23.0,1.75,3.1875,สูง
ราชบุรี,กลางดึก (00:00-05:59),เสาร์,summer,6,0.0,1.0,1.0,0.75,0.8125,ต่ำ
ราชบุรี,กลางดึก (00:00-05:59),เสาร์,winter,16,3.0,18.0,20.0,2.0,3.25,สูง
ราชบุรี,กลางวัน (09:00-15:59),จันทร์,rainy,22,4.0,19.0,34.0,2.75,4.875,สูง
ราชบุรี,กลางวัน (09:00-15:59),จันทร์,summer,12,3.0,14.0,24.0,1.5,3.0,สูง
ราชบุรี,กลางวัน (09:00-15:59),จันทร์,winter,19,1.0,14.0,18.0,2.375,3.5,สูง
ราชบุรี,กลางวัน (09:00-15:59),พฤหัสบดี,rainy,27,3.0,19.0,33.0,3.375,5.4375,สูงมาก
ราชบุรี,กลางวัน (09:00-15:59),พฤหัสบดี,summer,18,3.0,12.0,25.0,2.25,3.8125,สูง
ราชบุรี,กลางวัน (09:00-15:59),พฤหัสบดี,winter,19,3.0,14.0,25.0,2.375,3.9375,สูง
ราชบุรี,กลางวัน (09:00-15:59),พุธ,rainy,24,7.0,38.0,73.0,3.0,7.5625,สูงมาก
ราชบุรี,กลางวัน (09:00-15:59),พุธ,summer,10,3.0,13.0,25.0,1.25,2.8125,ปานกลาง
ราชบุรี,กลางวัน (09:00-15:59),พุธ,winter,19,2.0,26.0,34.0,2.375,4.5,สูง
ราชบุรี,กลางวัน (09:00-15:59),ศุกร์,rainy,20,6.0,14.0,27.0,2.5,4.1875,สูง
ราชบุรี,กลางวัน (09:00-15:59),ศุกร์,summer,21,4.0,21.0,36.0,2.625,4.875,สูง
ราชบุรี,กลางวัน (09:00-15:59),ศุกร์,winter,18,2.0,16.0,22.0,2.25,3.625,สูง
ราชบุรี,กลางวัน (09:00-15:59),อังคาร,rainy,20,5.0,12.0,29.0,2.5,4.3125,สูง
ราชบุรี,กลางวัน (09:00-15:59),อังคาร,summer,13,1.0,10.0,14.0,1.625,2.5,ปานกลาง
ราชบุรี,กลางวัน (09:00-15:59),อังคาร,winter,27,6.0,42.0,59.0,3.375,7.0625,สูงมาก
ราชบุรี,กลางวัน (09:00-15:59),อาทิตย์,rainy,16,1.0,15.0,19.0,2.0,3.1875,สูง
ราชบุรี,กลางวัน (09:00-15:59),อาทิตย์,summer,11,1.0,14.0,20.0,1.375,2.625,ปานกลาง
ราชบุรี,กลางวัน (09:00-15:59),อาทิตย์,winter,13,1.0,8.0,7.0,1.625,2.0625,ปานกลาง
ราชบุรี,กลางวัน (09:00-15:59),เสาร์,rainy,10,0.0,7.0,8.0,1.25,1.75,ปานกลาง
ราชบุรี,กลางวัน (09:00-15:59),เสาร์,summer,27,7.0,38.0,66.0,3.375,7.5,สูงมาก
ราชบุรี,กลางวัน (09:00-15:59),เสาร์,winter,25,3.0,20.0,31.0,3.125,5.0625,สูง
ราชบุรี,หัวค่ำ-ดึก (19:00-23:59),จันทร์,rainy,7,2.0,5.0,11.0,0.875,1.5625,ต่ำ
ราชบุรี,หัวค่ำ-ดึก (19:00-23:59),จันทร์,summer,10,2.0,4.0,11.0,1.25,1.9375,ปานกลาง
ราชบุรี,หัวค่ำ-ดึก (19:00-23:59),จันทร์,winter,17,2.0,17.0,23.0,2.125,3.5625,สูง
ราชบุรี,หัวค่ำ-ดึก (19:00-23:59),พฤหัสบดี,rainy,10,3.0,6.0,15.0,1.25,2.1875,ปานกลาง
ราชบุรี,หัวค่ำ-ดึก (19:00-23:59),พฤหัสบดี,summer,11,0.0,10.0,18.0,1.375,2.5,ปานกลาง
ราชบุรี,หัวค่ำ-ดึก (19:00-23:59),พฤหัสบดี,winter,9,4.0,12.0,26.0,1.125,2.75,ปานกลาง
ราชบุรี,หัวค่ำ-ดึก (19:00-23:59),พุธ,rainy,7,4.0,3.0,17.0,0.875,1.9375,ปานกลาง
ราชบุรี,หัวค่ำ-ดึก (19:00-23:59),พุธ,summer,4,0.0,0.0,0.0,0.5,0.5,ต่ำ
ราชบุรี,หัวค่ำ-ดึก (19:00-23:59),พุธ,winter,16,11.0,11.0,43.0,2.0,4.6875,สูง
ราชบุรี,หัวค่ำ-ดึก (19:00-23:59),ศุกร์,rainy,2,1.0,1.0,3.0,0.25,0.4375,ต่ำ
ราชบุรี,หัวค่ำ-ดึก (19:00-23:59),ศุกร์,summer,7,2.0,4.0,13.0,0.875,1.6875,ปานกลาง
ราชบุรี,หัวค่ำ-ดึก (19:00-23:59),ศุกร์,winter,10,0.0,9.0,13.0,1.25,2.0625,ปานกลาง
ราชบุรี,หัวค่ำ-ดึก (19:00-23:59),อังคาร,rainy,9,0.0,3.0,6.0,1.125,1.5,ต่ำ
ราชบุรี,หัวค่ำ-ดึก (19:00-23:59),อังคาร,summer,10,2.0,17.0,13.0,1.25,2.0625,ปานกลาง
ราชบุรี,หัวค่ำ-ดึก (19:00-23:59),อังคาร,winter,13,3.0,17.0,26.0,1.625,3.25,สูง
ราชบุรี,หัวค่ำ-ดึก (19:00-23:59),อาทิตย์,rainy,8,3.0,4.0,13.0,1.0,1.8125,ปานกลาง
ราชบุรี,หัวค่ำ-ดึก (19:00-23:59),อาทิตย์,summer,9,2.0,11.0,20.0,1.125,2.375,ปานกลาง
ราชบุรี,หัวค่ำ-ดึก (19:00-23:59),อาทิตย์,winter,8,4.0,7.0,20.0,1.0,2.25,ปานกลาง
ราชบุรี,หัวค่ำ-ดึก (19:00-23:59),เสาร์,rainy,9,5.0,14.0,28.0,1.125,2.875,ปานกลาง
ราชบุรี,หัวค่ำ-ดึก (19:00-23:59),เสาร์,summer,11,2.0,6.0,15.0,1.375,2.3125,ปานกลาง
ราชบุรี,หัวค่ำ-ดึก (19:00-23:59),เสาร์,winter,16,5.0,18.0,36.0,2.0,4.25,สูง
ราชบุรี,เร่งด่วนเช้า (06:00-08:59),จันทร์,rainy,7,0.0,3.0,3.0,0.875,1.0625,ต่ำ
ราชบุรี,เร่งด่วนเช้า (06:00-08:59),จันทร์,summer,10,2.0,11.0,18.0,1.25,2.375,ปานกลาง
ราชบุรี,เร่งด่วนเช้า (06:00-08:59),จันทร์,winter,12,6.0,5.0,25.0,1.5,3.0625,สูง
ราชบุรี,เร่งด่วนเช้า (06:00-08:59),พฤหัสบดี,rainy,5,2.0,6.0,15.0,0.625,1.5625,ต่ำ
ราชบุรี,เร่งด่วนเช้า (06:00-08:59),พฤหัสบดี,summer,10,1.0,8.0,14.0,1.25,2.125,ปานกลาง
ราชบุรี,เร่งด่วนเช้า (06:00-08:59),พฤหัสบดี,winter,5,2.0,5.0,13.0,0.625,1.4375,ต่ำ
ราชบุรี,เร่งด่วนเช้า (06:00-08:59),พุธ,rainy,4,2.0,2.0,10.0,0.5,1.125,ต่ำ
ราชบุรี,เร่งด่วนเช้า (06:00-08:59),พุธ,summer,3,0.0,8.0,11.0,0.375,1.0625,ต่ำ
ราชบุรี,เร่งด่วนเช้า (06:00-08:59),พุธ,winter,6,3.0,3.0,10.0,0.75,1.375,ต่ำ
ราชบุรี,เร่งด่วนเช้า (06:00-08:59),ศุกร์,rainy,8,4.0,3.0,17.0,1.0,2.0625,ปานกลาง
ราชบุรี,เร่งด่วนเช้า (06:00-08:59),ศุกร์,summer,6,1.0,4.0,8.0,0.75,1.25,ต่ำ
ราชบุรี,เร่งด่วนเช้า (06:00-08:59),ศุกร์,winter,5,2.0,6.0,14.0,0.625,1.5,ต่ำ
ราชบุรี,เร่งด่วนเช้า (06:00-08:59),อังคาร,rainy,11,2.0,3.0,9.0,1.375,1.9375,ปานกลาง
ราชบุรี,เร่งด่วนเช้า (06:00-08:59),อังคาร,summer,4,0.0,3.0,2.0,0.5,0.625,ต่ำ
ราชบุรี,เร่งด่วนเช้า (06:00-08:59),อังคาร,winter,11,2.0,19.0,26.0,1.375,3.0,สูง
ราชบุรี,เร่งด่วนเช้า (06:00-08:59),อาทิตย์,rainy,5,0.0,5.0,5.0,0.625,0.9375,ต่ำ
ราชบุรี,เร่งด่วนเช้า (06:00-08:59),อาทิตย์,summer,6,1.0,6.0,7.0,0.75,1.1875,ต่ำ
ราชบุรี,เร่งด่วนเช้า (06:00-08:59),อาทิตย์,winter,9,4.0,7.0,20.0,1.125,2.375,ปานกลาง
ราชบุรี,เร่งด่วนเช้า (06:00-08:59),เสาร์,rainy,9,1.0,2.0,7.0,1.125,1.5625,ต่ำ
ราชบุรี,เร่งด่วนเช้า (06:00-08:59),เสาร์,summer,8,0.0,9.0,8.0,1.0,1.5,ต่ำ
ราชบุรี,เร่งด่วนเช้า (06:00-08:59),เสาร์,winter,13,5.0,4.0,21.0,1.625,2.9375,ปานกลาง
ราชบุรี,เร่งด่วนเย็น (16:00-18:59),จันทร์,rainy,10,4.0,6.0,15.0,1.25,2.1875,ปานกลาง
ราชบุรี,เร่งด่วนเย็น (16:00-18:59),จันทร์,summer,4,1.0,2.0,6.0,0.5,0.875,ต่ำ
ราชบุรี,เร่งด่วนเย็น (16:00-18:59),จันทร์,winter,8,4.0,5.0,15.0,1.0,1.9375,ปานกลาง
ราชบุรี,เร่งด่วนเย็น (16:00-18:59),พฤหัสบดี,rainy,7,2.0,9.0,14.0,0.875,1.75,ปานกลาง
ราชบุรี,เร่งด่วนเย็น (16:00-18:59),พฤหัสบดี,summer,4,1.0,3.0,6.0,0.5,0.875,ต่ำ
ราชบุรี,เร่งด่วนเย็น (16:00-18:59),พฤหัสบดี,winter,12,2.0,8.0,15.0,1.5,2.4375,ปานกลาง
ราชบุรี,เร่งด่วนเย็น (16:00-18:59),พุธ,rainy,8,0.0,5.0,2.0,1.0,1.125,ต่ำ
ราชบุรี,เร่งด่วนเย็น (16:00-18:59),พุธ,summer,3,0.0,5.0,6.0,0.375,0.75,ต่ำ
ราชบุรี,เร่งด่วนเย็น (16:00-18:59),พุธ,winter,12,1.0,11.0,14.0,1.5,2.375,ปานกลาง
ราชบุรี,เร่งด่วนเย็น (16:00-18:59),ศุกร์,rainy,6,0.0,4.0,5.0,0.75,1.0625,ต่ำ
ราชบุรี,เร่งด่วนเย็น (16:00-18:59),ศุกร์,summer,8,1.0,5.0,8.0,1.0,1.5,ต่ำ
ราชบุรี,เร่งด่วนเย็น (16:00-18:59),ศุกร์,winter,6,1.0,4.0,7.0,0.75,1.1875,ต่ำ
ราชบุรี,เร่งด่วนเย็น (16:00-18:59),อังคาร,rainy,4,1.0,0.0,3.0,0.5,0.6875,ต่ำ
ราชบุรี,เร่งด่วนเย็น (16:00-18:59),อังคาร,summer,8,1.0,9.0,12.0,1.0,1.75,ปานกลาง
ราชบุรี,เร่งด่วนเย็น (16:00-18:59),อังคาร,winter,5,0.0,4.0,7.0,0.625,1.0625,ต่ำ
ราชบุรี,เร่งด่วนเย็น (16:00-18:59),อาทิตย์,rainy,6,0.0,3.0,1.0,0.75,0.8125,ต่ำ
ราชบุรี,เร่งด่วนเย็น (16:00-18:59),อาทิตย์,summer,10,5.0,15.0,34.0,1.25,3.375,สูง
ราชบุรี,เร่งด่วนเย็น (16:00-18:59),อาทิตย์,winter,8,2.0,4.0,12.0,1.0,1.75,ปานกลาง
ราชบุรี,เร่งด่วนเย็น (16:00-18:59),เสาร์,rainy,3,1.0,0.0,3.0,0.375,0.5625,ต่ำ
ราชบุรี,เร่งด่วนเย็น (16:00-18:59),เสาร์,summer,5,2.0,2.0,8.0,0.625,1.125,ต่ำ
ราชบุรี,เร่งด่วนเย็น (16:00-18:59),เสาร์,winter,7,1.0,9.0,15.0,0.875,1.8125,ปานกลาง
ร้อยเอ็ด,กลางดึก (00:00-05:59),จันทร์,rainy,11,2.0,6.0,10.0,1.375,2.0,ปานกลาง
ร้อยเอ็ด,กลางดึก (00:00-05:59),จันทร์,summer,10,1.0,7.0,11.0,1.25,1.9375,ปานกลาง
ร้อยเอ็ด,กลางดึก (00:00-05:59),จันทร์,winter,10,2.0,14.0,18.0,1.25,2.375,ปานกลาง
ร้อยเอ็ด,กลางดึก (00:00-05:59),พฤหัสบดี,rainy,19,2.0,14.0,23.0,2.375,3.8125,สูง
ร้อยเอ็ด,กลางดึก (00:00-05:59),พฤหัสบดี,summer,10,1.0,12.0,15.0,1.25,2.1875,ปานกลาง
ร้อยเอ็ด,กลางดึก (00:00-05:59),พฤหัสบดี,winter,21,13.0,14.0,53.0,2.625,5.9375,สูงมาก
ร้อยเอ็ด,กลางดึก (00:00-05:59),พุธ,rainy,18,7.0,12.0,34.0,2.25,4.375,สูง
ร้อยเอ็ด,กลางดึก (00:00-05:59),พุธ,summer,8,4.0,5.0,12.0,1.0,1.75,ปานกลาง
ร้อยเอ็ด,กลางดึก (00:00-05:59),พุธ,winter,11,3.0,12.0,17.0,1.375,2.4375,ปานกลาง
ร้อยเอ็ด,กลางดึก (00:00-05:59),ศุกร์,rainy,12,1.0,28.0,32.0,1.5,3.5,สูง
ร้อยเอ็ด,กลางดึก (00:00-05:59),ศุกร์,summer,16,3.0,11.0,20.0,2.0,3.25,สูง
ร้อยเอ็ด,กลางดึก (00:00-05:59),ศุกร์,winter,22,4.0,11.0,23.0,2.75,4.1875,สูง
ร้อยเอ็ด,กลางดึก (00:00-05:59),อังคาร,rainy,19,2.0,25.0,30.0,2.375,4.25,สูง
ร้อยเอ็ด,กลางดึก (00:00-05:59),อังคาร,summer,8,2.0,11.0,8.0,1.0,1.5,ต่ำ
ร้อยเอ็ด,กลางดึก (00:00-05:59),อังคาร,winter,13,1.0,13.0,13.0,1.625,2.4375,ปานกลาง
ร้อยเอ็ด,กลางดึก (00:00-05:59),อาทิตย์,rainy,18,0.0,16.0,10.0,2.25,2.875,ปานกลาง
ร้อยเอ็ด,กลางดึก (00:00-05:59),อาทิตย์,summer,18,3.0,22.0,26.0,2.25,3.875,สูง
ร้อยเอ็ด,กลางดึก (00:00-05:59),อาทิตย์,winter,27,8.0,24.0,50.0,3.375,6.5,สูงมาก
ร้อยเอ็ด,กลางดึก (00:00-05:59),เสาร์,rainy,22,0.0,21.0,18.0,2.75,3.875,สูง
ร้อยเอ็ด,กลางดึก (00:00-05:59),เสาร์,summer,13,2.0,10.0,14.0,1.625,2.5,ปานกลาง
ร้อยเอ็ด,กลางดึก (00:00-05:59),เสาร์,winter,21,4.0,25.0,41.0,2.625,5.1875,สูงมาก
ร้อยเอ็ด,กลางวัน (09:00-15:59),จันทร์,rainy,25,9.0,27.0,50.0,3.125,6.25,สูงมาก
ร้อยเอ็ด,กลางวัน (09:00-15:59),จันทร์,summer,26,10.0,34.0,66.0,3.25,7.375,สูงมาก
ร้อยเอ็ด,กลางวัน (09:00-15:59),จันทร์,winter,28,2.0,19.0,25.0,3.5,5.0625,สูง
ร้อยเอ็ด,กลางวัน (09:00-15:59),พฤหัสบดี,rainy,16,2.0,4.0,10.0,2.0,2.625,ปานกลาง
ร้อยเอ็ด,กลางวัน (09:00-15:59),พฤหัสบดี,summer,16,2.0,21.0,26.0,2.0,3.625,สูง
ร้อยเอ็ด,กลางวัน (09:00-15:59),พฤหัสบดี,winter,26,10.0,34.0,49.0,3.25,6.3125,สูงมาก
ร้อยเอ็ด,กลางวัน (09:00-15:59),พุธ,rainy,14,2.0,17.0,26.0,1.75,3.375,สูง
ร้อยเอ็ด,กลางวัน (09:00-15:59),พุธ,summer,18,3.0,17.0,27.0,2.25,3.9375,สูง
ร้อยเอ็ด,กลางวัน (09:00-15:59),พุธ,winter,20,5.0,11.0,27.0,2.5,4.1875,สูง
ร้อยเอ็ด,กลางวัน (09:00-15:59),ศุกร์,rainy,20,3.0,16.0,27.0,2.5,4.1875,สูง
ร้อยเอ็ด,กลางวัน (09:00-15:59),ศุกร์,summer,15,4.0,13.0,27.0,1.875,3.5625,สูง
ร้อยเอ็ด,กลางวัน (09:00-15:59),ศุกร์,winter,27,7.0,22.0,40.0,3.375,5.875,สูงมาก
ร้อยเอ็ด,กลางวัน (09:00-15:59),อังคาร,rainy,23,4.0,24.0,37.0,2.875,5.1875,สูงมาก
ร้อยเอ็ด,กลางวัน (09:00-15:59),อังคาร,summer,18,2.0,16.0,17.0,2.25,3.3125,สูง
ร้อยเอ็ด,กลางวัน (09:00-15:59),อังคาร,winter,20,2.0,39.0,47.0,2.5,5.4375,สูงมาก
ร้อยเอ็ด,กลางวัน (09:00-15:59),อาทิตย์,rainy,28,10.0,26.0,60.0,3.5,7.25,สูงมาก
ร้อยเอ็ด,กลางวัน (09:00-15:59),อาทิตย์,summer,22,6.0,35.0,45.0,2.75,5.5625,สูงมาก
ร้อยเอ็ด,กลางวัน (09:00-15:59),อาทิตย์,winter,22,1.0,25.0,36.0,2.75,5.0,สูง
ร้อยเอ็ด,กลางวัน (09:00-15:59),เสาร์,rainy,21,7.0,29.0,49.0,2.625,5.6875,สูงมาก
ร้อยเอ็ด,กลางวัน (09:00-15:59),เสาร์,summer,19,4.0,17.0,27.0,2.375,4.0625,สูง
ร้อยเอ็ด,กลางวัน (09:00-15:59),เสาร์,winter,21,4.0,22.0,28.0,2.625,4.375,สูง
ร้อยเอ็ด,หัวค่ำ-ดึก (19:00-23:59),จันทร์,rainy,14,4.0,9.0,21.0,1.75,3.0625,สูง
ร้อยเอ็ด,หัวค่ำ-ดึก (19:00-23:59),จันทร์,summer,16,4.0,17.0,28.0,2.0,3.75,สูง
ร้อยเอ็ด,หัวค่ำ-ดึก (19:00-23:59),จันทร์,winter,18,4.0,22.0,34.0,2.25,4.375,สูง
ร้อยเอ็ด,หัวค่ำ-ดึก (19:00-23:59),พฤหัสบดี,rainy,25,5.0,17.0,30.0,3.125,5.0,สูง
ร้อยเอ็ด,หัวค่ำ-ดึก (19:00-23:59),พฤหัสบดี,summer,15,3.0,11.0,19.0,1.875,3.0625,สูง
ร้อยเอ็ด,หัวค่ำ-ดึก (19:00-23:59),พฤหัสบดี,winter,22,7.0,27.0,45.0,2.75,5.5625,สูงมาก
ร้อยเอ็ด,หัวค่ำ-ดึก (19:00-23:59),พุธ,rainy,11,2.0,13.0,19.0,1.375,2.5625,ปานกลาง
ร้อยเอ็ด,หัวค่ำ-ดึก (19:00-23:59),พุธ,summer,16,4.0,12.0,23.0,2.0,3.4375,สูง
ร้อยเอ็ด,หัวค่ำ-ดึก (19:00-23:59),พุธ,winter,20,9.0,24.0,55.0,2.5,5.9375,สูงมาก
ร้อยเอ็ด,หัวค่ำ-ดึก (19:00-23:59),ศุกร์,rainy,17,2.0,16.0,25.0,2.125,3.6875,สูง
ร้อยเอ็ด,หัวค่ำ-ดึก (19:00-23:59),ศุกร์,summer,14,7.0,17.0,39.0,1.75,4.1875,สูง
ร้อยเอ็ด,หัวค่ำ-ดึก (19:00-23:59),ศุกร์,winter,18,7.0,17.0,33.0,2.25,4.3125,สูง
ร้อยเอ็ด,หัวค่ำ-ดึก (19:00-23:59),อังคาร,rainy,13,8.0,5.0,31.0,1.625,3.5625,สูง
ร้อยเอ็ด,หัวค่ำ-ดึก (19:00-23:59),อังคาร,summer,20,3.0,18.0,27.0,2.5,4.1875,สูง
ร้อยเอ็ด,หัวค่ำ-ดึก (19:00-23:59),อังคาร,winter,19,5.0,25.0,38.0,2.375,4.75,สูง
ร้อยเอ็ด,หัวค่ำ-ดึก (19:00-23:59),อาทิตย์,rainy,11,1.0,16.0,19.0,1.375,2.5625,ปานกลาง
ร้อยเอ็ด,หัวค่ำ-ดึก (19:00-23:59),อาทิตย์,summer,9,1.0,11.0,19.0,1.125,2.3125,ปานกลาง
ร้อยเอ็ด,หัวค่ำ-ดึก (19:00-23:59),อาทิตย์,winter,17,4.0,23.0,41.0,2.125,4.6875,สูง
ร้อยเอ็ด,หัวค่ำ-ดึก (19:00-23:59),เสาร์,rainy,8,1.0,5.0,10.0,1.0,1.625,ต่ำ
ร้อยเอ็ด,หัวค่ำ-ดึก (19:00-23:59),เสาร์,summer,17,5.0,19.0,34.0,2.125,4.25,สูง
ร้อยเอ็ด,หัวค่ำ-ดึก (19:00-23:59),เสาร์,winter,14,5.0,21.0,28.0,1.75,3.5,สูง
ร้อยเอ็ด,เร่งด่วนเช้า (06:00-08:59),จันทร์,rainy,6,0.0,4.0,4.0,0.75,1.0,ต่ำ
ร้อยเอ็ด,เร่งด่วนเช้า (06:00-08:59),จันทร์,summer,9,2.0,14.0,14.0,1.125,2.0,ปานกลาง
ร้อยเอ็ด,เร่งด่วนเช้า (06:00-08:59),จันทร์,winter,5,1.0,22.0,28.0,0.625,2.375,ปานกลาง
ร้อยเอ็ด,เร่งด่วนเช้า (06:00-08:59),พฤหัสบดี,rainy,9,1.0,12.0,15.0,1.125,2.0625,ปานกลาง
ร้อยเอ็ด,เร่งด่วนเช้า (06:00-08:59),พฤหัสบดี,summer,8,0.0,17.0,16.0,1.0,2.0,ปานกลาง
ร้อยเอ็ด,เร่งด่วนเช้า (06:00-08:59),พฤหัสบดี,winter,6,2.0,13.0,21.0,0.75,2.0625,ปานกลาง
ร้อยเอ็ด,เร่งด่วนเช้า (06:00-08:59),พุธ,rainy,9,1.0,4.0,7.0,1.125,1.5625,ต่ำ
ร้อยเอ็ด,เร่งด่วนเช้า (06:00-08:59),พุธ,summer,9,2.0,11.0,17.0,1.125,2.1875,ปานกลาง
ร้อยเอ็ด,เร่งด่วนเช้า (06:00-08:59),พุธ,winter,9,5.0,15.0,20.0,1.125,2.375,ปานกลาง
ร้อยเอ็ด,เร่งด่วนเช้า (06:00-08:59),ศุกร์,rainy,6,2.0,1.0,7.0,0.75,1.1875,ต่ำ
ร้อยเอ็ด,เร่งด่วนเช้า (06:00-08:59),ศุกร์,summer,5,0.0,8.0,9.0,0.625,1.1875,ต่ำ
ร้อยเอ็ด,เร่งด่วนเช้า (06:00-08:59),ศุกร์,winter,11,2.0,30.0,40.0,1.375,3.875,สูง
ร้อยเอ็ด,เร่งด่วนเช้า (06:00-08:59),อังคาร,rainy,4,1.0,5.0,8.0,0.5,1.0,ต่ำ
ร้อยเอ็ด,เร่งด่วนเช้า (06:00-08:59),อังคาร,summer,6,0.0,1.0,1.0,0.75,0.8125,ต่ำ
ร้อยเอ็ด,เร่งด่วนเช้า (06:00-08:59),อังคาร,winter,7,3.0,5.0,16.0,0.875,1.875,ปานกลาง
ร้อยเอ็ด,เร่งด่วนเช้า (06:00-08:59),อาทิตย์,rainy,7,1.0,24.0,30.0,0.875,2.75,ปานกลาง
ร้อยเอ็ด,เร่งด่วนเช้า (06:00-08:59),อาทิตย์,summer,7,2.0,17.0,9.0,0.875,1.4375,ต่ำ
ร้อยเอ็ด,เร่งด่วนเช้า (06:00-08:59),อาทิตย์,winter,7,0.0,16.0,16.0,0.875,1.875,ปานกลาง
ร้อยเอ็ด,เร่งด่วนเช้า (06:00-08:59),เสาร์,rainy,5,1.0,4.0,10.0,0.625,1.25,ต่ำ
ร้อยเอ็ด,เร่งด่วนเช้า (06:00-08:59),เสาร์,summer,2,0.0,4.0,1.0,0.25,0.3125,ต่ำ
ร้อยเอ็ด,เร่งด่วนเช้า (06:00-08:59),เสาร์,winter,12,1.0,14.0,18.0,1.5,2.625,ปานกลาง
ร้อยเอ็ด,เร่งด่วนเย็น (16:00-18:59),จันทร์,rainy,11,2.0,13.0,19.0,1.375,2.5625,ปานกลาง
ร้อยเอ็ด,เร่งด่วนเย็น (16:00-18:59),จันทร์,summer,6,1.0,8.0,6.0,0.75,1.125,ต่ำ
ร้อยเอ็ด,เร่งด่วนเย็น (16:00-18:59),จันทร์,winter,19,6.0,59.0,87.0,2.375,7.8125,สูงมาก
ร้อยเอ็ด,เร่งด่วนเย็น (16:00-18:59),พฤหัสบดี,rainy,10,1.0,21.0,20.0,1.25,2.5,ปานกลาง
ร้อยเอ็ด,เร่งด่วนเย็น (16:00-18:59),พฤหัสบดี,summer,6,1.0,9.0,9.0,0.75,1.3125,ต่ำ
ร้อยเอ็ด,เร่งด่วนเย็น (16:00-18:59),พฤหัสบดี,winter,10,2.0,9.0,16.0,1.25,2.25,ปานกลาง
ร้อยเอ็ด,เร่งด่วนเย็น (16:00-18:59),พุธ,rainy,6,5.0,3.0,21.0,0.75,2.0625,ปานกลาง
ร้อยเอ็ด,เร่งด่วนเย็น (16:00-18:59),พุธ,summer,15,1.0,13.0,18.0,1.875,3.0,สูง
ร้อยเอ็ด,เร่งด่วนเย็น (16:00-18:59),พุธ,winter,14,1.0,18.0,25.0,1.75,3.3125,สูง
ร้อยเอ็ด,เร่งด่วนเย็น (16:00-18:59),ศุกร์,rainy,11,1.0,12.0,15.0,1.375,2.3125,ปานกลาง
ร้อยเอ็ด,เร่งด่วนเย็น (16:00-18:59),ศุกร์,summer,10,3.0,8.0,13.0,1.25,2.0625,ปานกลาง
ร้อยเอ็ด,เร่งด่วนเย็น (16:00-18:59),ศุกร์,winter,15,1.0,20.0,16.0,1.875,2.875,ปานกลาง
ร้อยเอ็ด,เร่งด่วนเย็น (16:00-18:59),อังคาร,rainy,9,3.0,6.0,14.0,1.125,2.0,ปานกลาง
ร้อยเอ็ด,เร่งด่วนเย็น (16:00-18:59),อังคาร,summer,11,4.0,7.0,20.0,1.375,2.625,ปานกลาง
ร้อยเอ็ด,เร่งด่วนเย็น (16:00-18:59),อังคาร,winter,14,8.0,15.0,42.0,1.75,4.375,สูง
ร้อยเอ็ด,เร่งด่วนเย็น (16:00-18:59),อาทิตย์,rainy,5,2.0,4.0,11.0,0.625,1.3125,ต่ำ
ร้อยเอ็ด,เร่งด่วนเย็น (16:00-18:59),อาทิตย์,summer,12,2.0,14.0,19.0,1.5,2.6875,ปานกลาง
ร้อยเอ็ด,เร่งด่วนเย็น (16:00-18:59),อาทิตย์,winter,12,6.0,15.0,38.0,1.5,3.875,สูง
ร้อยเอ็ด,เร่งด่วนเย็น (16:00-18:59),เสาร์,rainy,9,1.0,10.0,14.0,1.125,2.0,ปานกลาง
ร้อยเอ็ด,เร่งด่วนเย็น (16:00-18:59),เสาร์,summer,6,0.0,9.0,6.0,0.75,1.125,ต่ำ
ร้อยเอ็ด,เร่งด่วนเย็น (16:00-18:59),เสาร์,winter,20,9.0,31.0,51.0,2.5,5.6875,สูงมาก
ลพบุรี,กลางดึก (00:00-05:59),จันทร์,rainy,34,3.0,30.0,40.0,4.25,6.75,สูงมาก
ลพบุรี,กลางดึก (00:00-05:59),จันทร์,summer,22,4.0,24.0,37.0,2.75,5.0625,สูง
ลพบุรี,กลางดึก (00:00-05:59),จันทร์,winter,19,1.0,17.0,18.0,2.375,3.5,สูง
ลพบุรี,กลางดึก (00:00-05:59),พฤหัสบดี,rainy,26,6.0,9.0,27.0,3.25,4.9375,สูง
ลพบุรี,กลางดึก (00:00-05:59),พฤหัสบดี,summer,25,7.0,29.0,55.0,3.125,6.5625,สูงมาก
ลพบุรี,กลางดึก (00:00-05:59),พฤหัสบดี,winter,31,5.0,32.0,53.0,3.875,7.1875,สูงมาก
ลพบุรี,กลางดึก (00:00-05:59),พุธ,rainy,15,2.0,15.0,23.0,1.875,3.3125,สูง
ลพบุรี,กลางดึก (00:00-05:59),พุธ,summer,24,3.0,34.0,39.0,3.0,5.4375,สูงมาก
ลพบุรี,กลางดึก (00:00-05:59),พุธ,winter,31,5.0,42.0,66.0,3.875,8.0,สูงมาก
ลพบุรี,กลางดึก (00:00-05:59),ศุกร์,rainy,27,7.0,21.0,41.0,3.375,5.9375,สูงมาก
ลพบุรี,กลางดึก (00:00-05:59),ศุกร์,summer,24,11.0,23.0,45.0,3.0,5.8125,สูงมาก
ลพบุรี,กลางดึก (00:00-05:59),ศุกร์,winter,18,5.0,13.0,32.0,2.25,4.25,สูง
ลพบุรี,กลางดึก (00:00-05:59),อังคาร,rainy,22,3.0,16.0,24.0,2.75,4.25,สูง
ลพบุรี,กลางดึก (00:00-05:59),อังคาร,summer,21,1.0,15.0,16.0,2.625,3.625,สูง
ลพบุรี,กลางดึก (00:00-05:59),อังคาร,winter,30,3.0,16.0,21.0,3.75,5.0625,สูงมาก
ลพบุรี,กลางดึก (00:00-05:59),อาทิตย์,rainy,24,3.0,8.0,21.0,3.0,4.3125,สูง
ลพบุรี,กลางดึก (00:00-05:59),อาทิตย์,summer,22,6.0,8.0,25.0,2.75,4.3125,สูง
ลพบุรี,กลางดึก (00:00-05:59),อาทิตย์,winter,29,4.0,16.0,26.0,3.625,5.25,สูงมาก
ลพบุรี,กลางดึก (00:00-05:59),เสาร์,rainy,25,0.0,14.0,14.0,3.125,4.0,สูง
ลพบุรี,กลางดึก (00:00-05:59),เสาร์,summer,20,3.0,26.0,31.0,2.5,4.4375,สูง
ลพบุรี,กลางดึก (00:00-05:59),เสาร์,winter,26,5.0,20.0,37.0,3.25,5.5625,สูงมาก
ลพบุรี,กลางวัน (09:00-15:59),จันทร์,rainy,37,2.0,28.0,35.0,4.625,6.8125,สูงมาก
ลพบุรี,กลางวัน (09:00-15:59),จันทร์,summer,46,10.0,43.0,64.0,5.75,9.75,สูงมาก
ลพบุรี,กลางวัน (09:00-15:59),จันทร์,winter,54,5.0,26.0,42.0,6.75,9.375,สูงมาก
ลพบุรี,กลางวัน (09:00-15:59),พฤหัสบดี,rainy,41,6.0,26.0,52.0,5.125,8.375,สูงมาก
ลพบุรี,กลางวัน (09:00-15:59),พฤหัสบดี,summer,28,2.0,22.0,28.0,3.5,5.25,สูงมาก
ลพบุรี,กลางวัน (09:00-15:59),พฤหัสบดี,winter,48,2.0,33.0,43.0,6.0,8.6875,สูงมาก
ลพบุรี,กลางวัน (09:00-15:59),พุธ,rainy,47,7.0,43.0,67.0,5.875,10.0625,สูงมาก
ลพบุรี,กลางวัน (09:00-15:59),พุธ,summer,36,11.0,42.0,65.0,4.5,8.5625,สูงมาก
ลพบุรี,กลางวัน (09:00-15:59),พุธ,winter,39,13.0,49.0,95.0,4.875,10.8125,สูงมาก
ลพบุรี,กลางวัน (09:00-15:59),ศุกร์,rainy,39,6.0,23.0,45.0,4.875,7.6875,สูงมาก
ลพบุรี,กลางวัน (09:00-15:59),ศุกร์,summer,37,5.0,16.0,31.0,4.625,6.5625,สูงมาก
ลพบุรี,กลางวัน (09:00-15:59),ศุกร์,winter,35,4.0,40.0,54.0,4.375,7.75,สูงมาก
ลพบุรี,กลางวัน (09:00-15:59),อังคาร,rainy,40,3.0,24.0,33.0,5.0,7.0625,สูงมาก
ลพบุรี,กลางวัน (09:00-15:59),อังคาร,summer,26,3.0,25.0,36.0,3.25,5.5,สูงมาก
ลพบุรี,กลางวัน (09:00-15:59),อังคาร,winter,33,3.0,33.0,34.0,4.125,6.25,สูงมาก
ลพบุรี,กลางวัน (09:00-15:59),อาทิตย์,rainy,35,6.0,41.0,63.0,4.375,8.3125,สูงมาก
ลพบุรี,กลางวัน (09:00-15:59),อาทิตย์,summer,21,3.0,11.0,18.0,2.625,3.75,สูง
ลพบุรี,กลางวัน (09:00-15:59),อาทิตย์,winter,31,2.0,27.0,31.0,3.875,5.8125,สูงมาก
ลพบุรี,กลางวัน (09:00-15:59),เสาร์,rainy,27,4.0,25.0,38.0,3.375,5.75,สูงมาก
ลพบุรี,กลางวัน (09:00-15:59),เสาร์,summer,31,3.0,25.0,38.0,3.875,6.25,สูงมาก
ลพบุรี,กลางวัน (09:00-15:59),เสาร์,winter,38,12.0,41.0,75.0,4.75,9.4375,สูงมาก
ลพบุรี,หัวค่ำ-ดึก (19:00-23:59),จันทร์,rainy,24,6.0,15.0,37.0,3.0,5.3125,สูงมาก
ลพบุรี,หัวค่ำ-ดึก (19:00-23:59),จันทร์,summer,23,3.0,29.0,40.0,2.875,5.375,สูงมาก
ลพบุรี,หัวค่ำ-ดึก (19:00-23:59),จันทร์,winter,27,6.0,23.0,37.0,3.375,5.6875,สูงมาก
ลพบุรี,หัวค่ำ-ดึก (19:00-23:59),พฤหัสบดี,rainy,24,5.0,15.0,31.0,3.0,4.9375,สูง
ลพบุรี,หัวค่ำ-ดึก (19:00-23:59),พฤหัสบดี,summer,24,6.0,21.0,36.0,3.0,5.25,สูงมาก
ลพบุรี,หัวค่ำ-ดึก (19:00-23:59),พฤหัสบดี,winter,32,14.0,52.0,92.0,4.0,9.75,สูงมาก
ลพบุรี,หัวค่ำ-ดึก (19:00-23:59),พุธ,rainy,21,4.0,15.0,27.0,2.625,4.3125,สูง
ลพบุรี,หัวค่ำ-ดึก (19:00-23:59),พุธ,summer,10,1.0,11.0,14.0,1.25,2.125,ปานกลาง
ลพบุรี,หัวค่ำ-ดึก (19:00-23:59),พุธ,winter,26,5.0,31.0,47.0,3.25,6.1875,สูงมาก
ลพบุรี,หัวค่ำ-ดึก (19:00-23:59),ศุกร์,rainy,24,7.0,14.0,40.0,3.0,5.5,สูงมาก
ลพบุรี,หัวค่ำ-ดึก (19:00-23:59),ศุกร์,summer,27,8.0,57.0,80.0,3.375,8.375,สูงมาก
ลพบุรี,หัวค่ำ-ดึก (19:00-23:59),ศุกร์,winter,25,6.0,24.0,41.0,3.125,5.6875,สูงมาก
ลพบุรี,หัวค่ำ-ดึก (19:00-23:59),อังคาร,rainy,30,7.0,19.0,43.0,3.75,6.4375,สูงมาก
ลพบุรี,หัวค่ำ-ดึก (19:00-23:59),อังคาร,summer,14,2.0,16.0,20.0,1.75,3.0,สูง
ลพบุรี,หัวค่ำ-ดึก (19:00-23:59),อังคาร,winter,23,7.0,16.0,38.0,2.875,5.25,สูงมาก
ลพบุรี,หัวค่ำ-ดึก (19:00-23:59),อาทิตย์,rainy,29,19.0,23.0,88.0,3.625,9.125,สูงมาก
ลพบุรี,หัวค่ำ-ดึก (19:00-23:59),อาทิตย์,summer,22,3.0,16.0,26.0,2.75,4.375,สูง
ลพบุรี,หัวค่ำ-ดึก (19:00-23:59),อาทิตย์,winter,34,6.0,15.0,36.0,4.25,6.5,สูงมาก
ลพบุรี,หัวค่ำ-ดึก (19:00-23:59),เสาร์,rainy,27,6.0,30.0,45.0,3.375,6.1875,สูงมาก
ลพบุรี,หัวค่ำ-ดึก (19:00-23:59),เสาร์,summer,21,9.0,17.0,47.0,2.625,5.5625,สูงมาก
ลพบุรี,หัวค่ำ-ดึก (19:00-23:59),เสาร์,winter,32,5.0,34.0,47.0,4.0,6.9375,สูงมาก
ลพบุรี,เร่งด่วนเช้า (06:00-08:59),จันทร์,rainy,12,2.0,7.0,14.0,1.5,2.375,ปานกลาง
ลพบุรี,เร่งด่วนเช้า (06:00-08:59),จันทร์,summer,9,1.0,9.0,10.0,1.125,1.75,ปานกลาง
ลพบุรี,เร่งด่วนเช้า (06:00-08:59),จันทร์,winter,18,2.0,21.0,30.0,2.25,4.125,สูง
ลพบุรี,เร่งด่วนเช้า (06:00-08:59),พฤหัสบดี,rainy,19,2.0,7.0,15.0,2.375,3.3125,สูง
ลพบุรี,เร่งด่วนเช้า (06:00-08:59),พฤหัสบดี,summer,7,2.0,26.0,33.0,0.875,2.9375,ปานกลาง
ลพบุรี,เร่งด่วนเช้า (06:00-08:59),พฤหัสบดี,winter,15,3.0,31.0,22.0,1.875,3.25,สูง
ลพบุรี,เร่งด่วนเช้า (06:00-08:59),พุธ,rainy,11,1.0,4.0,8.0,1.375,1.875,ปานกลาง
ลพบุรี,เร่งด่วนเช้า (06:00-08:59),พุธ,summer,8,3.0,8.0,13.0,1.0,1.8125,ปานกลาง
ลพบุรี,เร่งด่วนเช้า (06:00-08:59),พุธ,winter,20,2.0,21.0,27.0,2.5,4.1875,สูง
ลพบุรี,เร่งด่วนเช้า (06:00-08:59),ศุกร์,rainy,12,3.0,18.0,36.0,1.5,3.75,สูง
ลพบุรี,เร่งด่วนเช้า (06:00-08:59),ศุกร์,summer,11,1.0,9.0,11.0,1.375,2.0625,ปานกลาง
ลพบุรี,เร่งด่วนเช้า (06:00-08:59),ศุกร์,winter,10,3.0,7.0,17.0,1.25,2.3125,ปานกลาง
ลพบุรี,เร่งด่วนเช้า (06:00-08:59),อังคาร,rainy,16,3.0,7.0,18.0,2.0,3.125,สูง
ลพบุรี,เร่งด่วนเช้า (06:00-08:59),อังคาร,summer,9,5.0,20.0,33.0,1.125,3.1875,สูง
ลพบุรี,เร่งด่วนเช้า (06:00-08:59),อังคาร,winter,13,4.0,14.0,24.0,1.625,3.125,สูง
ลพบุรี,เร่งด่วนเช้า (06:00-08:59),อาทิตย์,rainy,13,5.0,6.0,20.0,1.625,2.875,ปานกลาง
ลพบุรี,เร่งด่วนเช้า (06:00-08:59),อาทิตย์,summer,20,3.0,20.0,35.0,2.5,4.6875,สูง
ลพบุรี,เร่งด่วนเช้า (06:00-08:59),อาทิตย์,winter,10,0.0,18.0,18.0,1.25,2.375,ปานกลาง
ลพบุรี,เร่งด่วนเช้า (06:00-08:59),เสาร์,rainy,6,1.0,14.0,25.0,0.75,2.3125,ปานกลาง
ลพบุรี,เร่งด่วนเช้า (06:00-08:59),เสาร์,summer,8,1.0,3.0,7.0,1.0,1.4375,ต่ำ
ลพบุรี,เร่งด่วนเช้า (06:00-08:59),เสาร์,winter,14,1.0,8.0,14.0,1.75,2.625,ปานกลาง
ลพบุรี,เร่งด่วนเย็น (16:00-18:59),จันทร์,rainy,14,4.0,17.0,30.0,1.75,3.625,สูง
ลพบุรี,เร่งด่วนเย็น (16:00-18:59),จันทร์,summer,13,2.0,15.0,21.0,1.625,2.9375,ปานกลาง
ลพบุรี,เร่งด่วนเย็น (16:00-18:59),จันทร์,winter,27,10.0,28.0,56.0,3.375,6.875,สูงมาก
ลพบุรี,เร่งด่วนเย็น (16:00-18:59),พฤหัสบดี,rainy,7,4.0,4.0,15.0,0.875,1.8125,ปานกลาง
ลพบุรี,เร่งด่วนเย็น (16:00-18:59),พฤหัสบดี,summer,17,6.0,53.0,76.0,2.125,6.875,สูงมาก
ลพบุรี,เร่งด่วนเย็น (16:00-18:59),พฤหัสบดี,winter,21,6.0,20.0,44.0,2.625,5.375,สูงมาก
ลพบุรี,เร่งด่วนเย็น (16:00-18:59),พุธ,rainy,8,3.0,1.0,10.0,1.0,1.625,ปานกลาง
ลพบุรี,เร่งด่วนเย็น (16:00-18:59),พุธ,summer,15,2.0,20.0,28.0,1.875,3.625,สูง
ลพบุรี,เร่งด่วนเย็น (16:00-18:59),พุธ,winter,22,6.0,27.0,51.0,2.75,5.9375,สูงมาก
ลพบุรี,เร่งด่วนเย็น (16:00-18:59),ศุกร์,rainy,15,4.0,13.0,25.0,1.875,3.4375,สูง
ลพบุรี,เร่งด่วนเย็น (16:00-18:59),ศุกร์,summer,15,1.0,19.0,33.0,1.875,3.9375,สูง
ลพบุรี,เร่งด่วนเย็น (16:00-18:59),ศุกร์,winter,17,1.0,33.0,48.0,2.125,5.125,สูงมาก
ลพบุรี,เร่งด่วนเย็น (16:00-18:59),อังคาร,rainy,12,2.0,21.0,26.0,1.5,3.125,สูง
ลพบุรี,เร่งด่วนเย็น (16:00-18:59),อังคาร,summer,12,2.0,6.0,15.0,1.5,2.4375,ปานกลาง
ลพบุรี,เร่งด่วนเย็น (16:00-18:59),อังคาร,winter,26,6.0,37.0,64.0,3.25,7.25,สูงมาก
ลพบุรี,เร่งด่วนเย็น (16:00-18:59),อาทิตย์,rainy,14,4.0,9.0,22.0,1.75,3.125,สูง
ลพบุรี,เร่งด่วนเย็น (16:00-18:59),อาทิตย์,summer,23,3.0,35.0,31.0,2.875,4.8125,สูง
ลพบุรี,เร่งด่วนเย็น (16:00-18:59),อาทิตย์,winter,17,3.0,21.0,23.0,2.125,3.5625,สูง
ลพบุรี,เร่งด่วนเย็น (16:00-18:59),เสาร์,rainy,14,4.0,12.0,24.0,1.75,3.25,สูง
ลพบุรี,เร่งด่วนเย็น (16:00-18:59),เสาร์,summer,16,2.0,22.0,24.0,2.0,3.5,สูง
ลพบุรี,เร่งด่วนเย็น (16:00-18:59),เสาร์,winter,17,3.0,24.0,31.0,2.125,4.0625,สูง
ลำปาง,กลางดึก (00:00-05:59),จันทร์,rainy,18,0.0,17.0,18.0,2.25,3.375,สูง
ลำปาง,กลางดึก (00:00-05:59),จันทร์,summer,11,0.0,6.0,5.0,1.375,1.6875,ปานกลาง
ลำปาง,กลางดึก (00:00-05:59),จันทร์,winter,13,1.0,10.0,13.0,1.625,2.4375,ปานกลาง
ลำปาง,กลางดึก (00:00-05:59),พฤหัสบดี,rainy,19,2.0,10.0,11.0,2.375,3.0625,สูง
ลำปาง,กลางดึก (00:00-05:59),พฤหัสบดี,summer,10,0.0,4.0,4.0,1.25,1.5,ต่ำ
ลำปาง,กลางดึก (00:00-05:59),พฤหัสบดี,winter,14,3.0,8.0,13.0,1.75,2.5625,ปานกลาง
ลำปาง,กลางดึก (00:00-05:59),พุธ,rainy,21,0.0,12.0,13.0,2.625,3.4375,สูง
ลำปาง,กลางดึก (00:00-05:59),พุธ,summer,8,0.0,7.0,3.0,1.0,1.1875,ต่ำ
ลำปาง,กลางดึก (00:00-05:59),พุธ,winter,16,1.0,10.0,14.0,2.0,2.875,ปานกลาง
ลำปาง,กลางดึก (00:00-05:59),ศุกร์,rainy,22,2.0,24.0,17.0,2.75,3.8125,สูง
ลำปาง,กลางดึก (00:00-05:59),ศุกร์,summer,14,1.0,4.0,7.0,1.75,2.1875,ปานกลาง
ลำปาง,กลางดึก (00:00-05:59),ศุกร์,winter,11,1.0,8.0,11.0,1.375,2.0625,ปานกลาง
ลำปาง,กลางดึก (00:00-05:59),อังคาร,rainy,15,6.0,34.0,27.0,1.875,3.5625,สูง
ลำปาง,กลางดึก (00:00-05:59),อังคาร,summer,9,2.0,6.0,12.0,1.125,1.875,ปานกลาง
ลำปาง,กลางดึก (00:00-05:59),อังคาร,winter,19,3.0,23.0,36.0,2.375,4.625,สูง
ลำปาง,กลางดึก (00:00-05:59),อาทิตย์,rainy,14,2.0,8.0,14.0,1.75,2.625,ปานกลาง
ลำปาง,กลางดึก (00:00-05:59),อาทิตย์,summer,17,2.0,11.0,13.0,2.125,2.9375,ปานกลาง
ลำปาง,กลางดึก (00:00-05:59),อาทิตย์,winter,13,1.0,10.0,13.0,1.625,2.4375,ปานกลาง
ลำปาง,กลางดึก (00:00-05:59),เสาร์,rainy,23,3.0,22.0,29.0,2.875,4.6875,สูง
ลำปาง,กลางดึก (00:00-05:59),เสาร์,summer,10,1.0,13.0,15.0,1.25,2.1875,ปานกลาง
ลำปาง,กลางดึก (00:00-05:59),เสาร์,winter,17,4.0,12.0,26.0,2.125,3.75,สูง
ลำปาง,กลางวัน (09:00-15:59),จันทร์,rainy,44,5.0,33.0,53.0,5.5,8.8125,สูงมาก
ลำปาง,กลางวัน (09:00-15:59),จันทร์,summer,25,3.0,19.0,29.0,3.125,4.9375,สูง
ลำปาง,กลางวัน (09:00-15:59),จันทร์,winter,21,3.0,14.0,27.0,2.625,4.3125,สูง
ลำปาง,กลางวัน (09:00-15:59),พฤหัสบดี,rainy,32,5.0,19.0,33.0,4.0,6.0625,สูงมาก
ลำปาง,กลางวัน (09:00-15:59),พฤหัสบดี,summer,25,2.0,24.0,28.0,3.125,4.875,สูง
ลำปาง,กลางวัน (09:00-15:59),พฤหัสบดี,winter,26,5.0,26.0,40.0,3.25,5.75,สูงมาก
ลำปาง,กลางวัน (09:00-15:59),พุธ,rainy,40,6.0,28.0,43.0,5.0,7.6875,สูงมาก
ลำปาง,กลางวัน (09:00-15:59),พุธ,summer,25,4.0,25.0,36.0,3.125,5.375,สูงมาก
ลำปาง,กลางวัน (09:00-15:59),พุธ,winter,30,4.0,20.0,32.0,3.75,5.75,สูงมาก
ลำปาง,กลางวัน (09:00-15:59),ศุกร์,rainy,49,5.0,42.0,47.0,6.125,9.0625,สูงมาก
ลำปาง,กลางวัน (09:00-15:59),ศุกร์,summer,30,3.0,34.0,48.0,3.75,6.75,สูงมาก
ลำปาง,กลางวัน (09:00-15:59),ศุกร์,winter,28,8.0,14.0,41.0,3.5,6.0625,สูงมาก
ลำปาง,กลางวัน (09:00-15:59),อังคาร,rainy,43,2.0,30.0,29.0,5.375,7.1875,สูงมาก
ลำปาง,กลางวัน (09:00-15:59),อังคาร,summer,24,1.0,25.0,18.0,3.0,4.125,สูง
ลำปาง,กลางวัน (09:00-15:59),อังคาร,winter,24,6.0,23.0,42.0,3.0,5.625,สูงมาก
ลำปาง,กลางวัน (09:00-15:59),อาทิตย์,rainy,40,4.0,35.0,44.0,5.0,7.75,สูงมาก
ลำปาง,กลางวัน (09:00-15:59),อาทิตย์,summer,35,2.0,44.0,46.0,4.375,7.25,สูงมาก
ลำปาง,กลางวัน (09:00-15:59),อาทิตย์,winter,39,7.0,49.0,61.0,4.875,8.6875,สูงมาก
ลำปาง,กลางวัน (09:00-15:59),เสาร์,rainy,39,6.0,27.0,48.0,4.875,7.875,สูงมาก
ลำปาง,กลางวัน (09:00-15:59),เสาร์,summer,31,5.0,35.0,54.0,3.875,7.25,สูงมาก
ลำปาง,กลางวัน (09:00-15:59),เสาร์,winter,33,8.0,41.0,61.0,4.125,7.9375,สูงมาก
ลำปาง,หัวค่ำ-ดึก (19:00-23:59),จันทร์,rainy,15,2.0,4.0,9.0,1.875,2.4375,ปานกลาง
ลำปาง,หัวค่ำ-ดึก (19:00-23:59),จันทร์,summer,8,0.0,7.0,7.0,1.0,1.4375,ต่ำ
ลำปาง,หัวค่ำ-ดึก (19:00-23:59),จันทร์,winter,20,5.0,16.0,29.0,2.5,4.3125,สูง
ลำปาง,หัวค่ำ-ดึก (19:00-23:59),พฤหัสบดี,rainy,22,2.0,21.0,27.0,2.75,4.4375,สูง
ลำปาง,หัวค่ำ-ดึก (19:00-23:59),พฤหัสบดี,summer,19,5.0,8.0,20.0,2.375,3.625,สูง
ลำปาง,หัวค่ำ-ดึก (19:00-23:59),พฤหัสบดี,winter,15,1.0,11.0,13.0,1.875,2.6875,ปานกลาง
ลำปาง,หัวค่ำ-ดึก (19:00-23:59),พุธ,rainy,12,1.0,7.0,9.0,1.5,2.0625,ปานกลาง
ลำปาง,หัวค่ำ-ดึก (19:00-23:59),พุธ,summer,15,0.0,8.0,8.0,1.875,2.375,ปานกลาง
ลำปาง,หัวค่ำ-ดึก (19:00-23:59),พุธ,winter,17,4.0,11.0,22.0,2.125,3.5,สูง
ลำปาง,หัวค่ำ-ดึก (19:00-23:59),ศุกร์,rainy,23,8.0,17.0,45.0,2.875,5.6875,สูงมาก
ลำปาง,หัวค่ำ-ดึก (19:00-23:59),ศุกร์,summer,16,2.0,8.0,18.0,2.0,3.125,สูง
ลำปาง,หัวค่ำ-ดึก (19:00-23:59),ศุกร์,winter,22,3.0,9.0,19.0,2.75,3.9375,สูง
ลำปาง,หัวค่ำ-ดึก (19:00-23:59),อังคาร,rainy,15,3.0,10.0,17.0,1.875,2.9375,ปานกลาง
ลำปาง,หัวค่ำ-ดึก (19:00-23:59),อังคาร,summer,14,2.0,6.0,12.0,1.75,2.5,ปานกลาง
ลำปาง,หัวค่ำ-ดึก (19:00-23:59),อังคาร,winter,11,1.0,8.0,12.0,1.375,2.125,ปานกลาง
ลำปาง,หัวค่ำ-ดึก (19:00-23:59),อาทิตย์,rainy,15,2.0,7.0,10.0,1.875,2.5,ปานกลาง
ลำปาง,หัวค่ำ-ดึก (19:00-23:59),อาทิตย์,summer,13,1.0,13.0,15.0,1.625,2.5625,ปานกลาง
ลำปาง,หัวค่ำ-ดึก (19:00-23:59),อาทิตย์,winter,11,2.0,7.0,15.0,1.375,2.3125,ปานกลาง
ลำปาง,หัวค่ำ-ดึก (19:00-23:59),เสาร์,rainy,9,2.0,3.0,7.0,1.125,1.5625,ต่ำ
ลำปาง,หัวค่ำ-ดึก (19:00-23:59),เสาร์,summer,22,6.0,17.0,38.0,2.75,5.125,สูงมาก
ลำปาง,หัวค่ำ-ดึก (19:00-23:59),เสาร์,winter,16,5.0,7.0,23.0,2.0,3.4375,สูง
ลำปาง,เร่งด่วนเช้า (06:00-08:59),จันทร์,rainy,18,2.0,7.0,12.0,2.25,3.0,สูง
ลำปาง,เร่งด่วนเช้า (06:00-08:59),จันทร์,summer,12,1.0,6.0,8.0,1.5,2.0,ปานกลาง
ลำปาง,เร่งด่วนเช้า (06:00-08:59),จันทร์,winter,15,1.0,8.0,9.0,1.875,2.4375,ปานกลาง
ลำปาง,เร่งด่วนเช้า (06:00-08:59),พฤหัสบดี,rainy,6,0.0,6.0,5.0,0.75,1.0625,ต่ำ
ลำปาง,เร่งด่วนเช้า (06:00-08:59),พฤหัสบดี,summer,4,0.0,2.0,2.0,0.5,0.625,ต่ำ
ลำปาง,เร่งด่วนเช้า (06:00-08:59),พฤหัสบดี,winter,13,0.0,13.0,12.0,1.625,2.375,ปานกลาง
ลำปาง,เร่งด่วนเช้า (06:00-08:59),พุธ,rainy,17,3.0,7.0,18.0,2.125,3.25,สูง
ลำปาง,เร่งด่วนเช้า (06:00-08:59),พุธ,summer,5,1.0,5.0,7.0,0.625,1.0625,ต่ำ
ลำปาง,เร่งด่วนเช้า (06:00-08:59),พุธ,winter,13,1.0,7.0,8.0,1.625,2.125,ปานกลาง
ลำปาง,เร่งด่วนเช้า (06:00-08:59),ศุกร์,rainy,15,2.0,7.0,12.0,1.875,2.625,ปานกลาง
ลำปาง,เร่งด่วนเช้า (06:00-08:59),ศุกร์,summer,11,3.0,26.0,38.0,1.375,3.75,สูง
ลำปาง,เร่งด่วนเช้า (06:00-08:59),ศุกร์,winter,18,7.0,28.0,41.0,2.25,4.8125,สูง
ลำปาง,เร่งด่วนเช้า (06:00-08:59),อังคาร,rainy,13,0.0,8.0,6.0,1.625,2.0,ปานกลาง
ลำปาง,เร่งด่วนเช้า (06:00-08:59),อังคาร,summer,15,0.0,6.0,6.0,1.875,2.25,ปานกลาง
ลำปาง,เร่งด่วนเช้า (06:00-08:59),อังคาร,winter,10,0.0,6.0,5.0,1.25,1.5625,ต่ำ
ลำปาง,เร่งด่วนเช้า (06:00-08:59),อาทิตย์,rainy,13,0.0,2.0,0.0,1.625,1.625,ปานกลาง
ลำปาง,เร่งด่วนเช้า (06:00-08:59),อาทิตย์,summer,10,0.0,7.0,8.0,1.25,1.75,ปานกลาง
ลำปาง,เร่งด่วนเช้า (06:00-08:59),อาทิตย์,winter,8,1.0,11.0,4.0,1.0,1.25,ต่ำ
ลำปาง,เร่งด่วนเช้า (06:00-08:59),เสาร์,rainy,13,0.0,5.0,5.0,1.625,1.9375,ปานกลาง
ลำปาง,เร่งด่วนเช้า (06:00-08:59),เสาร์,summer,7,0.0,3.0,3.0,0.875,1.0625,ต่ำ
ลำปาง,เร่งด่วนเช้า (06:00-08:59),เสาร์,winter,12,2.0,12.0,15.0,1.5,2.4375,ปานกลาง
ลำปาง,เร่งด่วนเย็น (16:00-18:59),จันทร์,rainy,14,1.0,14.0,16.0,1.75,2.75,ปานกลาง
ลำปาง,เร่งด่วนเย็น (16:00-18:59),จันทร์,summer,11,0.0,8.0,9.0,1.375,1.9375,ปานกลาง
ลำปาง,เร่งด่วนเย็น (16:00-18:59),จันทร์,winter,16,2.0,9.0,16.0,2.0,3.0,สูง
ลำปาง,เร่งด่วนเย็น (16:00-18:59),พฤหัสบดี,rainy,17,5.0,12.0,30.0,2.125,4.0,สูง
ลำปาง,เร่งด่วนเย็น (16:00-18:59),พฤหัสบดี,summer,8,1.0,4.0,5.0,1.0,1.3125,ต่ำ
ลำปาง,เร่งด่วนเย็น (16:00-18:59),พฤหัสบดี,winter,11,2.0,4.0,11.0,1.375,2.0625,ปานกลาง
ลำปาง,เร่งด่วนเย็น (16:00-18:59),พุธ,rainy,25,5.0,11.0,26.0,3.125,4.75,สูง
ลำปาง,เร่งด่วนเย็น (16:00-18:59),พุธ,summer,12,4.0,12.0,20.0,1.5,2.75,ปานกลาง
ลำปาง,เร่งด่วนเย็น (16:00-18:59),พุธ,winter,8,2.0,4.0,10.0,1.0,1.625,ปานกลาง
ลำปาง,เร่งด่วนเย็น (16:00-18:59),ศุกร์,rainy,23,1.0,9.0,5.0,2.875,3.1875,สูง
ลำปาง,เร่งด่วนเย็น (16:00-18:59),ศุกร์,summer,15,3.0,21.0,30.0,1.875,3.75,สูง
ลำปาง,เร่งด่วนเย็น (16:00-18:59),ศุกร์,winter,11,3.0,15.0,20.0,1.375,2.625,ปานกลาง
ลำปาง,เร่งด่วนเย็น (16:00-18:59),อังคาร,rainy,17,2.0,6.0,12.0,2.125,2.875,ปานกลาง
ลำปาง,เร่งด่วนเย็น (16:00-18:59),อังคาร,summer,11,1.0,12.0,16.0,1.375,2.375,ปานกลาง
ลำปาง,เร่งด่วนเย็น (16:00-18:59),อังคาร,winter,6,0.0,6.0,6.0,0.75,1.125,ต่ำ
ลำปาง,เร่งด่วนเย็น (16:00-18:59),อาทิตย์,rainy,19,2.0,24.0,27.0,2.375,4.0625,สูง
ลำปาง,เร่งด่วนเย็น (16:00-18:59),อาทิตย์,summer,14,1.0,6.0,10.0,1.75,2.375,ปานกลาง
ลำปาง,เร่งด่วนเย็น (16:00-18:59),อาทิตย์,winter,16,5.0,11.0,23.0,2.0,3.4375,สูง
ลำปาง,เร่งด่วนเย็น (16:00-18:59),เสาร์,rainy,16,2.0,12.0,17.0,2.0,3.0625,สูง
ลำปาง,เร่งด่วนเย็น (16:00-18:59),เสาร์,summer,17,0.0,9.0,8.0,2.125,2.625,ปานกลาง
ลำปาง,เร่งด่วนเย็น (16:00-18:59),เสาร์,winter,22,3.0,23.0,32.0,2.75,4.75,สูง
ลำพูน,กลางดึก (00:00-05:59),จันทร์,rainy,17,2.0,10.0,15.0,2.125,3.0625,สูง
ลำพูน,กลางดึก (00:00-05:59),จันทร์,summer,10,1.0,11.0,10.0,1.25,1.875,ปานกลาง
ลำพูน,กลางดึก (00:00-05:59),จันทร์,winter,10,0.0,5.0,5.0,1.25,1.5625,ต่ำ
ลำพูน,กลางดึก (00:00-05:59),พฤหัสบดี,rainy,17,3.0,6.0,16.0,2.125,3.125,สูง
ลำพูน,กลางดึก (00:00-05:59),พฤหัสบดี,summer,13,3.0,9.0,16.0,1.625,2.625,ปานกลาง
ลำพูน,กลางดึก (00:00-05:59),พฤหัสบดี,winter,21,2.0,14.0,20.0,2.625,3.875,สูง
ลำพูน,กลางดึก (00:00-05:59),พุธ,rainy,11,2.0,3.0,10.0,1.375,2.0,ปานกลาง
ลำพูน,กลางดึก (00:00-05:59),พุธ,summer,12,4.0,9.0,18.0,1.5,2.625,ปานกลาง
ลำพูน,กลางดึก (00:00-05:59),พุธ,winter,8,3.0,4.0,13.0,1.0,1.8125,ปานกลาง
ลำพูน,กลางดึก (00:00-05:59),ศุกร์,rainy,11,0.0,10.0,7.0,1.375,1.8125,ปานกลาง
ลำพูน,กลางดึก (00:00-05:59),ศุกร์,summer,18,2.0,9.0,12.0,2.25,3.0,สูง
ลำพูน,กลางดึก (00:00-05:59),ศุกร์,winter,20,4.0,15.0,23.0,2.5,3.9375,สูง
ลำพูน,กลางดึก (00:00-05:59),อังคาร,rainy,12,1.0,5.0,10.0,1.5,2.125,ปานกลาง
ลำพูน,กลางดึก (00:00-05:59),อังคาร,summer,6,0.0,1.0,1.0,0.75,0.8125,ต่ำ
ลำพูน,กลางดึก (00:00-05:59),อังคาร,winter,10,2.0,3.0,8.0,1.25,1.75,ปานกลาง
ลำพูน,กลางดึก (00:00-05:59),อาทิตย์,rainy,18,3.0,7.0,18.0,2.25,3.375,สูง
ลำพูน,กลางดึก (00:00-05:59),อาทิตย์,summer,13,2.0,9.0,15.0,1.625,2.5625,ปานกลาง
ลำพูน,กลางดึก (00:00-05:59),อาทิตย์,winter,16,2.0,12.0,14.0,2.0,2.875,ปานกลาง
ลำพูน,กลางดึก (00:00-05:59),เสาร์,rainy,16,2.0,15.0,23.0,2.0,3.4375,สูง
ลำพูน,กลางดึก (00:00-05:59),เสาร์,summer,11,2.0,5.0,8.0,1.375,1.875,ปานกลาง
ลำพูน,กลางดึก (00:00-05:59),เสาร์,winter,18,2.0,10.0,15.0,2.25,3.1875,สูง
ลำพูน,กลางวัน (09:00-15:59),จันทร์,rainy,10,2.0,5.0,10.0,1.25,1.875,ปานกลาง
ลำพูน,กลางวัน (09:00-15:59),จันทร์,summer,26,4.0,14.0,21.0,3.25,4.5625,สูง
ลำพูน,กลางวัน (09:00-15:59),จันทร์,winter,17,0.0,15.0,13.0,2.125,2.9375,ปานกลาง
ลำพูน,กลางวัน (09:00-15:59),พฤหัสบดี,rainy,15,1.0,10.0,13.0,1.875,2.6875,ปานกลาง
ลำพูน,กลางวัน (09:00-15:59),พฤหัสบดี,summer,13,1.0,29.0,31.0,1.625,3.5625,สูง
ลำพูน,กลางวัน (09:00-15:59),พฤหัสบดี,winter,22,3.0,15.0,24.0,2.75,4.25,สูง
ลำพูน,กลางวัน (09:00-15:59),พุธ,rainy,13,2.0,3.0,8.0,1.625,2.125,ปานกลาง
ลำพูน,กลางวัน (09:00-15:59),พุธ,summer,14,2.0,10.0,16.0,1.75,2.75,ปานกลาง
ลำพูน,กลางวัน (09:00-15:59),พุธ,winter,20,5.0,14.0,28.0,2.5,4.25,สูง
ลำพูน,กลางวัน (09:00-15:59),ศุกร์,rainy,9,2.0,6.0,10.0,1.125,1.75,ปานกลาง
ลำพูน,กลางวัน (09:00-15:59),ศุกร์,summer,17,2.0,17.0,22.0,2.125,3.5,สูง
ลำพูน,กลางวัน (09:00-15:59),ศุกร์,winter,27,4.0,17.0,27.0,3.375,5.0625,สูงมาก
ลำพูน,กลางวัน (09:00-15:59),อังคาร,rainy,16,1.0,13.0,16.0,2.0,3.0,สูง
ลำพูน,กลางวัน (09:00-15:59),อังคาร,summer,11,0.0,15.0,15.0,1.375,2.3125,ปานกลาง
ลำพูน,กลางวัน (09:00-15:59),อังคาร,winter,10,1.0,10.0,12.0,1.25,2.0,ปานกลาง
ลำพูน,กลางวัน (09:00-15:59),อาทิตย์,rainy,10,0.0,10.0,8.0,1.25,1.75,ปานกลาง
ลำพูน,กลางวัน (09:00-15:59),อาทิตย์,summer,15,0.0,10.0,7.0,1.875,2.3125,ปานกลาง
ลำพูน,กลางวัน (09:00-15:59),อาทิตย์,winter,21,3.0,13.0,18.0,2.625,3.75,สูง
ลำพูน,กลางวัน (09:00-15:59),เสาร์,rainy,15,6.0,14.0,36.0,1.875,4.125,สูง
ลำพูน,กลางวัน (09:00-15:59),เสาร์,summer,13,3.0,22.0,30.0,1.625,3.5,สูง
ลำพูน,กลางวัน (09:00-15:59),เสาร์,winter,31,4.0,28.0,31.0,3.875,5.8125,สูงมาก
ลำพูน,หัวค่ำ-ดึก (19:00-23:59),จันทร์,rainy,19,6.0,16.0,32.0,2.375,4.375,สูง
ลำพูน,หัวค่ำ-ดึก (19:00-23:59),จันทร์,summer,19,4.0,12.0,23.0,2.375,3.8125,สูง
ลำพูน,หัวค่ำ-ดึก (19:00-23:59),จันทร์,winter,25,6.0,29.0,39.0,3.125,5.5625,สูงมาก
ลำพูน,หัวค่ำ-ดึก (19:00-23:59),พฤหัสบดี,rainy,14,2.0,12.0,22.0,1.75,3.125,สูง
ลำพูน,หัวค่ำ-ดึก (19:00-23:59),พฤหัสบดี,summer,15,3.0,8.0,14.0,1.875,2.75,ปานกลาง
ลำพูน,หัวค่ำ-ดึก (19:00-23:59),พฤหัสบดี,winter,14,4.0,7.0,18.0,1.75,2.875,ปานกลาง
ลำพูน,หัวค่ำ-ดึก (19:00-23:59),พุธ,rainy,20,5.0,9.0,22.0,2.5,3.875,สูง
ลำพูน,หัวค่ำ-ดึก (19:00-23:59),พุธ,summer,14,3.0,12.0,16.0,1.75,2.75,ปานกลาง
ลำพูน,หัวค่ำ-ดึก (19:00-23:59),พุธ,winter,21,3.0,13.0,19.0,2.625,3.8125,สูง
ลำพูน,หัวค่ำ-ดึก (19:00-23:59),ศุกร์,rainy,15,7.0,11.0,33.0,1.875,3.9375,สูง
ลำพูน,หัวค่ำ-ดึก (19:00-23:59),ศุกร์,summer,11,0.0,7.0,6.0,1.375,1.75,ปานกลาง
ลำพูน,หัวค่ำ-ดึก (19:00-23:59),ศุกร์,winter,21,4.0,23.0,34.0,2.625,4.75,สูง
ลำพูน,หัวค่ำ-ดึก (19:00-23:59),อังคาร,rainy,13,3.0,10.0,17.0,1.625,2.6875,ปานกลาง
ลำพูน,หัวค่ำ-ดึก (19:00-23:59),อังคาร,summer,10,1.0,9.0,10.0,1.25,1.875,ปานกลาง
ลำพูน,หัวค่ำ-ดึก (19:00-23:59),อังคาร,winter,14,2.0,13.0,17.0,1.75,2.8125,ปานกลาง
ลำพูน,หัวค่ำ-ดึก (19:00-23:59),อาทิตย์,rainy,10,3.0,9.0,16.0,1.25,2.25,ปานกลาง
ลำพูน,หัวค่ำ-ดึก (19:00-23:59),อาทิตย์,summer,10,2.0,14.0,19.0,1.25,2.4375,ปานกลาง
ลำพูน,หัวค่ำ-ดึก (19:00-23:59),อาทิตย์,winter,11,2.0,9.0,11.0,1.375,2.0625,ปานกลาง
ลำพูน,หัวค่ำ-ดึก (19:00-23:59),เสาร์,rainy,18,3.0,14.0,20.0,2.25,3.5,สูง
ลำพูน,หัวค่ำ-ดึก (19:00-23:59),เสาร์,summer,13,3.0,2.0,10.0,1.625,2.25,ปานกลาง
ลำพูน,หัวค่ำ-ดึก (19:00-23:59),เสาร์,winter,25,7.0,15.0,38.0,3.125,5.5,สูงมาก
ลำพูน,เร่งด่วนเช้า (06:00-08:59),จันทร์,rainy,4,0.0,1.0,1.0,0.5,0.5625,ต่ำ
ลำพูน,เร่งด่วนเช้า (06:00-08:59),จันทร์,summer,8,0.0,6.0,3.0,1.0,1.1875,ต่ำ
ลำพูน,เร่งด่วนเช้า (06:00-08:59),จันทร์,winter,1,0.0,1.0,1.0,0.125,0.1875,ต่ำ
ลำพูน,เร่งด่วนเช้า (06:00-08:59),พฤหัสบดี,rainy,4,1.0,2.0,4.0,0.5,0.75,ต่ำ
ลำพูน,เร่งด่วนเช้า (06:00-08:59),พฤหัสบดี,summer,12,2.0,5.0,12.0,1.5,2.25,ปานกลาง
ลำพูน,เร่งด่วนเช้า (06:00-08:59),พฤหัสบดี,winter,12,2.0,5.0,7.0,1.5,1.9375,ปานกลาง
ลำพูน,เร่งด่วนเช้า (06:00-08:59),พุธ,rainy,3,0.0,2.0,2.0,0.375,0.5,ต่ำ
ลำพูน,เร่งด่วนเช้า (06:00-08:59),พุธ,summer,5,2.0,5.0,11.0,0.625,1.3125,ต่ำ
ลำพูน,เร่งด่วนเช้า (06:00-08:59),พุธ,winter,9,2.0,8.0,14.0,1.125,2.0,ปานกลาง
ลำพูน,เร่งด่วนเช้า (06:00-08:59),ศุกร์,rainy,8,1.0,5.0,8.0,1.0,1.5,ต่ำ
ลำพูน,เร่งด่วนเช้า (06:00-08:59),ศุกร์,summer,11,0.0,4.0,3.0,1.375,1.5625,ต่ำ
ลำพูน,เร่งด่วนเช้า (06:00-08:59),ศุกร์,winter,2,0.0,1.0,0.0,0.25,0.25,ต่ำ
ลำพูน,เร่งด่วนเช้า (06:00-08:59),อังคาร,rainy,10,2.0,5.0,10.0,1.25,1.875,ปานกลาง
ลำพูน,เร่งด่วนเช้า (06:00-08:59),อังคาร,summer,4,1.0,4.0,6.0,0.5,0.875,ต่ำ
ลำพูน,เร่งด่วนเช้า (06:00-08:59),อังคาร,winter,9,3.0,9.0,14.0,1.125,2.0,ปานกลาง
ลำพูน,เร่งด่วนเช้า (06:00-08:59),อาทิตย์,rainy,10,0.0,6.0,7.0,1.25,1.6875,ปานกลาง
ลำพูน,เร่งด่วนเช้า (06:00-08:59),อาทิตย์,summer,6,1.0,3.0,6.0,0.75,1.125,ต่ำ
ลำพูน,เร่งด่วนเช้า (06:00-08:59),อาทิตย์,winter,6,0.0,5.0,3.0,0.75,0.9375,ต่ำ
ลำพูน,เร่งด่วนเช้า (06:00-08:59),เสาร์,rainy,3,1.0,2.0,5.0,0.375,0.6875,ต่ำ
ลำพูน,เร่งด่วนเช้า (06:00-08:59),เสาร์,summer,4,1.0,3.0,6.0,0.5,0.875,ต่ำ
ลำพูน,เร่งด่วนเช้า (06:00-08:59),เสาร์,winter,10,0.0,6.0,6.0,1.25,1.625,ปานกลาง
ลำพูน,เร่งด่วนเย็น (16:00-18:59),จันทร์,rainy,2,0.0,0.0,0.0,0.25,0.25,ต่ำ
ลำพูน,เร่งด่วนเย็น (16:00-18:59),จันทร์,summer,11,1.0,12.0,16.0,1.375,2.375,ปานกลาง
ลำพูน,เร่งด่วนเย็น (16:00-18:59),จันทร์,winter,16,3.0,16.0,24.0,2.0,3.5,สูง
ลำพูน,เร่งด่วนเย็น (16:00-18:59),พฤหัสบดี,rainy,4,1.0,3.0,7.0,0.5,0.9375,ต่ำ
ลำพูน,เร่งด่วนเย็น (16:00-18:59),พฤหัสบดี,summer,9,0.0,8.0,5.0,1.125,1.4375,ต่ำ
ลำพูน,เร่งด่วนเย็น (16:00-18:59),พฤหัสบดี,winter,11,0.0,8.0,9.0,1.375,1.9375,ปานกลาง
ลำพูน,เร่งด่วนเย็น (16:00-18:59),พุธ,rainy,8,0.0,2.0,2.0,1.0,1.125,ต่ำ
ลำพูน,เร่งด่วนเย็น (16:00-18:59),พุธ,summer,7,0.0,9.0,6.0,0.875,1.25,ต่ำ
ลำพูน,เร่งด่วนเย็น (16:00-18:59),พุธ,winter,15,3.0,16.0,26.0,1.875,3.5,สูง
ลำพูน,เร่งด่วนเย็น (16:00-18:59),ศุกร์,rainy,7,1.0,5.0,8.0,0.875,1.375,ต่ำ
ลำพูน,เร่งด่วนเย็น (16:00-18:59),ศุกร์,summer,5,0.0,8.0,6.0,0.625,1.0,ต่ำ
ลำพูน,เร่งด่วนเย็น (16:00-18:59),ศุกร์,winter,11,0.0,10.0,5.0,1.375,1.6875,ปานกลาง
ลำพูน,เร่งด่วนเย็น (16:00-18:59),อังคาร,rainy,11,3.0,6.0,12.0,1.375,2.125,ปานกลาง
ลำพูน,เร่งด่วนเย็น (16:00-18:59),อังคาร,summer,5,1.0,6.0,6.0,0.625,1.0,ต่ำ
ลำพูน,เร่งด่วนเย็น (16:00-18:59),อังคาร,winter,13,4.0,13.0,23.0,1.625,3.0625,สูง
ลำพูน,เร่งด่วนเย็น (16:00-18:59),อาทิตย์,rainy,8,1.0,11.0,14.0,1.0,1.875,ปานกลาง
ลำพูน,เร่งด่วนเย็น (16:00-18:59),อาทิตย์,summer,7,0.0,14.0,5.0,0.875,1.1875,ต่ำ
ลำพูน,เร่งด่วนเย็น (16:00-18:59),อาทิตย์,winter,15,4.0,15.0,23.0,1.875,3.3125,สูง
ลำพูน,เร่งด่วนเย็น (16:00-18:59),เสาร์,rainy,7,0.0,8.0,7.0,0.875,1.3125,ต่ำ
ลำพูน,เร่งด่วนเย็น (16:00-18:59),เสาร์,summer,6,0.0,5.0,5.0,0.75,1.0625,ต่ำ
ลำพูน,เร่งด่วนเย็น (16:00-18:59),เสาร์,winter,20,2.0,22.0,29.0,2.5,4.3125,สูง
ศรีสะเกษ,กลางดึก (00:00-05:59),จันทร์,rainy,18,1.0,12.0,17.0,2.25,3.3125,สูง
ศรีสะเกษ,กลางดึก (00:00-05:59),จันทร์,summer,15,1.0,16.0,18.0,1.875,3.0,สูง
ศรีสะเกษ,กลางดึก (00:00-05:59),จันทร์,winter,16,3.0,14.0,24.0,2.0,3.5,สูง
ศรีสะเกษ,กลางดึก (00:00-05:59),พฤหัสบดี,rainy,11,0.0,3.0,3.0,1.375,1.5625,ต่ำ
ศรีสะเกษ,กลางดึก (00:00-05:59),พฤหัสบดี,summer,10,0.0,28.0,21.0,1.25,2.5625,ปานกลาง
ศรีสะเกษ,กลางดึก (00:00-05:59),พฤหัสบดี,winter,13,2.0,7.0,13.0,1.625,2.4375,ปานกลาง
ศรีสะเกษ,กลางดึก (00:00-05:59),พุธ,rainy,19,1.0,16.0,15.0,2.375,3.3125,สูง
ศรีสะเกษ,กลางดึก (00:00-05:59),พุธ,summer,8,1.0,8.0,16.0,1.0,2.0,ปานกลาง
ศรีสะเกษ,กลางดึก (00:00-05:59),พุธ,winter,18,4.0,20.0,33.0,2.25,4.3125,สูง
ศรีสะเกษ,กลางดึก (00:00-05:59),ศุกร์,rainy,15,1.0,8.0,11.0,1.875,2.5625,ปานกลาง
ศรีสะเกษ,กลางดึก (00:00-05:59),ศุกร์,summer,11,2.0,9.0,15.0,1.375,2.3125,ปานกลาง
ศรีสะเกษ,กลางดึก (00:00-05:59),ศุกร์,winter,17,3.0,13.0,18.0,2.125,3.25,สูง
ศรีสะเกษ,กลางดึก (00:00-05:59),อังคาร,rainy,14,0.0,9.0,8.0,1.75,2.25,ปานกลาง
ศรีสะเกษ,กลางดึก (00:00-05:59),อังคาร,summer,2,0.0,0.0,0.0,0.25,0.25,ต่ำ
ศรีสะเกษ,กลางดึก (00:00-05:59),อังคาร,winter,6,0.0,13.0,11.0,0.75,1.4375,ต่ำ
ศรีสะเกษ,กลางดึก (00:00-05:59),อาทิตย์,rainy,21,5.0,18.0,37.0,2.625,4.9375,สูง
ศรีสะเกษ,กลางดึก (00:00-05:59),อาทิตย์,summer,16,1.0,20.0,22.0,2.0,3.375,สูง
ศรีสะเกษ,กลางดึก (00:00-05:59),อาทิตย์,winter,22,3.0,22.0,30.0,2.75,4.625,สูง
ศรีสะเกษ,กลางดึก (00:00-05:59),เสาร์,rainy,18,1.0,8.0,11.0,2.25,2.9375,ปานกลาง
ศรีสะเกษ,กลางดึก (00:00-05:59),เสาร์,summer,11,2.0,13.0,15.0,1.375,2.3125,ปานกลาง
ศรีสะเกษ,กลางดึก (00:00-05:59),เสาร์,winter,23,4.0,21.0,31.0,2.875,4.8125,สูง
ศรีสะเกษ,กลางวัน (09:00-15:59),จันทร์,rainy,22,5.0,27.0,35.0,2.75,4.9375,สูง
ศรีสะเกษ,กลางวัน (09:00-15:59),จันทร์,summer,16,2.0,14.0,22.0,2.0,3.375,สูง
ศรีสะเกษ,กลางวัน (09:00-15:59),จันทร์,winter,23,5.0,17.0,34.0,2.875,5.0,สูง
ศรีสะเกษ,กลางวัน (09:00-15:59),พฤหัสบดี,rainy,18,8.0,48.0,73.0,2.25,6.8125,สูงมาก
ศรีสะเกษ,กลางวัน (09:00-15:59),พฤหัสบดี,summer,19,1.0,34.0,37.0,2.375,4.6875,สูง
ศรีสะเกษ,กลางวัน (09:00-15:59),พฤหัสบดี,winter,18,1.0,20.0,24.0,2.25,3.75,สูง
ศรีสะเกษ,กลางวัน (09:00-15:59),พุธ,rainy,20,8.0,24.0,48.0,2.5,5.5,สูงมาก
ศรีสะเกษ,กลางวัน (09:00-15:59),พุธ,summer,21,4.0,25.0,31.0,2.625,4.5625,สูง
ศรีสะเกษ,กลางวัน (09:00-15:59),พุธ,winter,25,7.0,33.0,53.0,3.125,6.4375,สูงมาก
ศรีสะเกษ,กลางวัน (09:00-15:59),ศุกร์,rainy,25,2.0,41.0,50.0,3.125,6.25,สูงมาก
ศรีสะเกษ,กลางวัน (09:00-15:59),ศุกร์,summer,30,6.0,33.0,54.0,3.75,7.125,สูงมาก
ศรีสะเกษ,กลางวัน (09:00-15:59),ศุกร์,winter,28,7.0,28.0,53.0,3.5,6.8125,สูงมาก
ศรีสะเกษ,กลางวัน (09:00-15:59),อังคาร,rainy,25,3.0,38.0,49.0,3.125,6.1875,สูงมาก
ศรีสะเกษ,กลางวัน (09:00-15:59),อังคาร,summer,18,5.0,17.0,34.0,2.25,4.375,สูง
ศรีสะเกษ,กลางวัน (09:00-15:59),อังคาร,winter,22,2.0,47.0,51.0,2.75,5.9375,สูงมาก
ศรีสะเกษ,กลางวัน (09:00-15:59),อาทิตย์,rainy,22,3.0,19.0,33.0,2.75,4.8125,สูง
ศรีสะเกษ,กลางวัน (09:00-15:59),อาทิตย์,summer,10,2.0,18.0,24.0,1.25,2.75,ปานกลาง
ศรีสะเกษ,กลางวัน (09:00-15:59),อาทิตย์,winter,25,6.0,34.0,54.0,3.125,6.5,สูงมาก
ศรีสะเกษ,กลางวัน (09:00-15:59),เสาร์,rainy,18,2.0,33.0,41.0,2.25,4.8125,สูง
ศรีสะเกษ,กลางวัน (09:00-15:59),เสาร์,summer,11,2.0,15.0,25.0,1.375,2.9375,ปานกลาง
ศรีสะเกษ,กลางวัน (09:00-15:59),เสาร์,winter,30,1.0,39.0,42.0,3.75,6.375,สูงมาก
ศรีสะเกษ,หัวค่ำ-ดึก (19:00-23:59),จันทร์,rainy,15,3.0,20.0,31.0,1.875,3.8125,สูง
ศรีสะเกษ,หัวค่ำ-ดึก (19:00-23:59),จันทร์,summer,5,2.0,14.0,23.0,0.625,2.0625,ปานกลาง
ศรีสะเกษ,หัวค่ำ-ดึก (19:00-23:59),จันทร์,winter,9,5.0,3.0,17.0,1.125,2.1875,ปานกลาง
ศรีสะเกษ,หัวค่ำ-ดึก (19:00-23:59),พฤหัสบดี,rainy,16,5.0,20.0,38.0,2.0,4.375,สูง
ศรีสะเกษ,หัวค่ำ-ดึก (19:00-23:59),พฤหัสบดี,summer,15,6.0,11.0,30.0,1.875,3.75,สูง
ศรีสะเกษ,หัวค่ำ-ดึก (19:00-23:59),พฤหัสบดี,winter,11,2.0,10.0,19.0,1.375,2.5625,ปานกลาง
ศรีสะเกษ,หัวค่ำ-ดึก (19:00-23:59),พุธ,rainy,14,4.0,19.0,33.0,1.75,3.8125,สูง
ศรีสะเกษ,หัวค่ำ-ดึก (19:00-23:59),พุธ,summer,18,3.0,19.0,26.0,2.25,3.875,สูง
ศรีสะเกษ,หัวค่ำ-ดึก (19:00-23:59),พุธ,winter,14,3.0,13.0,26.0,1.75,3.375,สูง
ศรีสะเกษ,หัวค่ำ-ดึก (19:00-23:59),ศุกร์,rainy,18,0.0,24.0,20.0,2.25,3.5,สูง
ศรีสะเกษ,หัวค่ำ-ดึก (19:00-23:59),ศุกร์,summer,15,3.0,17.0,18.0,1.875,3.0,สูง
ศรีสะเกษ,หัวค่ำ-ดึก (19:00-23:59),ศุกร์,winter,12,2.0,5.0,13.0,1.5,2.3125,ปานกลาง
ศรีสะเกษ,หัวค่ำ-ดึก (19:00-23:59),อังคาร,rainy,18,6.0,12.0,22.0,2.25,3.625,สูง
ศรีสะเกษ,หัวค่ำ-ดึก (19:00-23:59),อังคาร,summer,5,1.0,5.0,8.0,0.625,1.125,ต่ำ
ศรีสะเกษ,หัวค่ำ-ดึก (19:00-23:59),อังคาร,winter,18,6.0,17.0,37.0,2.25,4.5625,สูง
ศรีสะเกษ,หัวค่ำ-ดึก (19:00-23:59),อาทิตย์,rainy,16,1.0,16.0,21.0,2.0,3.3125,สูง
ศรีสะเกษ,หัวค่ำ-ดึก (19:00-23:59),อาทิตย์,summer,10,2.0,10.0,19.0,1.25,2.4375,ปานกลาง
ศรีสะเกษ,หัวค่ำ-ดึก (19:00-23:59),อาทิตย์,winter,16,0.0,14.0,13.0,2.0,2.8125,ปานกลาง
ศรีสะเกษ,หัวค่ำ-ดึก (19:00-23:59),เสาร์,rainy,20,4.0,11.0,24.0,2.5,4.0,สูง
ศรีสะเกษ,หัวค่ำ-ดึก (19:00-23:59),เสาร์,summer,13,5.0,16.0,35.0,1.625,3.8125,สูง
ศรีสะเกษ,หัวค่ำ-ดึก (19:00-23:59),เสาร์,winter,14,12.0,17.0,58.0,1.75,5.375,สูงมาก
ศรีสะเกษ,เร่งด่วนเช้า (06:00-08:59),จันทร์,rainy,12,1.0,15.0,20.0,1.5,2.75,ปานกลาง
ศรีสะเกษ,เร่งด่วนเช้า (06:00-08:59),จันทร์,summer,10,2.0,6.0,13.0,1.25,2.0625,ปานกลาง
ศรีสะเกษ,เร่งด่วนเช้า (06:00-08:59),จันทร์,winter,9,2.0,12.0,14.0,1.125,2.0,ปานกลาง
ศรีสะเกษ,เร่งด่วนเช้า (06:00-08:59),พฤหัสบดี,rainy,4,0.0,2.0,3.0,0.5,0.6875,ต่ำ
ศรีสะเกษ,เร่งด่วนเช้า (06:00-08:59),พฤหัสบดี,summer,7,1.0,7.0,7.0,0.875,1.3125,ต่ำ
ศรีสะเกษ,เร่งด่วนเช้า (06:00-08:59),พฤหัสบดี,winter,5,0.0,10.0,12.0,0.625,1.375,ต่ำ
ศรีสะเกษ,เร่งด่วนเช้า (06:00-08:59),พุธ,rainy,12,3.0,17.0,20.0,1.5,2.75,ปานกลาง
ศรีสะเกษ,เร่งด่วนเช้า (06:00-08:59),พุธ,summer,5,0.0,9.0,9.0,0.625,1.1875,ต่ำ
ศรีสะเกษ,เร่งด่วนเช้า (06:00-08:59),พุธ,winter,7,1.0,6.0,7.0,0.875,1.3125,ต่ำ
ศรีสะเกษ,เร่งด่วนเช้า (06:00-08:59),ศุกร์,rainy,11,4.0,7.0,19.0,1.375,2.5625,ปานกลาง
ศรีสะเกษ,เร่งด่วนเช้า (06:00-08:59),ศุกร์,summer,6,0.0,11.0,12.0,0.75,1.5,ต่ำ
ศรีสะเกษ,เร่งด่วนเช้า (06:00-08:59),ศุกร์,winter,5,1.0,6.0,7.0,0.625,1.0625,ต่ำ
ศรีสะเกษ,เร่งด่วนเช้า (06:00-08:59),อังคาร,rainy,9,1.0,7.0,9.0,1.125,1.6875,ปานกลาง
ศรีสะเกษ,เร่งด่วนเช้า (06:00-08:59),อังคาร,summer,7,1.0,18.0,15.0,0.875,1.8125,ปานกลาง
ศรีสะเกษ,เร่งด่วนเช้า (06:00-08:59),อังคาร,winter,5,0.0,3.0,1.0,0.625,0.6875,ต่ำ
ศรีสะเกษ,เร่งด่วนเช้า (06:00-08:59),อาทิตย์,rainy,12,0.0,8.0,8.0,1.5,2.0,ปานกลาง
ศรีสะเกษ,เร่งด่วนเช้า (06:00-08:59),อาทิตย์,summer,3,0.0,13.0,13.0,0.375,1.1875,ต่ำ
ศรีสะเกษ,เร่งด่วนเช้า (06:00-08:59),อาทิตย์,winter,6,1.0,4.0,7.0,0.75,1.1875,ต่ำ
ศรีสะเกษ,เร่งด่วนเช้า (06:00-08:59),เสาร์,rainy,6,2.0,7.0,13.0,0.75,1.5625,ต่ำ
ศรีสะเกษ,เร่งด่วนเช้า (06:00-08:59),เสาร์,summer,5,0.0,3.0,2.0,0.625,0.75,ต่ำ
ศรีสะเกษ,เร่งด่วนเช้า (06:00-08:59),เสาร์,winter,7,1.0,13.0,14.0,0.875,1.75,ปานกลาง
ศรีสะเกษ,เร่งด่วนเย็น (16:00-18:59),จันทร์,rainy,9,0.0,12.0,14.0,1.125,2.0,ปานกลาง
ศรีสะเกษ,เร่งด่วนเย็น (16:00-18:59),จันทร์,summer,8,3.0,12.0,21.0,1.0,2.3125,ปานกลาง
ศรีสะเกษ,เร่งด่วนเย็น (16:00-18:59),จันทร์,winter,15,1.0,22.0,23.0,1.875,3.3125,สูง
ศรีสะเกษ,เร่งด่วนเย็น (16:00-18:59),พฤหัสบดี,rainy,5,0.0,7.0,8.0,0.625,1.125,ต่ำ
ศรีสะเกษ,เร่งด่วนเย็น (16:00-18:59),พฤหัสบดี,summer,9,2.0,8.0,14.0,1.125,2.0,ปานกลาง
ศรีสะเกษ,เร่งด่วนเย็น (16:00-18:59),พฤหัสบดี,winter,10,2.0,11.0,19.0,1.25,2.4375,ปานกลาง
ศรีสะเกษ,เร่งด่วนเย็น (16:00-18:59),พุธ,rainy,5,2.0,7.0,14.0,0.625,1.5,ต่ำ
ศรีสะเกษ,เร่งด่วนเย็น (16:00-18:59),พุธ,summer,5,1.0,3.0,5.0,0.625,0.9375,ต่ำ
ศรีสะเกษ,เร่งด่วนเย็น (16:00-18:59),พุธ,winter,7,0.0,12.0,16.0,0.875,1.875,ปานกลาง
ศรีสะเกษ,เร่งด่วนเย็น (16:00-18:59),ศุกร์,rainy,16,5.0,39.0,55.0,2.0,5.4375,สูงมาก
ศรีสะเกษ,เร่งด่วนเย็น (16:00-18:59),ศุกร์,summer,11,2.0,12.0,18.0,1.375,2.5,ปานกลาง
ศรีสะเกษ,เร่งด่วนเย็น (16:00-18:59),ศุกร์,winter,11,4.0,13.0,24.0,1.375,2.875,ปานกลาง
ศรีสะเกษ,เร่งด่วนเย็น (16:00-18:59),อังคาร,rainy,10,3.0,12.0,22.0,1.25,2.625,ปานกลาง
ศรีสะเกษ,เร่งด่วนเย็น (16:00-18:59),อังคาร,summer,2,0.0,4.0,4.0,0.25,0.5,ต่ำ
ศรีสะเกษ,เร่งด่วนเย็น (16:00-18:59),อังคาร,winter,8,0.0,26.0,16.0,1.0,2.0,ปานกลาง
ศรีสะเกษ,เร่งด่วนเย็น (16:00-18:59),อาทิตย์,rainy,8,2.0,3.0,10.0,1.0,1.625,ปานกลาง
ศรีสะเกษ,เร่งด่วนเย็น (16:00-18:59),อาทิตย์,summer,5,0.0,6.0,4.0,0.625,0.875,ต่ำ
ศรีสะเกษ,เร่งด่วนเย็น (16:00-18:59),อาทิตย์,winter,20,5.0,29.0,47.0,2.5,5.4375,สูงมาก
ศรีสะเกษ,เร่งด่วนเย็น (16:00-18:59),เสาร์,rainy,10,1.0,6.0,6.0,1.25,1.625,ปานกลาง
ศรีสะเกษ,เร่งด่วนเย็น (16:00-18:59),เสาร์,summer,9,2.0,11.0,15.0,1.125,2.0625,ปานกลาง
ศรีสะเกษ,เร่งด่วนเย็น (16:00-18:59),เสาร์,winter,16,5.0,17.0,29.0,2.0,3.8125,สูง
สกลนคร,กลางดึก (00:00-05:59),จันทร์,rainy,13,9.0,9.0,39.0,1.625,4.0625,สูง
สกลนคร,กลางดึก (00:00-05:59),จันทร์,summer,9,2.0,6.0,12.0,1.125,1.875,ปานกลาง
สกลนคร,กลางดึก (00:00-05:59),จันทร์,winter,18,4.0,9.0,18.0,2.25,3.375,สูง
สกลนคร,กลางดึก (00:00-05:59),พฤหัสบดี,rainy,19,2.0,10.0,15.0,2.375,3.3125,สูง
สกลนคร,กลางดึก (00:00-05:59),พฤหัสบดี,summer,11,5.0,8.0,26.0,1.375,3.0,สูง
สกลนคร,กลางดึก (00:00-05:59),พฤหัสบดี,winter,19,1.0,7.0,10.0,2.375,3.0,สูง
สกลนคร,กลางดึก (00:00-05:59),พุธ,rainy,16,2.0,13.0,14.0,2.0,2.875,ปานกลาง
สกลนคร,กลางดึก (00:00-05:59),พุธ,summer,14,2.0,9.0,14.0,1.75,2.625,ปานกลาง
สกลนคร,กลางดึก (00:00-05:59),พุธ,winter,17,1.0,12.0,15.0,2.125,3.0625,สูง
สกลนคร,กลางดึก (00:00-05:59),ศุกร์,rainy,19,9.0,15.0,41.0,2.375,4.9375,สูง
สกลนคร,กลางดึก (00:00-05:59),ศุกร์,summer,12,2.0,9.0,9.0,1.5,2.0625,ปานกลาง
สกลนคร,กลางดึก (00:00-05:59),ศุกร์,winter,21,5.0,16.0,32.0,2.625,4.625,สูง
สกลนคร,กลางดึก (00:00-05:59),อังคาร,rainy,21,8.0,12.0,27.0,2.625,4.3125,สูง
สกลนคร,กลางดึก (00:00-05:59),อังคาร,summer,9,4.0,3.0,14.0,1.125,2.0,ปานกลาง
สกลนคร,กลางดึก (00:00-05:59),อังคาร,winter,14,5.0,8.0,20.0,1.75,3.0,สูง
สกลนคร,กลางดึก (00:00-05:59),อาทิตย์,rainy,21,9.0,11.0,39.0,2.625,5.0625,สูงมาก
สกลนคร,กลางดึก (00:00-05:59),อาทิตย์,summer,12,0.0,6.0,7.0,1.5,1.9375,ปานกลาง
สกลนคร,กลางดึก (00:00-05:59),อาทิตย์,winter,22,11.0,14.0,46.0,2.75,5.625,สูงมาก
สกลนคร,กลางดึก (00:00-05:59),เสาร์,rainy,27,2.0,22.0,29.0,3.375,5.1875,สูงมาก
สกลนคร,กลางดึก (00:00-05:59),เสาร์,summer,24,2.0,17.0,19.0,3.0,4.1875,สูง
สกลนคร,กลางดึก (00:00-05:59),เสาร์,winter,32,6.0,21.0,36.0,4.0,6.25,สูงมาก
สกลนคร,กลางวัน (09:00-15:59),จันทร์,rainy,22,1.0,28.0,23.0,2.75,4.1875,สูง
สกลนคร,กลางวัน (09:00-15:59),จันทร์,summer,26,2.0,15.0,24.0,3.25,4.75,สูง
สกลนคร,กลางวัน (09:00-15:59),จันทร์,winter,30,8.0,51.0,72.0,3.75,8.25,สูงมาก
สกลนคร,กลางวัน (09:00-15:59),พฤหัสบดี,rainy,22,4.0,19.0,31.0,2.75,4.6875,สูง
สกลนคร,กลางวัน (09:00-15:59),พฤหัสบดี,summer,24,4.0,26.0,39.0,3.0,5.4375,สูงมาก
สกลนคร,กลางวัน (09:00-15:59),พฤหัสบดี,winter,27,7.0,19.0,40.0,3.375,5.875,สูงมาก
สกลนคร,กลางวัน (09:00-15:59),พุธ,rainy,30,4.0,20.0,32.0,3.75,5.75,สูงมาก
สกลนคร,กลางวัน (09:00-15:59),พุธ,summer,21,4.0,20.0,32.0,2.625,4.625,สูง
สกลนคร,กลางวัน (09:00-15:59),พุธ,winter,31,8.0,31.0,51.0,3.875,7.0625,สูงมาก
สกลนคร,กลางวัน (09:00-15:59),ศุกร์,rainy,30,9.0,46.0,48.0,3.75,6.75,สูงมาก
สกลนคร,กลางวัน (09:00-15:59),ศุกร์,summer,23,4.0,16.0,18.0,2.875,4.0,สูง
สกลนคร,กลางวัน (09:00-15:59),ศุกร์,winter,22,6.0,13.0,34.0,2.75,4.875,สูง
สกลนคร,กลางวัน (09:00-15:59),อังคาร,rainy,31,8.0,27.0,53.0,3.875,7.1875,สูงมาก
สกลนคร,กลางวัน (09:00-15:59),อังคาร,summer,24,2.0,20.0,24.0,3.0,4.5,สูง
สกลนคร,กลางวัน (09:00-15:59),อังคาร,winter,28,6.0,34.0,58.0,3.5,7.125,สูงมาก
สกลนคร,กลางวัน (09:00-15:59),อาทิตย์,rainy,19,2.0,22.0,17.0,2.375,3.4375,สูง
สกลนคร,กลางวัน (09:00-15:59),อาทิตย์,summer,27,6.0,27.0,47.0,3.375,6.3125,สูงมาก
สกลนคร,กลางวัน (09:00-15:59),อาทิตย์,winter,32,5.0,50.0,52.0,4.0,7.25,สูงมาก
สกลนคร,กลางวัน (09:00-15:59),เสาร์,rainy,23,8.0,41.0,69.0,2.875,7.1875,สูงมาก
สกลนคร,กลางวัน (09:00-15:59),เสาร์,summer,17,5.0,16.0,28.0,2.125,3.875,สูง
สกลนคร,กลางวัน (09:00-15:59),เสาร์,winter,37,7.0,56.0,67.0,4.625,8.8125,สูงมาก
สกลนคร,หัวค่ำ-ดึก (19:00-23:59),จันทร์,rainy,25,9.0,20.0,48.0,3.125,6.125,สูงมาก
สกลนคร,หัวค่ำ-ดึก (19:00-23:59),จันทร์,summer,17,8.0,9.0,35.0,2.125,4.3125,สูง
สกลนคร,หัวค่ำ-ดึก (19:00-23:59),จันทร์,winter,21,9.0,19.0,44.0,2.625,5.375,สูงมาก
สกลนคร,หัวค่ำ-ดึก (19:00-23:59),พฤหัสบดี,rainy,14,1.0,10.0,14.0,1.75,2.625,ปานกลาง
สกลนคร,หัวค่ำ-ดึก (19:00-23:59),พฤหัสบดี,summer,13,4.0,8.0,18.0,1.625,2.75,ปานกลาง
สกลนคร,หัวค่ำ-ดึก (19:00-23:59),พฤหัสบดี,winter,27,13.0,30.0,62.0,3.375,7.25,สูงมาก
สกลนคร,หัวค่ำ-ดึก (19:00-23:59),พุธ,rainy,12,3.0,25.0,15.0,1.5,2.4375,ปานกลาง
สกลนคร,หัวค่ำ-ดึก (19:00-23:59),พุธ,summer,17,4.0,10.0,25.0,2.125,3.6875,สูง
สกลนคร,หัวค่ำ-ดึก (19:00-23:59),พุธ,winter,28,9.0,15.0,40.0,3.5,6.0,สูงมาก
สกลนคร,หัวค่ำ-ดึก (19:00-23:59),ศุกร์,rainy,15,3.0,11.0,19.0,1.875,3.0625,สูง
สกลนคร,หัวค่ำ-ดึก (19:00-23:59),ศุกร์,summer,14,5.0,13.0,26.0,1.75,3.375,สูง
สกลนคร,หัวค่ำ-ดึก (19:00-23:59),ศุกร์,winter,24,4.0,25.0,35.0,3.0,5.1875,สูงมาก
สกลนคร,หัวค่ำ-ดึก (19:00-23:59),อังคาร,rainy,18,0.0,11.0,10.0,2.25,2.875,ปานกลาง
สกลนคร,หัวค่ำ-ดึก (19:00-23:59),อังคาร,summer,11,6.0,8.0,32.0,1.375,3.375,สูง
สกลนคร,หัวค่ำ-ดึก (19:00-23:59),อังคาร,winter,22,6.0,13.0,31.0,2.75,4.6875,สูง
สกลนคร,หัวค่ำ-ดึก (19:00-23:59),อาทิตย์,rainy,16,8.0,10.0,34.0,2.0,4.125,สูง
สกลนคร,หัวค่ำ-ดึก (19:00-23:59),อาทิตย์,summer,13,5.0,12.0,24.0,1.625,3.125,สูง
สกลนคร,หัวค่ำ-ดึก (19:00-23:59),อาทิตย์,winter,16,6.0,14.0,36.0,2.0,4.25,สูง
สกลนคร,หัวค่ำ-ดึก (19:00-23:59),เสาร์,rainy,11,2.0,18.0,17.0,1.375,2.4375,ปานกลาง
สกลนคร,หัวค่ำ-ดึก (19:00-23:59),เสาร์,summer,15,3.0,12.0,14.0,1.875,2.75,ปานกลาง
สกลนคร,หัวค่ำ-ดึก (19:00-23:59),เสาร์,winter,20,8.0,9.0,33.0,2.5,4.5625,สูง
สกลนคร,เร่งด่วนเช้า (06:00-08:59),จันทร์,rainy,12,4.0,10.0,21.0,1.5,2.8125,ปานกลาง
สกลนคร,เร่งด่วนเช้า (06:00-08:59),จันทร์,summer,10,0.0,9.0,9.0,1.25,1.8125,ปานกลาง
สกลนคร,เร่งด่วนเช้า (06:00-08:59),จันทร์,winter,11,1.0,16.0,19.0,1.375,2.5625,ปานกลาง
สกลนคร,เร่งด่วนเช้า (06:00-08:59),พฤหัสบดี,rainy,9,1.0,1.0,4.0,1.125,1.375,ต่ำ
สกลนคร,เร่งด่วนเช้า (06:00-08:59),พฤหัสบดี,summer,11,2.0,6.0,11.0,1.375,2.0625,ปานกลาง
สกลนคร,เร่งด่วนเช้า (06:00-08:59),พฤหัสบดี,winter,12,2.0,9.0,16.0,1.5,2.5,ปานกลาง
สกลนคร,เร่งด่วนเช้า (06:00-08:59),พุธ,rainy,8,0.0,8.0,5.0,1.0,1.3125,ต่ำ
สกลนคร,เร่งด่วนเช้า (06:00-08:59),พุธ,summer,9,0.0,8.0,8.0,1.125,1.625,ปานกลาง
สกลนคร,เร่งด่วนเช้า (06:00-08:59),พุธ,winter,5,0.0,4.0,4.0,0.625,0.875,ต่ำ
สกลนคร,เร่งด่วนเช้า (06:00-08:59),ศุกร์,rainy,8,1.0,7.0,10.0,1.0,1.625,ปานกลาง
สกลนคร,เร่งด่วนเช้า (06:00-08:59),ศุกร์,summer,5,1.0,2.0,5.0,0.625,0.9375,ต่ำ
สกลนคร,เร่งด่วนเช้า (06:00-08:59),ศุกร์,winter,5,1.0,6.0,10.0,0.625,1.25,ต่ำ
สกลนคร,เร่งด่วนเช้า (06:00-08:59),อังคาร,rainy,5,2.0,3.0,9.0,0.625,1.1875,ต่ำ
สกลนคร,เร่งด่วนเช้า (06:00-08:59),อังคาร,summer,11,3.0,9.0,16.0,1.375,2.375,ปานกลาง
สกลนคร,เร่งด่วนเช้า (06:00-08:59),อังคาร,winter,11,0.0,13.0,15.0,1.375,2.3125,ปานกลาง
สกลนคร,เร่งด่วนเช้า (06:00-08:59),อาทิตย์,rainy,8,1.0,8.0,11.0,1.0,1.6875,ปานกลาง
สกลนคร,เร่งด่วนเช้า (06:00-08:59),อาทิตย์,summer,6,1.0,8.0,7.0,0.75,1.1875,ต่ำ
สกลนคร,เร่งด่วนเช้า (06:00-08:59),อาทิตย์,winter,5,2.0,1.0,7.0,0.625,1.0625,ต่ำ
สกลนคร,เร่งด่วนเช้า (06:00-08:59),เสาร์,rainy,7,1.0,11.0,16.0,0.875,1.875,ปานกลาง
สกลนคร,เร่งด่วนเช้า (06:00-08:59),เสาร์,summer,8,3.0,8.0,22.0,1.0,2.375,ปานกลาง
สกลนคร,เร่งด่วนเช้า (06:00-08:59),เสาร์,winter,8,3.0,7.0,16.0,1.0,2.0,ปานกลาง
สกลนคร,เร่งด่วนเย็น (16:00-18:59),จันทร์,rainy,15,3.0,49.0,60.0,1.875,5.625,สูงมาก
สกลนคร,เร่งด่วนเย็น (16:00-18:59),จันทร์,summer,17,4.0,15.0,26.0,2.125,3.75,สูง
สกลนคร,เร่งด่วนเย็น (16:00-18:59),จันทร์,winter,9,4.0,4.0,15.0,1.125,2.0625,ปานกลาง
สกลนคร,เร่งด่วนเย็น (16:00-18:59),พฤหัสบดี,rainy,14,1.0,11.0,13.0,1.75,2.5625,ปานกลาง
สกลนคร,เร่งด่วนเย็น (16:00-18:59),พฤหัสบดี,summer,11,1.0,11.0,12.0,1.375,2.125,ปานกลาง
สกลนคร,เร่งด่วนเย็น (16:00-18:59),พฤหัสบดี,winter,11,2.0,6.0,13.0,1.375,2.1875,ปานกลาง
สกลนคร,เร่งด่วนเย็น (16:00-18:59),พุธ,rainy,11,2.0,11.0,15.0,1.375,2.3125,ปานกลาง
สกลนคร,เร่งด่วนเย็น (16:00-18:59),พุธ,summer,11,2.0,8.0,13.0,1.375,2.1875,ปานกลาง
สกลนคร,เร่งด่วนเย็น (16:00-18:59),พุธ,winter,18,6.0,15.0,36.0,2.25,4.5,สูง
สกลนคร,เร่งด่วนเย็น (16:00-18:59),ศุกร์,rainy,12,1.0,14.0,20.0,1.5,2.75,ปานกลาง
สกลนคร,เร่งด่วนเย็น (16:00-18:59),ศุกร์,summer,23,3.0,47.0,40.0,2.875,5.375,สูงมาก
สกลนคร,เร่งด่วนเย็น (16:00-18:59),ศุกร์,winter,26,4.0,22.0,35.0,3.25,5.4375,สูงมาก
สกลนคร,เร่งด่วนเย็น (16:00-18:59),อังคาร,rainy,12,4.0,10.0,23.0,1.5,2.9375,ปานกลาง
สกลนคร,เร่งด่วนเย็น (16:00-18:59),อังคาร,summer,9,2.0,25.0,29.0,1.125,2.9375,ปานกลาง
สกลนคร,เร่งด่วนเย็น (16:00-18:59),อังคาร,winter,23,7.0,29.0,48.0,2.875,5.875,สูงมาก
สกลนคร,เร่งด่วนเย็น (16:00-18:59),อาทิตย์,rainy,10,3.0,6.0,18.0,1.25,2.375,ปานกลาง
สกลนคร,เร่งด่วนเย็น (16:00-18:59),อาทิตย์,summer,14,6.0,7.0,24.0,1.75,3.25,สูง
สกลนคร,เร่งด่วนเย็น (16:00-18:59),อาทิตย์,winter,12,1.0,7.0,10.0,1.5,2.125,ปานกลาง
สกลนคร,เร่งด่วนเย็น (16:00-18:59),เสาร์,rainy,3,0.0,3.0,3.0,0.375,0.5625,ต่ำ
สกลนคร,เร่งด่วนเย็น (16:00-18:59),เสาร์,summer,11,0.0,8.0,6.0,1.375,1.75,ปานกลาง
สกลนคร,เร่งด่วนเย็น (16:00-18:59),เสาร์,winter,14,4.0,11.0,23.0,1.75,3.1875,สูง
สงขลา,กลางดึก (00:00-05:59),จันทร์,rainy,23,4.0,23.0,36.0,2.875,5.125,สูงมาก
สงขลา,กลางดึก (00:00-05:59),จันทร์,summer,17,1.0,15.0,20.0,2.125,3.375,สูง
สงขลา,กลางดึก (00:00-05:59),จันทร์,winter,17,1.0,16.0,16.0,2.125,3.125,สูง
สงขลา,กลางดึก (00:00-05:59),พฤหัสบดี,rainy,36,2.0,30.0,23.0,4.5,5.9375,สูงมาก
สงขลา,กลางดึก (00:00-05:59),พฤหัสบดี,summer,20,6.0,37.0,75.0,2.5,7.1875,สูงมาก
สงขลา,กลางดึก (00:00-05:59),พฤหัสบดี,winter,21,0.0,13.0,7.0,2.625,3.0625,สูง
สงขลา,กลางดึก (00:00-05:59),พุธ,rainy,19,1.0,23.0,25.0,2.375,3.9375,สูง
สงขลา,กลางดึก (00:00-05:59),พุธ,summer,21,2.0,16.0,22.0,2.625,4.0,สูง
สงขลา,กลางดึก (00:00-05:59),พุธ,winter,26,3.0,15.0,24.0,3.25,4.75,สูง
สงขลา,กลางดึก (00:00-05:59),ศุกร์,rainy,26,2.0,23.0,27.0,3.25,4.9375,สูง
สงขลา,กลางดึก (00:00-05:59),ศุกร์,summer,20,0.0,14.0,16.0,2.5,3.5,สูง
สงขลา,กลางดึก (00:00-05:59),ศุกร์,winter,24,9.0,9.0,35.0,3.0,5.1875,สูงมาก
สงขลา,กลางดึก (00:00-05:59),อังคาร,rainy,31,6.0,36.0,55.0,3.875,7.3125,สูงมาก
สงขลา,กลางดึก (00:00-05:59),อังคาร,summer,10,0.0,9.0,11.0,1.25,1.9375,ปานกลาง
สงขลา,กลางดึก (00:00-05:59),อังคาร,winter,18,4.0,7.0,17.0,2.25,3.3125,สูง
สงขลา,กลางดึก (00:00-05:59),อาทิตย์,rainy,44,6.0,33.0,50.0,5.5,8.625,สูงมาก
สงขลา,กลางดึก (00:00-05:59),อาทิตย์,summer,24,2.0,30.0,34.0,3.0,5.125,สูงมาก
สงขลา,กลางดึก (00:00-05:59),อาทิตย์,winter,27,9.0,14.0,40.0,3.375,5.875,สูงมาก
สงขลา,กลางดึก (00:00-05:59),เสาร์,rainy,30,6.0,26.0,45.0,3.75,6.5625,สูงมาก
สงขลา,กลางดึก (00:00-05:59),เสาร์,summer,22,2.0,17.0,23.0,2.75,4.1875,สูง
สงขลา,กลางดึก (00:00-05:59),เสาร์,winter,36,3.0,32.0,36.0,4.5,6.75,สูงมาก
สงขลา,กลางวัน (09:00-15:59),จันทร์,rainy,55,6.0,60.0,65.0,6.875,10.9375,สูงมาก
สงขลา,กลางวัน (09:00-15:59),จันทร์,summer,30,7.0,17.0,38.0,3.75,6.125,สูงมาก
สงขลา,กลางวัน (09:00-15:59),จันทร์,winter,50,4.0,44.0,58.0,6.25,9.875,สูงมาก
สงขลา,กลางวัน (09:00-15:59),พฤหัสบดี,rainy,40,2.0,20.0,25.0,5.0,6.5625,สูงมาก
สงขลา,กลางวัน (09:00-15:59),พฤหัสบดี,summer,41,2.0,44.0,48.0,5.125,8.125,สูงมาก
สงขลา,กลางวัน (09:00-15:59),พฤหัสบดี,winter,47,15.0,67.0,114.0,5.875,13.0,สูงมาก
สงขลา,กลางวัน (09:00-15:59),พุธ,rainy,44,4.0,43.0,60.0,5.5,9.25,สูงมาก
สงขลา,กลางวัน (09:00-15:59),พุธ,summer,34,6.0,31.0,48.0,4.25,7.25,สูงมาก
สงขลา,กลางวัน (09:00-15:59),พุธ,winter,43,2.0,46.0,53.0,5.375,8.6875,สูงมาก
สงขลา,กลางวัน (09:00-15:59),ศุกร์,rainy,40,4.0,43.0,66.0,5.0,9.125,สูงมาก
สงขลา,กลางวัน (09:00-15:59),ศุกร์,summer,32,2.0,31.0,26.0,4.0,5.625,สูงมาก
สงขลา,กลางวัน (09:00-15:59),ศุกร์,winter,32,3.0,54.0,61.0,4.0,7.8125,สูงมาก
สงขลา,กลางวัน (09:00-15:59),อังคาร,rainy,41,8.0,25.0,45.0,5.125,7.9375,สูงมาก
สงขลา,กลางวัน (09:00-15:59),อังคาร,summer,34,1.0,31.0,41.0,4.25,6.8125,สูงมาก
สงขลา,กลางวัน (09:00-15:59),อังคาร,winter,43,4.0,55.0,61.0,5.375,9.1875,สูงมาก
สงขลา,กลางวัน (09:00-15:59),อาทิตย์,rainy,30,3.0,48.0,46.0,3.75,6.625,สูงมาก
สงขลา,กลางวัน (09:00-15:59),อาทิตย์,summer,31,4.0,28.0,43.0,3.875,6.5625,สูงมาก
สงขลา,กลางวัน (09:00-15:59),อาทิตย์,winter,31,1.0,40.0,36.0,3.875,6.125,สูงมาก
สงขลา,กลางวัน (09:00-15:59),เสาร์,rainy,30,4.0,28.0,35.0,3.75,5.9375,สูงมาก
สงขลา,กลางวัน (09:00-15:59),เสาร์,summer,33,4.0,48.0,61.0,4.125,7.9375,สูงมาก
สงขลา,กลางวัน (09:00-15:59),เสาร์,winter,28,2.0,26.0,33.0,3.5,5.5625,สูงมาก
สงขลา,หัวค่ำ-ดึก (19:00-23:59),จันทร์,rainy,24,2.0,42.0,49.0,3.0,6.0625,สูงมาก
สงขลา,หัวค่ำ-ดึก (19:00-23:59),จันทร์,summer,6,2.0,6.0,13.0,0.75,1.5625,ต่ำ
สงขลา,หัวค่ำ-ดึก (19:00-23:59),จันทร์,winter,21,8.0,20.0,43.0,2.625,5.3125,สูงมาก
สงขลา,หัวค่ำ-ดึก (19:00-23:59),พฤหัสบดี,rainy,18,6.0,16.0,31.0,2.25,4.1875,สูง
สงขลา,หัวค่ำ-ดึก (19:00-23:59),พฤหัสบดี,summer,17,5.0,21.0,34.0,2.125,4.25,สูง
สงขลา,หัวค่ำ-ดึก (19:00-23:59),พฤหัสบดี,winter,26,2.0,20.0,26.0,3.25,4.875,สูง
สงขลา,หัวค่ำ-ดึก (19:00-23:59),พุธ,rainy,20,8.0,22.0,35.0,2.5,4.6875,สูง
สงขลา,หัวค่ำ-ดึก (19:00-23:59),พุธ,summer,12,1.0,10.0,14.0,1.5,2.375,ปานกลาง
สงขลา,หัวค่ำ-ดึก (19:00-23:59),พุธ,winter,28,3.0,19.0,26.0,3.5,5.125,สูงมาก
สงขลา,หัวค่ำ-ดึก (19:00-23:59),ศุกร์,rainy,18,4.0,19.0,28.0,2.25,4.0,สูง
สงขลา,หัวค่ำ-ดึก (19:00-23:59),ศุกร์,summer,22,4.0,19.0,31.0,2.75,4.6875,สูง
สงขลา,หัวค่ำ-ดึก (19:00-23:59),ศุกร์,winter,28,7.0,33.0,50.0,3.5,6.625,สูงมาก
สงขลา,หัวค่ำ-ดึก (19:00-23:59),อังคาร,rainy,13,1.0,9.0,14.0,1.625,2.5,ปานกลาง
สงขลา,หัวค่ำ-ดึก (19:00-23:59),อังคาร,summer,6,5.0,3.0,20.0,0.75,2.0,ปานกลาง
สงขลา,หัวค่ำ-ดึก (19:00-23:59),อังคาร,winter,22,0.0,16.0,18.0,2.75,3.875,สูง
สงขลา,หัวค่ำ-ดึก (19:00-23:59),อาทิตย์,rainy,21,5.0,12.0,23.0,2.625,4.0625,สูง
สงขลา,หัวค่ำ-ดึก (19:00-23:59),อาทิตย์,summer,17,6.0,19.0,36.0,2.125,4.375,สูง
สงขลา,หัวค่ำ-ดึก (19:00-23:59),อาทิตย์,winter,15,2.0,9.0,16.0,1.875,2.875,ปานกลาง
สงขลา,หัวค่ำ-ดึก (19:00-23:59),เสาร์,rainy,21,7.0,20.0,38.0,2.625,5.0,สูง
สงขลา,หัวค่ำ-ดึก (19:00-23:59),เสาร์,summer,18,5.0,10.0,26.0,2.25,3.875,สูง
สงขลา,หัวค่ำ-ดึก (19:00-23:59),เสาร์,winter,28,3.0,28.0,37.0,3.5,5.8125,สูงมาก
สงขลา,เร่งด่วนเช้า (06:00-08:59),จันทร์,rainy,16,3.0,11.0,23.0,2.0,3.4375,สูง
สงขลา,เร่งด่วนเช้า (06:00-08:59),จันทร์,summer,16,3.0,15.0,21.0,2.0,3.3125,สูง
สงขลา,เร่งด่วนเช้า (06:00-08:59),จันทร์,winter,22,2.0,14.0,19.0,2.75,3.9375,สูง
สงขลา,เร่งด่วนเช้า (06:00-08:59),พฤหัสบดี,rainy,18,1.0,13.0,15.0,2.25,3.1875,สูง
สงขลา,เร่งด่วนเช้า (06:00-08:59),พฤหัสบดี,summer,10,0.0,12.0,11.0,1.25,1.9375,ปานกลาง
สงขลา,เร่งด่วนเช้า (06:00-08:59),พฤหัสบดี,winter,12,2.0,53.0,59.0,1.5,5.1875,สูงมาก
สงขลา,เร่งด่วนเช้า (06:00-08:59),พุธ,rainy,15,2.0,14.0,20.0,1.875,3.125,สูง
สงขลา,เร่งด่วนเช้า (06:00-08:59),พุธ,summer,15,4.0,12.0,28.0,1.875,3.625,สูง
สงขลา,เร่งด่วนเช้า (06:00-08:59),พุธ,winter,13,3.0,13.0,21.0,1.625,2.9375,ปานกลาง
สงขลา,เร่งด่วนเช้า (06:00-08:59),ศุกร์,rainy,19,5.0,13.0,27.0,2.375,4.0625,สูง
สงขลา,เร่งด่วนเช้า (06:00-08:59),ศุกร์,summer,7,2.0,5.0,9.0,0.875,1.4375,ต่ำ
สงขลา,เร่งด่วนเช้า (06:00-08:59),ศุกร์,winter,19,3.0,27.0,31.0,2.375,4.3125,สูง
สงขลา,เร่งด่วนเช้า (06:00-08:59),อังคาร,rainy,7,2.0,6.0,14.0,0.875,1.75,ปานกลาง
สงขลา,เร่งด่วนเช้า (06:00-08:59),อังคาร,summer,21,3.0,43.0,60.0,2.625,6.375,สูงมาก
สงขลา,เร่งด่วนเช้า (06:00-08:59),อังคาร,winter,16,3.0,22.0,37.0,2.0,4.3125,สูง
สงขลา,เร่งด่วนเช้า (06:00-08:59),อาทิตย์,rainy,12,0.0,9.0,5.0,1.5,1.8125,ปานกลาง
สงขลา,เร่งด่วนเช้า (06:00-08:59),อาทิตย์,summer,11,1.0,10.0,14.0,1.375,2.25,ปานกลาง
สงขลา,เร่งด่วนเช้า (06:00-08:59),อาทิตย์,winter,8,0.0,4.0,4.0,1.0,1.25,ต่ำ
สงขลา,เร่งด่วนเช้า (06:00-08:59),เสาร์,rainy,14,4.0,10.0,18.0,1.75,2.875,ปานกลาง
สงขลา,เร่งด่วนเช้า (06:00-08:59),เสาร์,summer,9,3.0,18.0,27.0,1.125,2.8125,ปานกลาง
สงขลา,เร่งด่วนเช้า (06:00-08:59),เสาร์,winter,10,0.0,8.0,5.0,1.25,1.5625,ต่ำ
สงขลา,เร่งด่วนเย็น (16:00-18:59),จันทร์,rainy,24,5.0,35.0,42.0,3.0,5.625,สูงมาก
สงขลา,เร่งด่วนเย็น (16:00-18:59),จันทร์,summer,15,1.0,13.0,13.0,1.875,2.6875,ปานกลาง
สงขลา,เร่งด่วนเย็น (16:00-18:59),จันทร์,winter,13,1.0,11.0,14.0,1.625,2.5,ปานกลาง
สงขลา,เร่งด่วนเย็น (16:00-18:59),พฤหัสบดี,rainy,17,3.0,6.0,16.0,2.125,3.125,สูง
สงขลา,เร่งด่วนเย็น (16:00-18:59),พฤหัสบดี,summer,13,9.0,19.0,47.0,1.625,4.5625,สูง
สงขลา,เร่งด่วนเย็น (16:00-18:59),พฤหัสบดี,winter,11,1.0,10.0,12.0,1.375,2.125,ปานกลาง
สงขลา,เร่งด่วนเย็น (16:00-18:59),พุธ,rainy,16,3.0,7.0,17.0,2.0,3.0625,สูง
สงขลา,เร่งด่วนเย็น (16:00-18:59),พุธ,summer,10,0.0,9.0,8.0,1.25,1.75,ปานกลาง
สงขลา,เร่งด่วนเย็น (16:00-18:59),พุธ,winter,13,1.0,12.0,16.0,1.625,2.625,ปานกลาง
สงขลา,เร่งด่วนเย็น (16:00-18:59),ศุกร์,rainy,16,4.0,20.0,25.0,2.0,3.5625,สูง
สงขลา,เร่งด่วนเย็น (16:00-18:59),ศุกร์,summer,17,3.0,13.0,22.0,2.125,3.5,สูง
สงขลา,เร่งด่วนเย็น (16:00-18:59),ศุกร์,winter,9,1.0,18.0,12.0,1.125,1.875,ปานกลาง
สงขลา,เร่งด่วนเย็น (16:00-18:59),อังคาร,rainy,15,3.0,22.0,26.0,1.875,3.5,สูง
สงขลา,เร่งด่วนเย็น (16:00-18:59),อังคาร,summer,11,3.0,7.0,16.0,1.375,2.375,ปานกลาง
สงขลา,เร่งด่วนเย็น (16:00-18:59),อังคาร,winter,21,4.0,25.0,31.0,2.625,4.5625,สูง
สงขลา,เร่งด่วนเย็น (16:00-18:59),อาทิตย์,rainy,15,0.0,22.0,20.0,1.875,3.125,สูง
สงขลา,เร่งด่วนเย็น (16:00-18:59),อาทิตย์,summer,10,1.0,8.0,12.0,1.25,2.0,ปานกลาง
สงขลา,เร่งด่วนเย็น (16:00-18:59),อาทิตย์,winter,15,5.0,19.0,39.0,1.875,4.3125,สูง
สงขลา,เร่งด่วนเย็น (16:00-18:59),เสาร์,rainy,12,1.0,12.0,11.0,1.5,2.1875,ปานกลาง
สงขลา,เร่งด่วนเย็น (16:00-18:59),เสาร์,summer,13,2.0,10.0,17.0,1.625,2.6875,ปานกลาง
สงขลา,เร่งด่วนเย็น (16:00-18:59),เสาร์,winter,13,0.0,5.0,3.0,1.625,1.8125,ปานกลาง
สตูล,กลางดึก (00:00-05:59),จันทร์,rainy,1,1.0,0.0,3.0,0.125,0.3125,ต่ำ
สตูล,กลางดึก (00:00-05:59),จันทร์,summer,12,2.0,11.0,16.0,1.5,2.5,ปานกลาง
สตูล,กลางดึก (00:00-05:59),จันทร์,winter,3,0.0,1.0,1.0,0.375,0.4375,ต่ำ
สตูล,กลางดึก (00:00-05:59),พฤหัสบดี,rainy,5,0.0,2.0,2.0,0.625,0.75,ต่ำ
สตูล,กลางดึก (00:00-05:59),พฤหัสบดี,summer,6,0.0,4.0,4.0,0.75,1.0,ต่ำ
สตูล,กลางดึก (00:00-05:59),พฤหัสบดี,winter,5,1.0,3.0,5.0,0.625,0.9375,ต่ำ
สตูล,กลางดึก (00:00-05:59),พุธ,rainy,2,0.0,2.0,2.0,0.25,0.375,ต่ำ
สตูล,กลางดึก (00:00-05:59),พุธ,summer,3,0.0,2.0,2.0,0.375,0.5,ต่ำ
สตูล,กลางดึก (00:00-05:59),พุธ,winter,4,0.0,3.0,3.0,0.5,0.6875,ต่ำ
สตูล,กลางดึก (00:00-05:59),ศุกร์,rainy,2,0.0,2.0,2.0,0.25,0.375,ต่ำ
สตูล,กลางดึก (00:00-05:59),ศุกร์,summer,3,1.0,1.0,3.0,0.375,0.5625,ต่ำ
สตูล,กลางดึก (00:00-05:59),ศุกร์,winter,3,0.0,1.0,1.0,0.375,0.4375,ต่ำ
สตูล,กลางดึก (00:00-05:59),อังคาร,rainy,2,1.0,0.0,3.0,0.25,0.4375,ต่ำ
สตูล,กลางดึก (00:00-05:59),อังคาร,summer,2,0.0,1.0,1.0,0.25,0.3125,ต่ำ
สตูล,กลางดึก (00:00-05:59),อังคาร,winter,3,0.0,2.0,2.0,0.375,0.5,ต่ำ
สตูล,กลางดึก (00:00-05:59),อาทิตย์,rainy,6,0.0,1.0,1.0,0.75,0.8125,ต่ำ
สตูล,กลางดึก (00:00-05:59),อาทิตย์,summer,4,1.0,1.0,4.0,0.5,0.75,ต่ำ
สตูล,กลางดึก (00:00-05:59),อาทิตย์,winter,3,1.0,1.0,4.0,0.375,0.625,ต่ำ
สตูล,กลางดึก (00:00-05:59),เสาร์,rainy,5,1.0,4.0,7.0,0.625,1.0625,ต่ำ
สตูล,กลางดึก (00:00-05:59),เสาร์,summer,3,2.0,0.0,6.0,0.375,0.75,ต่ำ
สตูล,กลางดึก (00:00-05:59),เสาร์,winter,4,0.0,9.0,14.0,0.5,1.375,ต่ำ
สตูล,กลางวัน (09:00-15:59),จันทร์,rainy,9,0.0,7.0,6.0,1.125,1.5,ต่ำ
สตูล,กลางวัน (09:00-15:59),จันทร์,summer,9,2.0,9.0,15.0,1.125,2.0625,ปานกลาง
สตูล,กลางวัน (09:00-15:59),จันทร์,winter,13,1.0,13.0,15.0,1.625,2.5625,ปานกลาง
สตูล,กลางวัน (09:00-15:59),พฤหัสบดี,rainy,12,0.0,11.0,13.0,1.5,2.3125,ปานกลาง
สตูล,กลางวัน (09:00-15:59),พฤหัสบดี,summer,11,2.0,12.0,15.0,1.375,2.3125,ปานกลาง
สตูล,กลางวัน (09:00-15:59),พฤหัสบดี,winter,10,1.0,12.0,21.0,1.25,2.5625,ปานกลาง
สตูล,กลางวัน (09:00-15:59),พุธ,rainy,10,3.0,11.0,24.0,1.25,2.75,ปานกลาง
สตูล,กลางวัน (09:00-15:59),พุธ,summer,8,0.0,5.0,4.0,1.0,1.25,ต่ำ
สตูล,กลางวัน (09:00-15:59),พุธ,winter,15,2.0,17.0,17.0,1.875,2.9375,ปานกลาง
สตูล,กลางวัน (09:00-15:59),ศุกร์,rainy,12,2.0,8.0,8.0,1.5,2.0,ปานกลาง
สตูล,กลางวัน (09:00-15:59),ศุกร์,summer,8,0.0,8.0,6.0,1.0,1.375,ต่ำ
สตูล,กลางวัน (09:00-15:59),ศุกร์,winter,15,3.0,9.0,20.0,1.875,3.125,สูง
สตูล,กลางวัน (09:00-15:59),อังคาร,rainy,9,3.0,5.0,14.0,1.125,2.0,ปานกลาง
สตูล,กลางวัน (09:00-15:59),อังคาร,summer,11,1.0,15.0,18.0,1.375,2.5,ปานกลาง
สตูล,กลางวัน (09:00-15:59),อังคาร,winter,11,2.0,9.0,13.0,1.375,2.1875,ปานกลาง
สตูล,กลางวัน (09:00-15:59),อาทิตย์,rainy,7,2.0,12.0,18.0,0.875,2.0,ปานกลาง
สตูล,กลางวัน (09:00-15:59),อาทิตย์,summer,11,4.0,18.0,24.0,1.375,2.875,ปานกลาง
สตูล,กลางวัน (09:00-15:59),อาทิตย์,winter,16,2.0,20.0,27.0,2.0,3.6875,สูง
สตูล,กลางวัน (09:00-15:59),เสาร์,rainy,8,1.0,6.0,9.0,1.0,1.5625,ต่ำ
สตูล,กลางวัน (09:00-15:59),เสาร์,summer,9,2.0,23.0,31.0,1.125,3.0625,สูง
สตูล,กลางวัน (09:00-15:59),เสาร์,winter,4,0.0,7.0,6.0,0.5,0.875,ต่ำ
สตูล,หัวค่ำ-ดึก (19:00-23:59),จันทร์,rainy,6,2.0,4.0,12.0,0.75,1.5,ต่ำ
สตูล,หัวค่ำ-ดึก (19:00-23:59),จันทร์,summer,6,0.0,5.0,5.0,0.75,1.0625,ต่ำ
สตูล,หัวค่ำ-ดึก (19:00-23:59),จันทร์,winter,3,2.0,4.0,12.0,0.375,1.125,ต่ำ
สตูล,หัวค่ำ-ดึก (19:00-23:59),พฤหัสบดี,rainy,2,0.0,1.0,0.0,0.25,0.25,ต่ำ
สตูล,หัวค่ำ-ดึก (19:00-23:59),พฤหัสบดี,summer,6,0.0,4.0,5.0,0.75,1.0625,ต่ำ
สตูล,หัวค่ำ-ดึก (19:00-23:59),พฤหัสบดี,winter,5,1.0,3.0,6.0,0.625,1.0,ต่ำ
สตูล,หัวค่ำ-ดึก (19:00-23:59),พุธ,rainy,6,4.0,3.0,12.0,0.75,1.5,ต่ำ
สตูล,หัวค่ำ-ดึก (19:00-23:59),พุธ,summer,5,0.0,3.0,3.0,0.625,0.8125,ต่ำ
สตูล,หัวค่ำ-ดึก (19:00-23:59),พุธ,winter,6,1.0,7.0,9.0,0.75,1.3125,ต่ำ
สตูล,หัวค่ำ-ดึก (19:00-23:59),ศุกร์,rainy,2,0.0,1.0,0.0,0.25,0.25,ต่ำ
สตูล,หัวค่ำ-ดึก (19:00-23:59),ศุกร์,summer,9,2.0,8.0,15.0,1.125,2.0625,ปานกลาง
สตูล,หัวค่ำ-ดึก (19:00-23:59),ศุกร์,winter,1,0.0,1.0,1.0,0.125,0.1875,ต่ำ
สตูล,หัวค่ำ-ดึก (19:00-23:59),อังคาร,rainy,6,2.0,7.0,15.0,0.75,1.6875,ปานกลาง
สตูล,หัวค่ำ-ดึก (19:00-23:59),อังคาร,summer,1,1.0,3.0,8.0,0.125,0.625,ต่ำ
สตูล,หัวค่ำ-ดึก (19:00-23:59),อังคาร,winter,6,1.0,7.0,8.0,0.75,1.25,ต่ำ
สตูล,หัวค่ำ-ดึก (19:00-23:59),อาทิตย์,rainy,4,0.0,9.0,11.0,0.5,1.1875,ต่ำ
สตูล,หัวค่ำ-ดึก (19:00-23:59),อาทิตย์,summer,4,1.0,5.0,8.0,0.5,1.0,ต่ำ
สตูล,หัวค่ำ-ดึก (19:00-23:59),อาทิตย์,winter,3,0.0,4.0,2.0,0.375,0.5,ต่ำ
สตูล,หัวค่ำ-ดึก (19:00-23:59),เสาร์,rainy,5,2.0,4.0,10.0,0.625,1.25,ต่ำ
สตูล,หัวค่ำ-ดึก (19:00-23:59),เสาร์,summer,3,2.0,9.0,14.0,0.375,1.25,ต่ำ
สตูล,หัวค่ำ-ดึก (19:00-23:59),เสาร์,winter,3,1.0,3.0,4.0,0.375,0.625,ต่ำ
สตูล,เร่งด่วนเช้า (06:00-08:59),จันทร์,rainy,8,2.0,20.0,31.0,1.0,2.9375,ปานกลาง
สตูล,เร่งด่วนเช้า (06:00-08:59),จันทร์,summer,1,0.0,2.0,0.0,0.125,0.125,ต่ำ
สตูล,เร่งด่วนเช้า (06:00-08:59),จันทร์,winter,5,0.0,7.0,7.0,0.625,1.0625,ต่ำ
สตูล,เร่งด่วนเช้า (06:00-08:59),พฤหัสบดี,rainy,6,2.0,3.0,10.0,0.75,1.375,ต่ำ
สตูล,เร่งด่วนเช้า (06:00-08:59),พฤหัสบดี,summer,3,0.0,4.0,4.0,0.375,0.625,ต่ำ
สตูล,เร่งด่วนเช้า (06:00-08:59),พฤหัสบดี,winter,4,1.0,4.0,7.0,0.5,0.9375,ต่ำ
สตูล,เร่งด่วนเช้า (06:00-08:59),พุธ,rainy,4,2.0,6.0,12.0,0.5,1.25,ต่ำ
สตูล,เร่งด่วนเช้า (06:00-08:59),พุธ,summer,1,0.0,1.0,1.0,0.125,0.1875,ต่ำ
สตูล,เร่งด่วนเช้า (06:00-08:59),พุธ,winter,5,0.0,7.0,4.0,0.625,0.875,ต่ำ
สตูล,เร่งด่วนเช้า (06:00-08:59),ศุกร์,rainy,7,0.0,9.0,7.0,0.875,1.3125,ต่ำ
สตูล,เร่งด่วนเช้า (06:00-08:59),ศุกร์,summer,1,0.0,1.0,1.0,0.125,0.1875,ต่ำ
สตูล,เร่งด่วนเช้า (06:00-08:59),ศุกร์,winter,2,0.0,2.0,4.0,0.25,0.5,ต่ำ
สตูล,เร่งด่วนเช้า (06:00-08:59),อังคาร,rainy,3,1.0,2.0,5.0,0.375,0.6875,ต่ำ
สตูล,เร่งด่วนเช้า (06:00-08:59),อังคาร,summer,4,0.0,4.0,4.0,0.5,0.75,ต่ำ
สตูล,เร่งด่วนเช้า (06:00-08:59),อังคาร,winter,4,2.0,4.0,7.0,0.5,0.9375,ต่ำ
สตูล,เร่งด่วนเช้า (06:00-08:59),อาทิตย์,rainy,6,0.0,4.0,4.0,0.75,1.0,ต่ำ
สตูล,เร่งด่วนเช้า (06:00-08:59),อาทิตย์,summer,3,0.0,3.0,3.0,0.375,0.5625,ต่ำ
สตูล,เร่งด่วนเช้า (06:00-08:59),อาทิตย์,winter,1,1.0,0.0,3.0,0.125,0.3125,ต่ำ
สตูล,เร่งด่วนเช้า (06:00-08:59),เสาร์,rainy,3,1.0,2.0,6.0,0.375,0.75,ต่ำ
สตูล,เร่งด่วนเช้า (06:00-08:59),เสาร์,summer,5,0.0,6.0,8.0,0.625,1.125,ต่ำ
สตูล,เร่งด่วนเช้า (06:00-08:59),เสาร์,winter,3,1.0,4.0,7.0,0.375,0.8125,ต่ำ
สตูล,เร่งด่วนเย็น (16:00-18:59),จันทร์,rainy,7,3.0,7.0,12.0,0.875,1.625,ปานกลาง
สตูล,เร่งด่วนเย็น (16:00-18:59),จันทร์,summer,4,0.0,5.0,7.0,0.5,0.9375,ต่ำ
สตูล,เร่งด่วนเย็น (16:00-18:59),จันทร์,winter,5,0.0,6.0,5.0,0.625,0.9375,ต่ำ
สตูล,เร่งด่วนเย็น (16:00-18:59),พฤหัสบดี,rainy,7,0.0,11.0,8.0,0.875,1.375,ต่ำ
สตูล,เร่งด่วนเย็น (16:00-18:59),พฤหัสบดี,summer,6,0.0,7.0,7.0,0.75,1.1875,ต่ำ
สตูล,เร่งด่วนเย็น (16:00-18:59),พฤหัสบดี,winter,6,1.0,9.0,12.0,0.75,1.5,ต่ำ
สตูล,เร่งด่วนเย็น (16:00-18:59),พุธ,rainy,2,0.0,2.0,1.0,0.25,0.3125,ต่ำ
สตูล,เร่งด่วนเย็น (16:00-18:59),พุธ,summer,3,0.0,2.0,1.0,0.375,0.4375,ต่ำ
สตูล,เร่งด่วนเย็น (16:00-18:59),พุธ,winter,6,2.0,3.0,9.0,0.75,1.3125,ต่ำ
สตูล,เร่งด่วนเย็น (16:00-18:59),ศุกร์,rainy,6,2.0,6.0,11.0,0.75,1.4375,ต่ำ
สตูล,เร่งด่วนเย็น (16:00-18:59),ศุกร์,summer,7,0.0,6.0,4.0,0.875,1.125,ต่ำ
สตูล,เร่งด่วนเย็น (16:00-18:59),ศุกร์,winter,10,1.0,12.0,14.0,1.25,2.125,ปานกลาง
สตูล,เร่งด่วนเย็น (16:00-18:59),อังคาร,rainy,1,0.0,2.0,0.0,0.125,0.125,ต่ำ
สตูล,เร่งด่วนเย็น (16:00-18:59),อังคาร,summer,11,2.0,8.0,14.0,1.375,2.25,ปานกลาง
สตูล,เร่งด่วนเย็น (16:00-18:59),อังคาร,winter,1,0.0,1.0,1.0,0.125,0.1875,ต่ำ
สตูล,เร่งด่วนเย็น (16:00-18:59),อาทิตย์,rainy,4,4.0,6.0,16.0,0.5,1.5,ต่ำ
สตูล,เร่งด่วนเย็น (16:00-18:59),อาทิตย์,summer,4,2.0,4.0,8.0,0.5,1.0,ต่ำ
สตูล,เร่งด่วนเย็น (16:00-18:59),อาทิตย์,winter,4,0.0,4.0,3.0,0.5,0.6875,ต่ำ
สตูล,เร่งด่วนเย็น (16:00-18:59),เสาร์,rainy,4,0.0,5.0,2.0,0.5,0.625,ต่ำ
สตูล,เร่งด่วนเย็น (16:00-18:59),เสาร์,summer,6,1.0,5.0,6.0,0.75,1.125,ต่ำ
สตูล,เร่งด่วนเย็น (16:00-18:59),เสาร์,winter,8,1.0,7.0,14.0,1.0,1.875,ปานกลาง
สมุทรปราการ,กลางดึก (00:00-05:59),จันทร์,rainy,31,2.0,26.0,24.0,3.875,5.375,สูงมาก
สมุทรปราการ,กลางดึก (00:00-05:59),จันทร์,summer,23,3.0,18.0,31.0,2.875,4.8125,สูง
สมุทรปราการ,กลางดึก (00:00-05:59),จันทร์,winter,25,6.0,18.0,40.0,3.125,5.625,สูงมาก
สมุทรปราการ,กลางดึก (00:00-05:59),พฤหัสบดี,rainy,39,3.0,30.0,38.0,4.875,7.25,สูงมาก
สมุทรปราการ,กลางดึก (00:00-05:59),พฤหัสบดี,summer,33,3.0,28.0,37.0,4.125,6.4375,สูงมาก
สมุทรปราการ,กลางดึก (00:00-05:59),พฤหัสบดี,winter,22,6.0,11.0,33.0,2.75,4.8125,สูง
สมุทรปราการ,กลางดึก (00:00-05:59),พุธ,rainy,28,6.0,18.0,39.0,3.5,5.9375,สูงมาก
สมุทรปราการ,กลางดึก (00:00-05:59),พุธ,summer,31,1.0,24.0,31.0,3.875,5.8125,สูงมาก
สมุทรปราการ,กลางดึก (00:00-05:59),พุธ,winter,31,4.0,38.0,52.0,3.875,7.125,สูงมาก
สมุทรปราการ,กลางดึก (00:00-05:59),ศุกร์,rainy,23,2.0,17.0,22.0,2.875,4.25,สูง
สมุทรปราการ,กลางดึก (00:00-05:59),ศุกร์,summer,28,1.0,14.0,17.0,3.5,4.5625,สูง
สมุทรปราการ,กลางดึก (00:00-05:59),ศุกร์,winter,33,3.0,17.0,31.0,4.125,6.0625,สูงมาก
สมุทรปราการ,กลางดึก (00:00-05:59),อังคาร,rainy,30,4.0,26.0,41.0,3.75,6.3125,สูงมาก
สมุทรปราการ,กลางดึก (00:00-05:59),อังคาร,summer,24,5.0,17.0,27.0,3.0,4.6875,สูง
สมุทรปราการ,กลางดึก (00:00-05:59),อังคาร,winter,21,6.0,17.0,29.0,2.625,4.4375,สูง
สมุทรปราการ,กลางดึก (00:00-05:59),อาทิตย์,rainy,35,17.0,30.0,78.0,4.375,9.25,สูงมาก
สมุทรปราการ,กลางดึก (00:00-05:59),อาทิตย์,summer,33,9.0,37.0,67.0,4.125,8.3125,สูงมาก
สมุทรปราการ,กลางดึก (00:00-05:59),อาทิตย์,winter,25,3.0,21.0,31.0,3.125,5.0625,สูงมาก
สมุทรปราการ,กลางดึก (00:00-05:59),เสาร์,rainy,56,10.0,33.0,68.0,7.0,11.25,สูงมาก
สมุทรปราการ,กลางดึก (00:00-05:59),เสาร์,summer,40,7.0,27.0,48.0,5.0,8.0,สูงมาก
สมุทรปราการ,กลางดึก (00:00-05:59),เสาร์,winter,45,10.0,35.0,65.0,5.625,9.6875,สูงมาก
สมุทรปราการ,กลางวัน (09:00-15:59),จันทร์,rainy,76,3.0,50.0,61.0,9.5,13.3125,สูงมาก
สมุทรปราการ,กลางวัน (09:00-15:59),จันทร์,summer,59,3.0,45.0,48.0,7.375,10.375,สูงมาก
สมุทรปราการ,กลางวัน (09:00-15:59),จันทร์,winter,61,1.0,47.0,52.0,7.625,10.875,สูงมาก
สมุทรปราการ,กลางวัน (09:00-15:59),พฤหัสบดี,rainy,96,3.0,53.0,63.0,12.0,15.9375,สูงมาก
สมุทรปราการ,กลางวัน (09:00-15:59),พฤหัสบดี,summer,74,3.0,42.0,45.0,9.25,12.0625,สูงมาก
สมุทรปราการ,กลางวัน (09:00-15:59),พฤหัสบดี,winter,68,5.0,47.0,69.0,8.5,12.8125,สูงมาก
สมุทรปราการ,กลางวัน (09:00-15:59),พุธ,rainy,81,6.0,90.0,106.0,10.125,16.75,สูงมาก
สมุทรปราการ,กลางวัน (09:00-15:59),พุธ,summer,56,3.0,21.0,28.0,7.0,8.75,สูงมาก
สมุทรปราการ,กลางวัน (09:00-15:59),พุธ,winter,78,0.0,46.0,50.0,9.75,12.875,สูงมาก
สมุทรปราการ,กลางวัน (09:00-15:59),ศุกร์,rainy,122,5.0,51.0,63.0,15.25,19.1875,สูงมาก
สมุทรปราการ,กลางวัน (09:00-15:59),ศุกร์,summer,75,0.0,31.0,29.0,9.375,11.1875,สูงมาก
สมุทรปราการ,กลางวัน (09:00-15:59),ศุกร์,winter,96,9.0,44.0,65.0,12.0,16.0625,สูงมาก
สมุทรปราการ,กลางวัน (09:00-15:59),อังคาร,rainy,75,3.0,30.0,35.0,9.375,11.5625,สูงมาก
สมุทรปราการ,กลางวัน (09:00-15:59),อังคาร,summer,52,3.0,34.0,45.0,6.5,9.3125,สูงมาก
สมุทรปราการ,กลางวัน (09:00-15:59),อังคาร,winter,72,3.0,43.0,50.0,9.0,12.125,สูงมาก
สมุทรปราการ,กลางวัน (09:00-15:59),อาทิตย์,rainy,69,1.0,23.0,27.0,8.625,10.3125,สูงมาก
สมุทรปราการ,กลางวัน (09:00-15:59),อาทิตย์,summer,66,2.0,42.0,50.0,8.25,11.375,สูงมาก
สมุทรปราการ,กลางวัน (09:00-15:59),อาทิตย์,winter,86,5.0,60.0,81.0,10.75,15.8125,สูงมาก
สมุทรปราการ,กลางวัน (09:00-15:59),เสาร์,rainy,101,5.0,51.0,67.0,12.625,16.8125,สูงมาก
สมุทรปราการ,กลางวัน (09:00-15:59),เสาร์,summer,88,2.0,31.0,39.0,11.0,13.4375,สูงมาก
สมุทรปราการ,กลางวัน (09:00-15:59),เสาร์,winter,87,2.0,33.0,39.0,10.875,13.3125,สูงมาก
สมุทรปราการ,หัวค่ำ-ดึก (19:00-23:59),จันทร์,rainy,52,2.0,46.0,61.0,6.5,10.3125,สูงมาก
สมุทรปราการ,หัวค่ำ-ดึก (19:00-23:59),จันทร์,summer,23,5.0,17.0,32.0,2.875,4.875,สูง
สมุทรปราการ,หัวค่ำ-ดึก (19:00-23:59),จันทร์,winter,46,5.0,29.0,43.0,5.75,8.4375,สูงมาก
สมุทรปราการ,หัวค่ำ-ดึก (19:00-23:59),พฤหัสบดี,rainy,64,1.0,43.0,52.0,8.0,11.25,สูงมาก
สมุทรปราการ,หัวค่ำ-ดึก (19:00-23:59),พฤหัสบดี,summer,34,10.0,26.0,62.0,4.25,8.125,สูงมาก
สมุทรปราการ,หัวค่ำ-ดึก (19:00-23:59),พฤหัสบดี,winter,44,3.0,39.0,48.0,5.5,8.5,สูงมาก
สมุทรปราการ,หัวค่ำ-ดึก (19:00-23:59),พุธ,rainy,57,6.0,36.0,59.0,7.125,10.8125,สูงมาก
สมุทรปราการ,หัวค่ำ-ดึก (19:00-23:59),พุธ,summer,50,6.0,32.0,56.0,6.25,9.75,สูงมาก
สมุทรปราการ,หัวค่ำ-ดึก (19:00-23:59),พุธ,winter,50,10.0,27.0,62.0,6.25,10.125,สูงมาก
สมุทรปราการ,หัวค่ำ-ดึก (19:00-23:59),ศุกร์,rainy,78,6.0,58.0,75.0,9.75,14.4375,สูงมาก
สมุทรปราการ,หัวค่ำ-ดึก (19:00-23:59),ศุกร์,summer,52,3.0,28.0,42.0,6.5,9.125,สูงมาก
สมุทรปราการ,หัวค่ำ-ดึก (19:00-23:59),ศุกร์,winter,50,4.0,34.0,56.0,6.25,9.75,สูงมาก
สมุทรปราการ,หัวค่ำ-ดึก (19:00-23:59),อังคาร,rainy,60,9.0,42.0,76.0,7.5,12.25,สูงมาก
สมุทรปราการ,หัวค่ำ-ดึก (19:00-23:59),อังคาร,summer,40,5.0,24.0,41.0,5.0,7.5625,สูงมาก
สมุทรปราการ,หัวค่ำ-ดึก (19:00-23:59),อังคาร,winter,52,16.0,32.0,82.0,6.5,11.625,สูงมาก
สมุทรปราการ,หัวค่ำ-ดึก (19:00-23:59),อาทิตย์,rainy,54,2.0,38.0,46.0,6.75,9.625,สูงมาก
สมุทรปราการ,หัวค่ำ-ดึก (19:00-23:59),อาทิตย์,summer,45,1.0,35.0,54.0,5.625,9.0,สูงมาก
สมุทรปราการ,หัวค่ำ-ดึก (19:00-23:59),อาทิตย์,winter,39,3.0,25.0,32.0,4.875,6.875,สูงมาก
สมุทรปราการ,หัวค่ำ-ดึก (19:00-23:59),เสาร์,rainy,47,1.0,27.0,27.0,5.875,7.5625,สูงมาก
สมุทรปราการ,หัวค่ำ-ดึก (19:00-23:59),เสาร์,summer,37,2.0,26.0,32.0,4.625,6.625,สูงมาก
สมุทรปราการ,หัวค่ำ-ดึก (19:00-23:59),เสาร์,winter,54,7.0,34.0,55.0,6.75,10.1875,สูงมาก
สมุทรปราการ,เร่งด่วนเช้า (06:00-08:59),จันทร์,rainy,35,1.0,39.0,46.0,4.375,7.25,สูงมาก
สมุทรปราการ,เร่งด่วนเช้า (06:00-08:59),จันทร์,summer,26,3.0,11.0,21.0,3.25,4.5625,สูง
สมุทรปราการ,เร่งด่วนเช้า (06:00-08:59),จันทร์,winter,26,2.0,20.0,29.0,3.25,5.0625,สูงมาก
สมุทรปราการ,เร่งด่วนเช้า (06:00-08:59),พฤหัสบดี,rainy,38,2.0,29.0,35.0,4.75,6.9375,สูงมาก
สมุทรปราการ,เร่งด่วนเช้า (06:00-08:59),พฤหัสบดี,summer,29,1.0,23.0,30.0,3.625,5.5,สูงมาก
สมุทรปราการ,เร่งด่วนเช้า (06:00-08:59),พฤหัสบดี,winter,35,3.0,31.0,46.0,4.375,7.25,สูงมาก
สมุทรปราการ,เร่งด่วนเช้า (06:00-08:59),พุธ,rainy,31,1.0,28.0,28.0,3.875,5.625,สูงมาก
สมุทรปราการ,เร่งด่วนเช้า (06:00-08:59),พุธ,summer,23,2.0,15.0,26.0,2.875,4.5,สูง
สมุทรปราการ,เร่งด่วนเช้า (06:00-08:59),พุธ,winter,26,1.0,29.0,31.0,3.25,5.1875,สูงมาก
สมุทรปราการ,เร่งด่วนเช้า (06:00-08:59),ศุกร์,rainy,39,3.0,29.0,39.0,4.875,7.3125,สูงมาก
สมุทรปราการ,เร่งด่วนเช้า (06:00-08:59),ศุกร์,summer,25,3.0,34.0,42.0,3.125,5.75,สูงมาก
สมุทรปราการ,เร่งด่วนเช้า (06:00-08:59),ศุกร์,winter,33,3.0,22.0,32.0,4.125,6.125,สูงมาก
สมุทรปราการ,เร่งด่วนเช้า (06:00-08:59),อังคาร,rainy,36,3.0,55.0,37.0,4.5,6.8125,สูงมาก
สมุทรปราการ,เร่งด่วนเช้า (06:00-08:59),อังคาร,summer,27,2.0,25.0,27.0,3.375,5.0625,สูงมาก
สมุทรปราการ,เร่งด่วนเช้า (06:00-08:59),อังคาร,winter,31,1.0,24.0,29.0,3.875,5.6875,สูงมาก
สมุทรปราการ,เร่งด่วนเช้า (06:00-08:59),อาทิตย์,rainy,19,0.0,25.0,23.0,2.375,3.8125,สูง
สมุทรปราการ,เร่งด่วนเช้า (06:00-08:59),อาทิตย์,summer,19,1.0,15.0,20.0,2.375,3.625,สูง
สมุทรปราการ,เร่งด่วนเช้า (06:00-08:59),อาทิตย์,winter,22,3.0,18.0,29.0,2.75,4.5625,สูง
สมุทรปราการ,เร่งด่วนเช้า (06:00-08:59),เสาร์,rainy,25,5.0,22.0,46.0,3.125,6.0,สูงมาก
สมุทรปราการ,เร่งด่วนเช้า (06:00-08:59),เสาร์,summer,19,1.0,11.0,13.0,2.375,3.1875,สูง
สมุทรปราการ,เร่งด่วนเช้า (06:00-08:59),เสาร์,winter,29,2.0,24.0,34.0,3.625,5.75,สูงมาก
สมุทรปราการ,เร่งด่วนเย็น (16:00-18:59),จันทร์,rainy,37,6.0,35.0,58.0,4.625,8.25,สูงมาก
สมุทรปราการ,เร่งด่วนเย็น (16:00-18:59),จันทร์,summer,24,0.0,9.0,9.0,3.0,3.5625,สูง
สมุทรปราการ,เร่งด่วนเย็น (16:00-18:59),จันทร์,winter,35,0.0,17.0,19.0,4.375,5.5625,สูงมาก
สมุทรปราการ,เร่งด่วนเย็น (16:00-18:59),พฤหัสบดี,rainy,32,1.0,13.0,16.0,4.0,5.0,สูง
สมุทรปราการ,เร่งด่วนเย็น (16:00-18:59),พฤหัสบดี,summer,34,0.0,26.0,24.0,4.25,5.75,สูงมาก
สมุทรปราการ,เร่งด่วนเย็น (16:00-18:59),พฤหัสบดี,winter,27,5.0,10.0,27.0,3.375,5.0625,สูงมาก
สมุทรปราการ,เร่งด่วนเย็น (16:00-18:59),พุธ,rainy,37,3.0,28.0,35.0,4.625,6.8125,สูงมาก
สมุทรปราการ,เร่งด่วนเย็น (16:00-18:59),พุธ,summer,34,7.0,21.0,51.0,4.25,7.4375,สูงมาก
สมุทรปราการ,เร่งด่วนเย็น (16:00-18:59),พุธ,winter,22,0.0,13.0,11.0,2.75,3.4375,สูง
สมุทรปราการ,เร่งด่วนเย็น (16:00-18:59),ศุกร์,rainy,51,1.0,20.0,21.0,6.375,7.6875,สูงมาก
สมุทรปราการ,เร่งด่วนเย็น (16:00-18:59),ศุกร์,summer,32,1.0,21.0,27.0,4.0,5.6875,สูงมาก
สมุทรปราการ,เร่งด่วนเย็น (16:00-18:59),ศุกร์,winter,50,2.0,25.0,33.0,6.25,8.3125,สูงมาก
สมุทรปราการ,เร่งด่วนเย็น (16:00-18:59),อังคาร,rainy,47,2.0,22.0,30.0,5.875,7.75,สูงมาก
สมุทรปราการ,เร่งด่วนเย็น (16:00-18:59),อังคาร,summer,28,1.0,27.0,28.0,3.5,5.25,สูงมาก
สมุทรปราการ,เร่งด่วนเย็น (16:00-18:59),อังคาร,winter,35,1.0,27.0,26.0,4.375,6.0,สูงมาก
สมุทรปราการ,เร่งด่วนเย็น (16:00-18:59),อาทิตย์,rainy,51,4.0,45.0,72.0,6.375,10.875,สูงมาก
สมุทรปราการ,เร่งด่วนเย็น (16:00-18:59),อาทิตย์,summer,28,4.0,9.0,20.0,3.5,4.75,สูง
สมุทรปราการ,เร่งด่วนเย็น (16:00-18:59),อาทิตย์,winter,21,1.0,6.0,10.0,2.625,3.25,สูง
สมุทรปราการ,เร่งด่วนเย็น (16:00-18:59),เสาร์,rainy,34,6.0,29.0,43.0,4.25,6.9375,สูงมาก
สมุทรปราการ,เร่งด่วนเย็น (16:00-18:59),เสาร์,summer,29,3.0,39.0,51.0,3.625,6.8125,สูงมาก
สมุทรปราการ,เร่งด่วนเย็น (16:00-18:59),เสาร์,winter,28,0.0,7.0,6.0,3.5,3.875,สูง
สมุทรสงคราม,กลางดึก (00:00-05:59),จันทร์,rainy,10,2.0,4.0,10.0,1.25,1.875,ปานกลาง
สมุทรสงคราม,กลางดึก (00:00-05:59),จันทร์,summer,11,0.0,7.0,5.0,1.375,1.6875,ปานกลาง
สมุทรสงคราม,กลางดึก (00:00-05:59),จันทร์,winter,6,0.0,3.0,0.0,0.75,0.75,ต่ำ
สมุทรสงคราม,กลางดึก (00:00-05:59),พฤหัสบดี,rainy,9,0.0,11.0,11.0,1.125,1.8125,ปานกลาง
สมุทรสงคราม,กลางดึก (00:00-05:59),พฤหัสบดี,summer,5,0.0,6.0,6.0,0.625,1.0,ต่ำ
สมุทรสงคราม,กลางดึก (00:00-05:59),พฤหัสบดี,winter,5,0.0,2.0,4.0,0.625,0.875,ต่ำ
สมุทรสงคราม,กลางดึก (00:00-05:59),พุธ,rainy,12,2.0,9.0,15.0,1.5,2.4375,ปานกลาง
สมุทรสงคราม,กลางดึก (00:00-05:59),พุธ,summer,5,0.0,6.0,7.0,0.625,1.0625,ต่ำ
สมุทรสงคราม,กลางดึก (00:00-05:59),พุธ,winter,9,3.0,3.0,11.0,1.125,1.8125,ปานกลาง
สมุทรสงคราม,กลางดึก (00:00-05:59),ศุกร์,rainy,10,3.0,3.0,13.0,1.25,2.0625,ปานกลาง
สมุทรสงคราม,กลางดึก (00:00-05:59),ศุกร์,summer,7,1.0,5.0,10.0,0.875,1.5,ต่ำ
สมุทรสงคราม,กลางดึก (00:00-05:59),ศุกร์,winter,9,1.0,3.0,6.0,1.125,1.5,ต่ำ
สมุทรสงคราม,กลางดึก (00:00-05:59),อังคาร,rainy,8,1.0,8.0,4.0,1.0,1.25,ต่ำ
สมุทรสงคราม,กลางดึก (00:00-05:59),อังคาร,summer,6,3.0,1.0,10.0,0.75,1.375,ต่ำ
สมุทรสงคราม,กลางดึก (00:00-05:59),อังคาร,winter,9,0.0,7.0,7.0,1.125,1.5625,ต่ำ
สมุทรสงคราม,กลางดึก (00:00-05:59),อาทิตย์,rainy,9,1.0,4.0,7.0,1.125,1.5625,ต่ำ
สมุทรสงคราม,กลางดึก (00:00-05:59),อาทิตย์,summer,5,4.0,0.0,12.0,0.625,1.375,ต่ำ
สมุทรสงคราม,กลางดึก (00:00-05:59),อาทิตย์,winter,6,0.0,6.0,7.0,0.75,1.1875,ต่ำ
สมุทรสงคราม,กลางดึก (00:00-05:59),เสาร์,rainy,6,0.0,6.0,5.0,0.75,1.0625,ต่ำ
สมุทรสงคราม,กลางดึก (00:00-05:59),เสาร์,summer,8,0.0,6.0,5.0,1.0,1.3125,ต่ำ
สมุทรสงคราม,กลางดึก (00:00-05:59),เสาร์,winter,14,0.0,9.0,10.0,1.75,2.375,ปานกลาง
สมุทรสงคราม,กลางวัน (09:00-15:59),จันทร์,rainy,14,2.0,12.0,14.0,1.75,2.625,ปานกลาง
สมุทรสงคราม,กลางวัน (09:00-15:59),จันทร์,summer,14,1.0,9.0,12.0,1.75,2.5,ปานกลาง
สมุทรสงคราม,กลางวัน (09:00-15:59),จันทร์,winter,14,1.0,11.0,15.0,1.75,2.6875,ปานกลาง
สมุทรสงคราม,กลางวัน (09:00-15:59),พฤหัสบดี,rainy,8,0.0,5.0,6.0,1.0,1.375,ต่ำ
สมุทรสงคราม,กลางวัน (09:00-15:59),พฤหัสบดี,summer,7,2.0,3.0,9.0,0.875,1.4375,ต่ำ
สมุทรสงคราม,กลางวัน (09:00-15:59),พฤหัสบดี,winter,12,1.0,8.0,11.0,1.5,2.1875,ปานกลาง
สมุทรสงคราม,กลางวัน (09:00-15:59),พุธ,rainy,20,2.0,14.0,22.0,2.5,3.875,สูง
สมุทรสงคราม,กลางวัน (09:00-15:59),พุธ,summer,10,2.0,10.0,12.0,1.25,2.0,ปานกลาง
สมุทรสงคราม,กลางวัน (09:00-15:59),พุธ,winter,17,0.0,8.0,9.0,2.125,2.6875,ปานกลาง
สมุทรสงคราม,กลางวัน (09:00-15:59),ศุกร์,rainy,13,1.0,6.0,9.0,1.625,2.1875,ปานกลาง
สมุทรสงคราม,กลางวัน (09:00-15:59),ศุกร์,summer,12,1.0,12.0,11.0,1.5,2.1875,ปานกลาง
สมุทรสงคราม,กลางวัน (09:00-15:59),ศุกร์,winter,11,2.0,10.0,14.0,1.375,2.25,ปานกลาง
สมุทรสงคราม,กลางวัน (09:00-15:59),อังคาร,rainy,8,0.0,2.0,2.0,1.0,1.125,ต่ำ
สมุทรสงคราม,กลางวัน (09:00-15:59),อังคาร,summer,11,0.0,6.0,7.0,1.375,1.8125,ปานกลาง
สมุทรสงคราม,กลางวัน (09:00-15:59),อังคาร,winter,6,0.0,5.0,5.0,0.75,1.0625,ต่ำ
สมุทรสงคราม,กลางวัน (09:00-15:59),อาทิตย์,rainy,15,2.0,9.0,11.0,1.875,2.5625,ปานกลาง
สมุทรสงคราม,กลางวัน (09:00-15:59),อาทิตย์,summer,11,1.0,10.0,12.0,1.375,2.125,ปานกลาง
สมุทรสงคราม,กลางวัน (09:00-15:59),อาทิตย์,winter,20,3.0,24.0,33.0,2.5,4.5625,สูง
สมุทรสงคราม,กลางวัน (09:00-15:59),เสาร์,rainy,13,1.0,11.0,11.0,1.625,2.3125,ปานกลาง
สมุทรสงคราม,กลางวัน (09:00-15:59),เสาร์,summer,11,1.0,12.0,14.0,1.375,2.25,ปานกลาง
สมุทรสงคราม,กลางวัน (09:00-15:59),เสาร์,winter,13,1.0,11.0,9.0,1.625,2.1875,ปานกลาง
สมุทรสงคราม,หัวค่ำ-ดึก (19:00-23:59),จันทร์,rainy,17,5.0,8.0,22.0,2.125,3.5,สูง
สมุทรสงคราม,หัวค่ำ-ดึก (19:00-23:59),จันทร์,summer,11,0.0,9.0,8.0,1.375,1.875,ปานกลาง
สมุทรสงคราม,หัวค่ำ-ดึก (19:00-23:59),จันทร์,winter,9,0.0,12.0,13.0,1.125,1.9375,ปานกลาง
สมุทรสงคราม,หัวค่ำ-ดึก (19:00-23:59),พฤหัสบดี,rainy,12,2.0,8.0,14.0,1.5,2.375,ปานกลาง
สมุทรสงคราม,หัวค่ำ-ดึก (19:00-23:59),พฤหัสบดี,summer,6,0.0,9.0,10.0,0.75,1.375,ต่ำ
สมุทรสงคราม,หัวค่ำ-ดึก (19:00-23:59),พฤหัสบดี,winter,8,3.0,3.0,12.0,1.0,1.75,ปานกลาง
สมุทรสงคราม,หัวค่ำ-ดึก (19:00-23:59),พุธ,rainy,14,3.0,10.0,20.0,1.75,3.0,สูง
สมุทรสงคราม,หัวค่ำ-ดึก (19:00-23:59),พุธ,summer,8,2.0,3.0,9.0,1.0,1.5625,ต่ำ
สมุทรสงคราม,หัวค่ำ-ดึก (19:00-23:59),พุธ,winter,7,1.0,8.0,10.0,0.875,1.5,ต่ำ
สมุทรสงคราม,หัวค่ำ-ดึก (19:00-23:59),ศุกร์,rainy,12,3.0,11.0,21.0,1.5,2.8125,ปานกลาง
สมุทรสงคราม,หัวค่ำ-ดึก (19:00-23:59),ศุกร์,summer,11,0.0,9.0,10.0,1.375,2.0,ปานกลาง
สมุทรสงคราม,หัวค่ำ-ดึก (19:00-23:59),ศุกร์,winter,14,0.0,16.0,8.0,1.75,2.25,ปานกลาง
สมุทรสงคราม,หัวค่ำ-ดึก (19:00-23:59),อังคาร,rainy,10,0.0,10.0,11.0,1.25,1.9375,ปานกลาง
สมุทรสงคราม,หัวค่ำ-ดึก (19:00-23:59),อังคาร,summer,4,1.0,4.0,7.0,0.5,0.9375,ต่ำ
สมุทรสงคราม,หัวค่ำ-ดึก (19:00-23:59),อังคาร,winter,3,0.0,5.0,0.0,0.375,0.375,ต่ำ
สมุทรสงคราม,หัวค่ำ-ดึก (19:00-23:59),อาทิตย์,rainy,6,1.0,7.0,10.0,0.75,1.375,ต่ำ
สมุทรสงคราม,หัวค่ำ-ดึก (19:00-23:59),อาทิตย์,summer,4,0.0,3.0,0.0,0.5,0.5,ต่ำ
สมุทรสงคราม,หัวค่ำ-ดึก (19:00-23:59),อาทิตย์,winter,14,2.0,12.0,14.0,1.75,2.625,ปานกลาง
สมุทรสงคราม,หัวค่ำ-ดึก (19:00-23:59),เสาร์,rainy,9,1.0,10.0,13.0,1.125,1.9375,ปานกลาง
สมุทรสงคราม,หัวค่ำ-ดึก (19:00-23:59),เสาร์,summer,6,0.0,3.0,4.0,0.75,1.0,ต่ำ
สมุทรสงคราม,หัวค่ำ-ดึก (19:00-23:59),เสาร์,winter,13,2.0,9.0,14.0,1.625,2.5,ปานกลาง
สมุทรสงคราม,เร่งด่วนเช้า (06:00-08:59),จันทร์,rainy,7,0.0,1.0,1.0,0.875,0.9375,ต่ำ
สมุทรสงคราม,เร่งด่วนเช้า (06:00-08:59),จันทร์,summer,3,1.0,1.0,4.0,0.375,0.625,ต่ำ
สมุทรสงคราม,เร่งด่วนเช้า (06:00-08:59),จันทร์,winter,6,2.0,2.0,10.0,0.75,1.375,ต่ำ
สมุทรสงคราม,เร่งด่วนเช้า (06:00-08:59),พฤหัสบดี,rainy,6,0.0,13.0,13.0,0.75,1.5625,ต่ำ
สมุทรสงคราม,เร่งด่วนเช้า (06:00-08:59),พฤหัสบดี,summer,2,0.0,4.0,5.0,0.25,0.5625,ต่ำ
สมุทรสงคราม,เร่งด่วนเช้า (06:00-08:59),พฤหัสบดี,winter,5,0.0,4.0,4.0,0.625,0.875,ต่ำ
สมุทรสงคราม,เร่งด่วนเช้า (06:00-08:59),พุธ,rainy,6,1.0,3.0,6.0,0.75,1.125,ต่ำ
สมุทรสงคราม,เร่งด่วนเช้า (06:00-08:59),พุธ,summer,8,2.0,2.0,9.0,1.0,1.5625,ต่ำ
สมุทรสงคราม,เร่งด่วนเช้า (06:00-08:59),พุธ,winter,3,0.0,3.0,4.0,0.375,0.625,ต่ำ
สมุทรสงคราม,เร่งด่วนเช้า (06:00-08:59),ศุกร์,rainy,3,0.0,0.0,0.0,0.375,0.375,ต่ำ
สมุทรสงคราม,เร่งด่วนเช้า (06:00-08:59),ศุกร์,summer,6,1.0,4.0,5.0,0.75,1.0625,ต่ำ
สมุทรสงคราม,เร่งด่วนเช้า (06:00-08:59),ศุกร์,winter,7,0.0,7.0,8.0,0.875,1.375,ต่ำ
สมุทรสงคราม,เร่งด่วนเช้า (06:00-08:59),อังคาร,rainy,5,1.0,3.0,7.0,0.625,1.0625,ต่ำ
สมุทรสงคราม,เร่งด่วนเช้า (06:00-08:59),อังคาร,summer,2,0.0,2.0,3.0,0.25,0.4375,ต่ำ
สมุทรสงคราม,เร่งด่วนเช้า (06:00-08:59),อังคาร,winter,5,0.0,3.0,1.0,0.625,0.6875,ต่ำ
สมุทรสงคราม,เร่งด่วนเช้า (06:00-08:59),อาทิตย์,rainy,3,0.0,0.0,0.0,0.375,0.375,ต่ำ
สมุทรสงคราม,เร่งด่วนเช้า (06:00-08:59),อาทิตย์,summer,9,1.0,8.0,12.0,1.125,1.875,ปานกลาง
สมุทรสงคราม,เร่งด่วนเช้า (06:00-08:59),อาทิตย์,winter,4,1.0,13.0,4.0,0.5,0.75,ต่ำ
สมุทรสงคราม,เร่งด่วนเช้า (06:00-08:59),เสาร์,rainy,9,2.0,8.0,14.0,1.125,2.0,ปานกลาง
สมุทรสงคราม,เร่งด่วนเช้า (06:00-08:59),เสาร์,summer,6,2.0,2.0,7.0,0.75,1.1875,ต่ำ
สมุทรสงคราม,เร่งด่วนเช้า (06:00-08:59),เสาร์,winter,5,0.0,7.0,8.0,0.625,1.125,ต่ำ
สมุทรสงคราม,เร่งด่วนเย็น (16:00-18:59),จันทร์,rainy,3,0.0,5.0,1.0,0.375,0.4375,ต่ำ
สมุทรสงคราม,เร่งด่วนเย็น (16:00-18:59),จันทร์,summer,7,1.0,5.0,9.0,0.875,1.4375,ต่ำ
สมุทรสงคราม,เร่งด่วนเย็น (16:00-18:59),จันทร์,winter,8,2.0,3.0,10.0,1.0,1.625,ปานกลาง
สมุทรสงคราม,เร่งด่วนเย็น (16:00-18:59),พฤหัสบดี,rainy,3,0.0,1.0,2.0,0.375,0.5,ต่ำ
สมุทรสงคราม,เร่งด่วนเย็น (16:00-18:59),พฤหัสบดี,summer,4,2.0,1.0,6.0,0.5,0.875,ต่ำ
สมุทรสงคราม,เร่งด่วนเย็น (16:00-18:59),พฤหัสบดี,winter,8,1.0,9.0,10.0,1.0,1.625,ปานกลาง
สมุทรสงคราม,เร่งด่วนเย็น (16:00-18:59),พุธ,rainy,6,0.0,6.0,4.0,0.75,1.0,ต่ำ
สมุทรสงคราม,เร่งด่วนเย็น (16:00-18:59),พุธ,summer,6,2.0,6.0,13.0,0.75,1.5625,ต่ำ
สมุทรสงคราม,เร่งด่วนเย็น (16:00-18:59),พุธ,winter,4,0.0,2.0,3.0,0.5,0.6875,ต่ำ
สมุทรสงคราม,เร่งด่วนเย็น (16:00-18:59),ศุกร์,rainy,7,0.0,2.0,4.0,0.875,1.125,ต่ำ
สมุทรสงคราม,เร่งด่วนเย็น (16:00-18:59),ศุกร์,summer,3,0.0,3.0,1.0,0.375,0.4375,ต่ำ
สมุทรสงคราม,เร่งด่วนเย็น (16:00-18:59),ศุกร์,winter,5,0.0,5.0,5.0,0.625,0.9375,ต่ำ
สมุทรสงคราม,เร่งด่วนเย็น (16:00-18:59),อังคาร,rainy,11,0.0,5.0,6.0,1.375,1.75,ปานกลาง
สมุทรสงคราม,เร่งด่วนเย็น (16:00-18:59),อังคาร,summer,6,0.0,5.0,2.0,0.75,0.875,ต่ำ
สมุทรสงคราม,เร่งด่วนเย็น (16:00-18:59),อังคาร,winter,7,0.0,5.0,3.0,0.875,1.0625,ต่ำ
สมุทรสงคราม,เร่งด่วนเย็น (16:00-18:59),อาทิตย์,rainy,4,1.0,3.0,7.0,0.5,0.9375,ต่ำ
สมุทรสงคราม,เร่งด่วนเย็น (16:00-18:59),อาทิตย์,summer,5,0.0,17.0,6.0,0.625,1.0,ต่ำ
สมุทรสงคราม,เร่งด่วนเย็น (16:00-18:59),อาทิตย์,winter,13,1.0,9.0,15.0,1.625,2.5625,ปานกลาง
สมุทรสงคราม,เร่งด่วนเย็น (16:00-18:59),เสาร์,rainy,7,0.0,12.0,13.0,0.875,1.6875,ปานกลาง
สมุทรสงคราม,เร่งด่วนเย็น (16:00-18:59),เสาร์,summer,9,1.0,10.0,7.0,1.125,1.5625,ต่ำ
สมุทรสงคราม,เร่งด่วนเย็น (16:00-18:59),เสาร์,winter,8,0.0,6.0,7.0,1.0,1.4375,ต่ำ
สมุทรสาคร,กลางดึก (00:00-05:59),จันทร์,rainy,27,3.0,15.0,21.0,3.375,4.6875,สูง
สมุทรสาคร,กลางดึก (00:00-05:59),จันทร์,summer,17,1.0,12.0,16.0,2.125,3.125,สูง
สมุทรสาคร,กลางดึก (00:00-05:59),จันทร์,winter,23,5.0,16.0,32.0,2.875,4.875,สูง
สมุทรสาคร,กลางดึก (00:00-05:59),พฤหัสบดี,rainy,26,3.0,8.0,14.0,3.25,4.125,สูง
สมุทรสาคร,กลางดึก (00:00-05:59),พฤหัสบดี,summer,13,1.0,6.0,9.0,1.625,2.1875,ปานกลาง
สมุทรสาคร,กลางดึก (00:00-05:59),พฤหัสบดี,winter,10,0.0,5.0,8.0,1.25,1.75,ปานกลาง
สมุทรสาคร,กลางดึก (00:00-05:59),พุธ,rainy,17,2.0,6.0,12.0,2.125,2.875,ปานกลาง
สมุทรสาคร,กลางดึก (00:00-05:59),พุธ,summer,11,2.0,6.0,14.0,1.375,2.25,ปานกลาง
สมุทรสาคร,กลางดึก (00:00-05:59),พุธ,winter,15,2.0,10.0,15.0,1.875,2.8125,ปานกลาง
สมุทรสาคร,กลางดึก (00:00-05:59),ศุกร์,rainy,22,3.0,13.0,21.0,2.75,4.0625,สูง
สมุทรสาคร,กลางดึก (00:00-05:59),ศุกร์,summer,14,1.0,6.0,7.0,1.75,2.1875,ปานกลาง
สมุทรสาคร,กลางดึก (00:00-05:59),ศุกร์,winter,12,3.0,13.0,20.0,1.5,2.75,ปานกลาง
สมุทรสาคร,กลางดึก (00:00-05:59),อังคาร,rainy,24,2.0,13.0,21.0,3.0,4.3125,สูง
สมุทรสาคร,กลางดึก (00:00-05:59),อังคาร,summer,20,3.0,17.0,27.0,2.5,4.1875,สูง
สมุทรสาคร,กลางดึก (00:00-05:59),อังคาร,winter,12,1.0,7.0,11.0,1.5,2.1875,ปานกลาง
สมุทรสาคร,กลางดึก (00:00-05:59),อาทิตย์,rainy,23,1.0,12.0,16.0,2.875,3.875,สูง
สมุทรสาคร,กลางดึก (00:00-05:59),อาทิตย์,summer,20,2.0,23.0,25.0,2.5,4.0625,สูง
สมุทรสาคร,กลางดึก (00:00-05:59),อาทิตย์,winter,27,5.0,18.0,40.0,3.375,5.875,สูงมาก
สมุทรสาคร,กลางดึก (00:00-05:59),เสาร์,rainy,31,2.0,14.0,18.0,3.875,5.0,สูง
สมุทรสาคร,กลางดึก (00:00-05:59),เสาร์,summer,13,2.0,11.0,17.0,1.625,2.6875,ปานกลาง
สมุทรสาคร,กลางดึก (00:00-05:59),เสาร์,winter,23,2.0,15.0,18.0,2.875,4.0,สูง
สมุทรสาคร,กลางวัน (09:00-15:59),จันทร์,rainy,40,1.0,16.0,19.0,5.0,6.1875,สูงมาก
สมุทรสาคร,กลางวัน (09:00-15:59),จันทร์,summer,30,1.0,11.0,12.0,3.75,4.5,สูง
สมุทรสาคร,กลางวัน (09:00-15:59),จันทร์,winter,42,0.0,20.0,16.0,5.25,6.25,สูงมาก
สมุทรสาคร,กลางวัน (09:00-15:59),พฤหัสบดี,rainy,43,2.0,12.0,13.0,5.375,6.1875,สูงมาก
สมุทรสาคร,กลางวัน (09:00-15:59),พฤหัสบดี,summer,17,0.0,13.0,10.0,2.125,2.75,ปานกลาง
สมุทรสาคร,กลางวัน (09:00-15:59),พฤหัสบดี,winter,44,5.0,14.0,28.0,5.5,7.25,สูงมาก
สมุทรสาคร,กลางวัน (09:00-15:59),พุธ,rainy,45,0.0,11.0,13.0,5.625,6.4375,สูงมาก
สมุทรสาคร,กลางวัน (09:00-15:59),พุธ,summer,24,1.0,5.0,11.0,3.0,3.6875,สูง
สมุทรสาคร,กลางวัน (09:00-15:59),พุธ,winter,56,0.0,31.0,31.0,7.0,8.9375,สูงมาก
สมุทรสาคร,กลางวัน (09:00-15:59),ศุกร์,rainy,50,3.0,22.0,29.0,6.25,8.0625,สูงมาก
สมุทรสาคร,กลางวัน (09:00-15:59),ศุกร์,summer,30,1.0,8.0,9.0,3.75,4.3125,สูง
สมุทรสาคร,กลางวัน (09:00-15:59),ศุกร์,winter,48,4.0,24.0,41.0,6.0,8.5625,สูงมาก
สมุทรสาคร,กลางวัน (09:00-15:59),อังคาร,rainy,43,1.0,10.0,15.0,5.375,6.3125,สูงมาก
สมุทรสาคร,กลางวัน (09:00-15:59),อังคาร,summer,29,3.0,19.0,28.0,3.625,5.375,สูงมาก
สมุทรสาคร,กลางวัน (09:00-15:59),อังคาร,winter,40,0.0,25.0,24.0,5.0,6.5,สูงมาก
สมุทรสาคร,กลางวัน (09:00-15:59),อาทิตย์,rainy,42,2.0,17.0,21.0,5.25,6.5625,สูงมาก
สมุทรสาคร,กลางวัน (09:00-15:59),อาทิตย์,summer,24,0.0,17.0,19.0,3.0,4.1875,สูง
สมุทรสาคร,กลางวัน (09:00-15:59),อาทิตย์,winter,37,1.0,21.0,27.0,4.625,6.3125,สูงมาก
สมุทรสาคร,กลางวัน (09:00-15:59),เสาร์,rainy,55,0.0,16.0,15.0,6.875,7.8125,สูงมาก
สมุทรสาคร,กลางวัน (09:00-15:59),เสาร์,summer,35,1.0,23.0,27.0,4.375,6.0625,สูงมาก
สมุทรสาคร,กลางวัน (09:00-15:59),เสาร์,winter,55,1.0,31.0,36.0,6.875,9.125,สูงมาก
สมุทรสาคร,หัวค่ำ-ดึก (19:00-23:59),จันทร์,rainy,21,0.0,14.0,15.0,2.625,3.5625,สูง
สมุทรสาคร,หัวค่ำ-ดึก (19:00-23:59),จันทร์,summer,16,3.0,12.0,19.0,2.0,3.1875,สูง
สมุทรสาคร,หัวค่ำ-ดึก (19:00-23:59),จันทร์,winter,24,1.0,13.0,15.0,3.0,3.9375,สูง
สมุทรสาคร,หัวค่ำ-ดึก (19:00-23:59),พฤหัสบดี,rainy,26,4.0,5.0,18.0,3.25,4.375,สูง
สมุทรสาคร,หัวค่ำ-ดึก (19:00-23:59),พฤหัสบดี,summer,21,3.0,13.0,22.0,2.625,4.0,สูง
สมุทรสาคร,หัวค่ำ-ดึก (19:00-23:59),พฤหัสบดี,winter,27,3.0,9.0,19.0,3.375,4.5625,สูง
สมุทรสาคร,หัวค่ำ-ดึก (19:00-23:59),พุธ,rainy,21,0.0,14.0,15.0,2.625,3.5625,สูง
สมุทรสาคร,หัวค่ำ-ดึก (19:00-23:59),พุธ,summer,19,5.0,26.0,42.0,2.375,5.0,สูง
สมุทรสาคร,หัวค่ำ-ดึก (19:00-23:59),พุธ,winter,24,3.0,6.0,15.0,3.0,3.9375,สูง
สมุทรสาคร,หัวค่ำ-ดึก (19:00-23:59),ศุกร์,rainy,36,2.0,12.0,14.0,4.5,5.375,สูงมาก
สมุทรสาคร,หัวค่ำ-ดึก (19:00-23:59),ศุกร์,summer,24,4.0,11.0,26.0,3.0,4.625,สูง
สมุทรสาคร,หัวค่ำ-ดึก (19:00-23:59),ศุกร์,winter,27,3.0,15.0,27.0,3.375,5.0625,สูงมาก
สมุทรสาคร,หัวค่ำ-ดึก (19:00-23:59),อังคาร,rainy,26,2.0,9.0,16.0,3.25,4.25,สูง
สมุทรสาคร,หัวค่ำ-ดึก (19:00-23:59),อังคาร,summer,17,1.0,9.0,9.0,2.125,2.6875,ปานกลาง
สมุทรสาคร,หัวค่ำ-ดึก (19:00-23:59),อังคาร,winter,23,3.0,12.0,22.0,2.875,4.25,สูง
สมุทรสาคร,หัวค่ำ-ดึก (19:00-23:59),อาทิตย์,rainy,23,7.0,21.0,45.0,2.875,5.6875,สูงมาก
สมุทรสาคร,หัวค่ำ-ดึก (19:00-23:59),อาทิตย์,summer,23,0.0,18.0,16.0,2.875,3.875,สูง
สมุทรสาคร,หัวค่ำ-ดึก (19:00-23:59),อาทิตย์,winter,23,0.0,18.0,12.0,2.875,3.625,สูง
สมุทรสาคร,หัวค่ำ-ดึก (19:00-23:59),เสาร์,rainy,34,9.0,12.0,42.0,4.25,6.875,สูงมาก
สมุทรสาคร,หัวค่ำ-ดึก (19:00-23:59),เสาร์,summer,9,2.0,5.0,13.0,1.125,1.9375,ปานกลาง
สมุทรสาคร,หัวค่ำ-ดึก (19:00-23:59),เสาร์,winter,20,4.0,7.0,20.0,2.5,3.75,สูง
สมุทรสาคร,เร่งด่วนเช้า (06:00-08:59),จันทร์,rainy,16,3.0,11.0,10.0,2.0,2.625,ปานกลาง
สมุทรสาคร,เร่งด่วนเช้า (06:00-08:59),จันทร์,summer,15,2.0,3.0,9.0,1.875,2.4375,ปานกลาง
สมุทรสาคร,เร่งด่วนเช้า (06:00-08:59),จันทร์,winter,22,0.0,7.0,7.0,2.75,3.1875,สูง
สมุทรสาคร,เร่งด่วนเช้า (06:00-08:59),พฤหัสบดี,rainy,22,1.0,16.0,18.0,2.75,3.875,สูง
สมุทรสาคร,เร่งด่วนเช้า (06:00-08:59),พฤหัสบดี,summer,13,0.0,5.0,4.0,1.625,1.875,ปานกลาง
สมุทรสาคร,เร่งด่วนเช้า (06:00-08:59),พฤหัสบดี,winter,15,0.0,13.0,11.0,1.875,2.5625,ปานกลาง
สมุทรสาคร,เร่งด่วนเช้า (06:00-08:59),พุธ,rainy,14,1.0,5.0,8.0,1.75,2.25,ปานกลาง
สมุทรสาคร,เร่งด่วนเช้า (06:00-08:59),พุธ,summer,10,0.0,6.0,5.0,1.25,1.5625,ต่ำ
สมุทรสาคร,เร่งด่วนเช้า (06:00-08:59),พุธ,winter,18,0.0,9.0,10.0,2.25,2.875,ปานกลาง
สมุทรสาคร,เร่งด่วนเช้า (06:00-08:59),ศุกร์,rainy,15,0.0,9.0,11.0,1.875,2.5625,ปานกลาง
สมุทรสาคร,เร่งด่วนเช้า (06:00-08:59),ศุกร์,summer,11,0.0,8.0,9.0,1.375,1.9375,ปานกลาง
สมุทรสาคร,เร่งด่วนเช้า (06:00-08:59),ศุกร์,winter,12,0.0,5.0,6.0,1.5,1.875,ปานกลาง
สมุทรสาคร,เร่งด่วนเช้า (06:00-08:59),อังคาร,rainy,10,1.0,3.0,6.0,1.25,1.625,ปานกลาง
สมุทรสาคร,เร่งด่วนเช้า (06:00-08:59),อังคาร,summer,7,1.0,3.0,7.0,0.875,1.3125,ต่ำ
สมุทรสาคร,เร่งด่วนเช้า (06:00-08:59),อังคาร,winter,11,1.0,6.0,12.0,1.375,2.125,ปานกลาง
สมุทรสาคร,เร่งด่วนเช้า (06:00-08:59),อาทิตย์,rainy,14,0.0,1.0,0.0,1.75,1.75,ปานกลาง
สมุทรสาคร,เร่งด่วนเช้า (06:00-08:59),อาทิตย์,summer,9,1.0,7.0,14.0,1.125,2.0,ปานกลาง
สมุทรสาคร,เร่งด่วนเช้า (06:00-08:59),อาทิตย์,winter,12,0.0,10.0,6.0,1.5,1.875,ปานกลาง
สมุทรสาคร,เร่งด่วนเช้า (06:00-08:59),เสาร์,rainy,20,1.0,4.0,6.0,2.5,2.875,ปานกลาง
สมุทรสาคร,เร่งด่วนเช้า (06:00-08:59),เสาร์,summer,15,0.0,9.0,9.0,1.875,2.4375,ปานกลาง
สมุทรสาคร,เร่งด่วนเช้า (06:00-08:59),เสาร์,winter,21,0.0,49.0,55.0,2.625,6.0625,สูงมาก
สมุทรสาคร,เร่งด่วนเย็น (16:00-18:59),จันทร์,rainy,22,2.0,10.0,12.0,2.75,3.5,สูง
สมุทรสาคร,เร่งด่วนเย็น (16:00-18:59),จันทร์,summer,6,0.0,6.0,8.0,0.75,1.25,ต่ำ
สมุทรสาคร,เร่งด่วนเย็น (16:00-18:59),จันทร์,winter,16,0.0,16.0,16.0,2.0,3.0,สูง
สมุทรสาคร,เร่งด่วนเย็น (16:00-18:59),พฤหัสบดี,rainy,20,0.0,15.0,13.0,2.5,3.3125,สูง
สมุทรสาคร,เร่งด่วนเย็น (16:00-18:59),พฤหัสบดี,summer,11,0.0,6.0,2.0,1.375,1.5,ต่ำ
สมุทรสาคร,เร่งด่วนเย็น (16:00-18:59),พฤหัสบดี,winter,10,0.0,6.0,9.0,1.25,1.8125,ปานกลาง
สมุทรสาคร,เร่งด่วนเย็น (16:00-18:59),พุธ,rainy,18,0.0,7.0,2.0,2.25,2.375,ปานกลาง
สมุทรสาคร,เร่งด่วนเย็น (16:00-18:59),พุธ,summer,13,0.0,7.0,5.0,1.625,1.9375,ปานกลาง
สมุทรสาคร,เร่งด่วนเย็น (16:00-18:59),พุธ,winter,17,0.0,5.0,4.0,2.125,2.375,ปานกลาง
สมุทรสาคร,เร่งด่วนเย็น (16:00-18:59),ศุกร์,rainy,13,0.0,8.0,7.0,1.625,2.0625,ปานกลาง
สมุทรสาคร,เร่งด่วนเย็น (16:00-18:59),ศุกร์,summer,13,1.0,6.0,7.0,1.625,2.0625,ปานกลาง
สมุทรสาคร,เร่งด่วนเย็น (16:00-18:59),ศุกร์,winter,17,0.0,3.0,2.0,2.125,2.25,ปานกลาง
สมุทรสาคร,เร่งด่วนเย็น (16:00-18:59),อังคาร,rainy,11,0.0,2.0,3.0,1.375,1.5625,ต่ำ
สมุทรสาคร,เร่งด่วนเย็น (16:00-18:59),อังคาร,summer,10,2.0,13.0,21.0,1.25,2.5625,ปานกลาง
สมุทรสาคร,เร่งด่วนเย็น (16:00-18:59),อังคาร,winter,15,3.0,18.0,29.0,1.875,3.6875,สูง
สมุทรสาคร,เร่งด่วนเย็น (16:00-18:59),อาทิตย์,rainy,17,1.0,10.0,8.0,2.125,2.625,ปานกลาง
สมุทรสาคร,เร่งด่วนเย็น (16:00-18:59),อาทิตย์,summer,7,1.0,6.0,9.0,0.875,1.4375,ต่ำ
สมุทรสาคร,เร่งด่วนเย็น (16:00-18:59),อาทิตย์,winter,15,0.0,19.0,20.0,1.875,3.125,สูง
สมุทรสาคร,เร่งด่วนเย็น (16:00-18:59),เสาร์,rainy,20,0.0,9.0,9.0,2.5,3.0625,สูง
สมุทรสาคร,เร่งด่วนเย็น (16:00-18:59),เสาร์,summer,8,0.0,2.0,3.0,1.0,1.1875,ต่ำ
สมุทรสาคร,เร่งด่วนเย็น (16:00-18:59),เสาร์,winter,9,0.0,0.0,0.0,1.125,1.125,ต่ำ
สระบุรี,กลางดึก (00:00-05:59),จันทร์,rainy,21,8.0,27.0,42.0,2.625,5.25,สูงมาก
สระบุรี,กลางดึก (00:00-05:59),จันทร์,summer,23,2.0,17.0,21.0,2.875,4.1875,สูง
สระบุรี,กลางดึก (00:00-05:59),จันทร์,winter,20,3.0,19.0,22.0,2.5,3.875,สูง
สระบุรี,กลางดึก (00:00-05:59),พฤหัสบดี,rainy,21,2.0,11.0,19.0,2.625,3.8125,สูง
สระบุรี,กลางดึก (00:00-05:59),พฤหัสบดี,summer,21,3.0,15.0,23.0,2.625,4.0625,สูง
สระบุรี,กลางดึก (00:00-05:59),พฤหัสบดี,winter,31,4.0,10.0,24.0,3.875,5.375,สูงมาก
สระบุรี,กลางดึก (00:00-05:59),พุธ,rainy,17,1.0,3.0,8.0,2.125,2.625,ปานกลาง
สระบุรี,กลางดึก (00:00-05:59),พุธ,summer,16,3.0,5.0,11.0,2.0,2.6875,ปานกลาง
สระบุรี,กลางดึก (00:00-05:59),พุธ,winter,24,5.0,7.0,17.0,3.0,4.0625,สูง
สระบุรี,กลางดึก (00:00-05:59),ศุกร์,rainy,22,1.0,6.0,8.0,2.75,3.25,สูง
สระบุรี,กลางดึก (00:00-05:59),ศุกร์,summer,21,2.0,12.0,15.0,2.625,3.5625,สูง
สระบุรี,กลางดึก (00:00-05:59),ศุกร์,winter,24,4.0,19.0,28.0,3.0,4.75,สูง
สระบุรี,กลางดึก (00:00-05:59),อังคาร,rainy,31,3.0,15.0,26.0,3.875,5.5,สูงมาก
สระบุรี,กลางดึก (00:00-05:59),อังคาร,summer,23,3.0,11.0,19.0,2.875,4.0625,สูง
สระบุรี,กลางดึก (00:00-05:59),อังคาร,winter,25,2.0,19.0,25.0,3.125,4.6875,สูง
สระบุรี,กลางดึก (00:00-05:59),อาทิตย์,rainy,32,4.0,11.0,24.0,4.0,5.5,สูงมาก
สระบุรี,กลางดึก (00:00-05:59),อาทิตย์,summer,20,4.0,3.0,16.0,2.5,3.5,สูง
สระบุรี,กลางดึก (00:00-05:59),อาทิตย์,winter,36,6.0,27.0,43.0,4.5,7.1875,สูงมาก
สระบุรี,กลางดึก (00:00-05:59),เสาร์,rainy,25,7.0,37.0,78.0,3.125,8.0,สูงมาก
สระบุรี,กลางดึก (00:00-05:59),เสาร์,summer,30,11.0,17.0,49.0,3.75,6.8125,สูงมาก
สระบุรี,กลางดึก (00:00-05:59),เสาร์,winter,28,4.0,24.0,39.0,3.5,5.9375,สูงมาก
สระบุรี,กลางวัน (09:00-15:59),จันทร์,rainy,31,7.0,19.0,46.0,3.875,6.75,สูงมาก
สระบุรี,กลางวัน (09:00-15:59),จันทร์,summer,22,2.0,18.0,22.0,2.75,4.125,สูง
สระบุรี,กลางวัน (09:00-15:59),จันทร์,winter,30,6.0,14.0,33.0,3.75,5.8125,สูงมาก
สระบุรี,กลางวัน (09:00-15:59),พฤหัสบดี,rainy,27,7.0,18.0,38.0,3.375,5.75,สูงมาก
สระบุรี,กลางวัน (09:00-15:59),พฤหัสบดี,summer,34,5.0,20.0,37.0,4.25,6.5625,สูงมาก
สระบุรี,กลางวัน (09:00-15:59),พฤหัสบดี,winter,35,4.0,17.0,33.0,4.375,6.4375,สูงมาก
สระบุรี,กลางวัน (09:00-15:59),พุธ,rainy,28,3.0,20.0,35.0,3.5,5.6875,สูงมาก
สระบุรี,กลางวัน (09:00-15:59),พุธ,summer,28,5.0,17.0,42.0,3.5,6.125,สูงมาก
สระบุรี,กลางวัน (09:00-15:59),พุธ,winter,31,4.0,44.0,45.0,3.875,6.6875,สูงมาก
สระบุรี,กลางวัน (09:00-15:59),ศุกร์,rainy,32,7.0,10.0,33.0,4.0,6.0625,สูงมาก
สระบุรี,กลางวัน (09:00-15:59),ศุกร์,summer,22,4.0,18.0,30.0,2.75,4.625,สูง
สระบุรี,กลางวัน (09:00-15:59),ศุกร์,winter,24,3.0,14.0,22.0,3.0,4.375,สูง
สระบุรี,กลางวัน (09:00-15:59),อังคาร,rainy,24,4.0,11.0,24.0,3.0,4.5,สูง
สระบุรี,กลางวัน (09:00-15:59),อังคาร,summer,27,4.0,31.0,38.0,3.375,5.75,สูงมาก
สระบุรี,กลางวัน (09:00-15:59),อังคาร,winter,34,7.0,26.0,46.0,4.25,7.125,สูงมาก
สระบุรี,กลางวัน (09:00-15:59),อาทิตย์,rainy,25,8.0,20.0,48.0,3.125,6.125,สูงมาก
สระบุรี,กลางวัน (09:00-15:59),อาทิตย์,summer,23,4.0,19.0,29.0,2.875,4.6875,สูง
สระบุรี,กลางวัน (09:00-15:59),อาทิตย์,winter,39,11.0,22.0,57.0,4.875,8.4375,สูงมาก
สระบุรี,กลางวัน (09:00-15:59),เสาร์,rainy,28,5.0,17.0,32.0,3.5,5.5,สูงมาก
สระบุรี,กลางวัน (09:00-15:59),เสาร์,summer,38,17.0,46.0,101.0,4.75,11.0625,สูงมาก
สระบุรี,กลางวัน (09:00-15:59),เสาร์,winter,22,2.0,6.0,12.0,2.75,3.5,สูง
สระบุรี,หัวค่ำ-ดึก (19:00-23:59),จันทร์,rainy,23,5.0,8.0,27.0,2.875,4.5625,สูง
สระบุรี,หัวค่ำ-ดึก (19:00-23:59),จันทร์,summer,26,2.0,14.0,24.0,3.25,4.75,สูง
สระบุรี,หัวค่ำ-ดึก (19:00-23:59),จันทร์,winter,25,4.0,12.0,23.0,3.125,4.5625,สูง
สระบุรี,หัวค่ำ-ดึก (19:00-23:59),พฤหัสบดี,rainy,28,7.0,18.0,41.0,3.5,6.0625,สูงมาก
สระบุรี,หัวค่ำ-ดึก (19:00-23:59),พฤหัสบดี,summer,24,6.0,30.0,34.0,3.0,5.125,สูงมาก
สระบุรี,หัวค่ำ-ดึก (19:00-23:59),พฤหัสบดี,winter,30,10.0,20.0,53.0,3.75,7.0625,สูงมาก
สระบุรี,หัวค่ำ-ดึก (19:00-23:59),พุธ,rainy,21,2.0,11.0,18.0,2.625,3.75,สูง
สระบุรี,หัวค่ำ-ดึก (19:00-23:59),พุธ,summer,12,1.0,8.0,11.0,1.5,2.1875,ปานกลาง
สระบุรี,หัวค่ำ-ดึก (19:00-23:59),พุธ,winter,28,3.0,28.0,41.0,3.5,6.0625,สูงมาก
สระบุรี,หัวค่ำ-ดึก (19:00-23:59),ศุกร์,rainy,22,7.0,10.0,29.0,2.75,4.5625,สูง
สระบุรี,หัวค่ำ-ดึก (19:00-23:59),ศุกร์,summer,14,0.0,5.0,5.0,1.75,2.0625,ปานกลาง
สระบุรี,หัวค่ำ-ดึก (19:00-23:59),ศุกร์,winter,27,6.0,15.0,36.0,3.375,5.625,สูงมาก
สระบุรี,หัวค่ำ-ดึก (19:00-23:59),อังคาร,rainy,16,6.0,13.0,30.0,2.0,3.875,สูง
สระบุรี,หัวค่ำ-ดึก (19:00-23:59),อังคาร,summer,14,5.0,9.0,25.0,1.75,3.3125,สูง
สระบุรี,หัวค่ำ-ดึก (19:00-23:59),อังคาร,winter,16,1.0,8.0,11.0,2.0,2.6875,ปานกลาง
สระบุรี,หัวค่ำ-ดึก (19:00-23:59),อาทิตย์,rainy,38,9.0,28.0,60.0,4.75,8.5,สูงมาก
สระบุรี,หัวค่ำ-ดึก (19:00-23:59),อาทิตย์,summer,23,4.0,24.0,35.0,2.875,5.0625,สูงมาก
สระบุรี,หัวค่ำ-ดึก (19:00-23:59),อาทิตย์,winter,18,2.0,17.0,22.0,2.25,3.625,สูง
สระบุรี,หัวค่ำ-ดึก (19:00-23:59),เสาร์,rainy,24,8.0,15.0,41.0,3.0,5.5625,สูงมาก
สระบุรี,หัวค่ำ-ดึก (19:00-23:59),เสาร์,summer,23,5.0,12.0,27.0,2.875,4.5625,สูง
สระบุรี,หัวค่ำ-ดึก (19:00-23:59),เสาร์,winter,33,6.0,18.0,34.0,4.125,6.25,สูงมาก
สระบุรี,เร่งด่วนเช้า (06:00-08:59),จันทร์,rainy,12,2.0,5.0,9.0,1.5,2.0625,ปานกลาง
สระบุรี,เร่งด่วนเช้า (06:00-08:59),จันทร์,summer,8,1.0,2.0,6.0,1.0,1.375,ต่ำ
สระบุรี,เร่งด่วนเช้า (06:00-08:59),จันทร์,winter,15,4.0,12.0,24.0,1.875,3.375,สูง
สระบุรี,เร่งด่วนเช้า (06:00-08:59),พฤหัสบดี,rainy,20,1.0,27.0,33.0,2.5,4.5625,สูง
สระบุรี,เร่งด่วนเช้า (06:00-08:59),พฤหัสบดี,summer,16,5.0,8.0,25.0,2.0,3.5625,สูง
สระบุรี,เร่งด่วนเช้า (06:00-08:59),พฤหัสบดี,winter,16,2.0,3.0,11.0,2.0,2.6875,ปานกลาง
สระบุรี,เร่งด่วนเช้า (06:00-08:59),พุธ,rainy,12,1.0,0.0,3.0,1.5,1.6875,ปานกลาง
สระบุรี,เร่งด่วนเช้า (06:00-08:59),พุธ,summer,8,0.0,3.0,1.0,1.0,1.0625,ต่ำ
สระบุรี,เร่งด่วนเช้า (06:00-08:59),พุธ,winter,7,1.0,4.0,9.0,0.875,1.4375,ต่ำ
สระบุรี,เร่งด่วนเช้า (06:00-08:59),ศุกร์,rainy,17,7.0,9.0,31.0,2.125,4.0625,สูง
สระบุรี,เร่งด่วนเช้า (06:00-08:59),ศุกร์,summer,7,3.0,2.0,12.0,0.875,1.625,ปานกลาง
สระบุรี,เร่งด่วนเช้า (06:00-08:59),ศุกร์,winter,22,1.0,42.0,48.0,2.75,5.75,สูงมาก
สระบุรี,เร่งด่วนเช้า (06:00-08:59),อังคาร,rainy,13,1.0,12.0,19.0,1.625,2.8125,ปานกลาง
สระบุรี,เร่งด่วนเช้า (06:00-08:59),อังคาร,summer,10,4.0,12.0,26.0,1.25,2.875,ปานกลาง
สระบุรี,เร่งด่วนเช้า (06:00-08:59),อังคาร,winter,9,3.0,1.0,9.0,1.125,1.6875,ปานกลาง
สระบุรี,เร่งด่วนเช้า (06:00-08:59),อาทิตย์,rainy,16,5.0,3.0,18.0,2.0,3.125,สูง
สระบุรี,เร่งด่วนเช้า (06:00-08:59),อาทิตย์,summer,11,2.0,10.0,12.0,1.375,2.125,ปานกลาง
สระบุรี,เร่งด่วนเช้า (06:00-08:59),อาทิตย์,winter,17,3.0,6.0,17.0,2.125,3.1875,สูง
สระบุรี,เร่งด่วนเช้า (06:00-08:59),เสาร์,rainy,17,3.0,19.0,35.0,2.125,4.3125,สูง
สระบุรี,เร่งด่วนเช้า (06:00-08:59),เสาร์,summer,9,1.0,6.0,11.0,1.125,1.8125,ปานกลาง
สระบุรี,เร่งด่วนเช้า (06:00-08:59),เสาร์,winter,14,3.0,8.0,19.0,1.75,2.9375,ปานกลาง
สระบุรี,เร่งด่วนเย็น (16:00-18:59),จันทร์,rainy,7,4.0,5.0,16.0,0.875,1.875,ปานกลาง
สระบุรี,เร่งด่วนเย็น (16:00-18:59),จันทร์,summer,7,1.0,7.0,12.0,0.875,1.625,ปานกลาง
สระบุรี,เร่งด่วนเย็น (16:00-18:59),จันทร์,winter,14,2.0,10.0,16.0,1.75,2.75,ปานกลาง
สระบุรี,เร่งด่วนเย็น (16:00-18:59),พฤหัสบดี,rainy,7,4.0,3.0,15.0,0.875,1.8125,ปานกลาง
สระบุรี,เร่งด่วนเย็น (16:00-18:59),พฤหัสบดี,summer,16,4.0,26.0,43.0,2.0,4.6875,สูง
สระบุรี,เร่งด่วนเย็น (16:00-18:59),พฤหัสบดี,winter,14,5.0,6.0,21.0,1.75,3.0625,สูง
สระบุรี,เร่งด่วนเย็น (16:00-18:59),พุธ,rainy,8,2.0,5.0,6.0,1.0,1.375,ต่ำ
สระบุรี,เร่งด่วนเย็น (16:00-18:59),พุธ,summer,8,0.0,22.0,22.0,1.0,2.375,ปานกลาง
สระบุรี,เร่งด่วนเย็น (16:00-18:59),พุธ,winter,15,4.0,7.0,22.0,1.875,3.25,สูง
สระบุรี,เร่งด่วนเย็น (16:00-18:59),ศุกร์,rainy,9,0.0,4.0,3.0,1.125,1.3125,ต่ำ
สระบุรี,เร่งด่วนเย็น (16:00-18:59),ศุกร์,summer,7,1.0,1.0,3.0,0.875,1.0625,ต่ำ
สระบุรี,เร่งด่วนเย็น (16:00-18:59),ศุกร์,winter,8,3.0,7.0,16.0,1.0,2.0,ปานกลาง
สระบุรี,เร่งด่วนเย็น (16:00-18:59),อังคาร,rainy,13,4.0,8.0,20.0,1.625,2.875,ปานกลาง
สระบุรี,เร่งด่วนเย็น (16:00-18:59),อังคาร,summer,12,0.0,19.0,10.0,1.5,2.125,ปานกลาง
สระบุรี,เร่งด่วนเย็น (16:00-18:59),อังคาร,winter,13,1.0,12.0,16.0,1.625,2.625,ปานกลาง
สระบุรี,เร่งด่วนเย็น (16:00-18:59),อาทิตย์,rainy,11,4.0,4.0,17.0,1.375,2.4375,ปานกลาง
สระบุรี,เร่งด่วนเย็น (16:00-18:59),อาทิตย์,summer,6,1.0,1.0,3.0,0.75,0.9375,ต่ำ
สระบุรี,เร่งด่วนเย็น (16:00-18:59),อาทิตย์,winter,23,2.0,24.0,38.0,2.875,5.25,สูงมาก
สระบุรี,เร่งด่วนเย็น (16:00-18:59),เสาร์,rainy,9,1.0,3.0,7.0,1.125,1.5625,ต่ำ
สระบุรี,เร่งด่วนเย็น (16:00-18:59),เสาร์,summer,9,2.0,8.0,12.0,1.125,1.875,ปานกลาง
สระบุรี,เร่งด่วนเย็น (16:00-18:59),เสาร์,winter,20,5.0,20.0,38.0,2.5,4.875,สูง
สระแก้ว,กลางดึก (00:00-05:59),จันทร์,rainy,7,1.0,7.0,11.0,0.875,1.5625,ต่ำ
สระแก้ว,กลางดึก (00:00-05:59),จันทร์,summer,13,3.0,7.0,16.0,1.625,2.625,ปานกลาง
สระแก้ว,กลางดึก (00:00-05:59),จันทร์,winter,13,2.0,4.0,9.0,1.625,2.1875,ปานกลาง
สระแก้ว,กลางดึก (00:00-05:59),พฤหัสบดี,rainy,9,2.0,2.0,8.0,1.125,1.625,ปานกลาง
สระแก้ว,กลางดึก (00:00-05:59),พฤหัสบดี,summer,7,1.0,4.0,8.0,0.875,1.375,ต่ำ
สระแก้ว,กลางดึก (00:00-05:59),พฤหัสบดี,winter,13,3.0,13.0,14.0,1.625,2.5,ปานกลาง
สระแก้ว,กลางดึก (00:00-05:59),พุธ,rainy,8,0.0,3.0,4.0,1.0,1.25,ต่ำ
สระแก้ว,กลางดึก (00:00-05:59),พุธ,summer,9,1.0,6.0,8.0,1.125,1.625,ปานกลาง
สระแก้ว,กลางดึก (00:00-05:59),พุธ,winter,12,2.0,5.0,12.0,1.5,2.25,ปานกลาง
สระแก้ว,กลางดึก (00:00-05:59),ศุกร์,rainy,12,0.0,4.0,4.0,1.5,1.75,ปานกลาง
สระแก้ว,กลางดึก (00:00-05:59),ศุกร์,summer,5,0.0,10.0,10.0,0.625,1.25,ต่ำ
สระแก้ว,กลางดึก (00:00-05:59),ศุกร์,winter,18,4.0,7.0,21.0,2.25,3.5625,สูง
สระแก้ว,กลางดึก (00:00-05:59),อังคาร,rainy,7,0.0,9.0,7.0,0.875,1.3125,ต่ำ
สระแก้ว,กลางดึก (00:00-05:59),อังคาร,summer,6,1.0,5.0,13.0,0.75,1.5625,ต่ำ
สระแก้ว,กลางดึก (00:00-05:59),อังคาร,winter,9,1.0,8.0,14.0,1.125,2.0,ปานกลาง
สระแก้ว,กลางดึก (00:00-05:59),อาทิตย์,rainy,11,11.0,11.0,40.0,1.375,3.875,สูง
สระแก้ว,กลางดึก (00:00-05:59),อาทิตย์,summer,8,1.0,5.0,6.0,1.0,1.375,ต่ำ
สระแก้ว,กลางดึก (00:00-05:59),อาทิตย์,winter,10,2.0,22.0,27.0,1.25,2.9375,สูง
สระแก้ว,กลางดึก (00:00-05:59),เสาร์,rainy,15,2.0,1.0,7.0,1.875,2.3125,ปานกลาง
สระแก้ว,กลางดึก (00:00-05:59),เสาร์,summer,14,7.0,22.0,44.0,1.75,4.5,สูง
สระแก้ว,กลางดึก (00:00-05:59),เสาร์,winter,12,0.0,5.0,5.0,1.5,1.8125,ปานกลาง
สระแก้ว,กลางวัน (09:00-15:59),จันทร์,rainy,24,2.0,12.0,20.0,3.0,4.25,สูง
สระแก้ว,กลางวัน (09:00-15:59),จันทร์,summer,22,6.0,10.0,32.0,2.75,4.75,สูง
สระแก้ว,กลางวัน (09:00-15:59),จันทร์,winter,19,3.0,14.0,31.0,2.375,4.3125,สูง
สระแก้ว,กลางวัน (09:00-15:59),พฤหัสบดี,rainy,25,8.0,23.0,38.0,3.125,5.5,สูงมาก
สระแก้ว,กลางวัน (09:00-15:59),พฤหัสบดี,summer,11,2.0,32.0,39.0,1.375,3.8125,สูง
สระแก้ว,กลางวัน (09:00-15:59),พฤหัสบดี,winter,20,4.0,21.0,36.0,2.5,4.75,สูง
สระแก้ว,กลางวัน (09:00-15:59),พุธ,rainy,25,3.0,13.0,15.0,3.125,4.0625,สูง
สระแก้ว,กลางวัน (09:00-15:59),พุธ,summer,13,0.0,10.0,8.0,1.625,2.125,ปานกลาง
สระแก้ว,กลางวัน (09:00-15:59),พุธ,winter,24,1.0,17.0,19.0,3.0,4.1875,สูง
สระแก้ว,กลางวัน (09:00-15:59),ศุกร์,rainy,10,0.0,2.0,4.0,1.25,1.5,ต่ำ
สระแก้ว,กลางวัน (09:00-15:59),ศุกร์,summer,7,1.0,1.0,4.0,0.875,1.125,ต่ำ
สระแก้ว,กลางวัน (09:00-15:59),ศุกร์,winter,23,4.0,51.0,54.0,2.875,6.25,สูงมาก
สระแก้ว,กลางวัน (09:00-15:59),อังคาร,rainy,21,4.0,15.0,28.0,2.625,4.375,สูง
สระแก้ว,กลางวัน (09:00-15:59),อังคาร,summer,26,6.0,27.0,37.0,3.25,5.5625,สูงมาก
สระแก้ว,กลางวัน (09:00-15:59),อังคาร,winter,22,2.0,21.0,30.0,2.75,4.625,สูง
สระแก้ว,กลางวัน (09:00-15:59),อาทิตย์,rainy,15,2.0,8.0,12.0,1.875,2.625,ปานกลาง
สระแก้ว,กลางวัน (09:00-15:59),อาทิตย์,summer,17,5.0,13.0,24.0,2.125,3.625,สูง
สระแก้ว,กลางวัน (09:00-15:59),อาทิตย์,winter,17,1.0,14.0,17.0,2.125,3.1875,สูง
สระแก้ว,กลางวัน (09:00-15:59),เสาร์,rainy,13,2.0,8.0,16.0,1.625,2.625,ปานกลาง
สระแก้ว,กลางวัน (09:00-15:59),เสาร์,summer,23,3.0,23.0,32.0,2.875,4.875,สูง
สระแก้ว,กลางวัน (09:00-15:59),เสาร์,winter,29,4.0,30.0,52.0,3.625,6.875,สูงมาก
สระแก้ว,หัวค่ำ-ดึก (19:00-23:59),จันทร์,rainy,6,1.0,18.0,21.0,0.75,2.0625,ปานกลาง
สระแก้ว,หัวค่ำ-ดึก (19:00-23:59),จันทร์,summer,13,3.0,10.0,23.0,1.625,3.0625,สูง
สระแก้ว,หัวค่ำ-ดึก (19:00-23:59),จันทร์,winter,3,0.0,2.0,2.0,0.375,0.5,ต่ำ
สระแก้ว,หัวค่ำ-ดึก (19:00-23:59),พฤหัสบดี,rainy,13,1.0,14.0,19.0,1.625,2.8125,ปานกลาง
สระแก้ว,หัวค่ำ-ดึก (19:00-23:59),พฤหัสบดี,summer,10,0.0,8.0,8.0,1.25,1.75,ปานกลาง
สระแก้ว,หัวค่ำ-ดึก (19:00-23:59),พฤหัสบดี,winter,17,7.0,15.0,46.0,2.125,5.0,สูง
สระแก้ว,หัวค่ำ-ดึก (19:00-23:59),พุธ,rainy,16,2.0,6.0,15.0,2.0,2.9375,สูง
สระแก้ว,หัวค่ำ-ดึก (19:00-23:59),พุธ,summer,14,0.0,13.0,12.0,1.75,2.5,ปานกลาง
สระแก้ว,หัวค่ำ-ดึก (19:00-23:59),พุธ,winter,12,2.0,10.0,12.0,1.5,2.25,ปานกลาง
สระแก้ว,หัวค่ำ-ดึก (19:00-23:59),ศุกร์,rainy,8,0.0,5.0,7.0,1.0,1.4375,ต่ำ
สระแก้ว,หัวค่ำ-ดึก (19:00-23:59),ศุกร์,summer,19,4.0,18.0,27.0,2.375,4.0625,สูง
สระแก้ว,หัวค่ำ-ดึก (19:00-23:59),ศุกร์,winter,13,0.0,9.0,9.0,1.625,2.1875,ปานกลาง
สระแก้ว,หัวค่ำ-ดึก (19:00-23:59),อังคาร,rainy,13,1.0,15.0,23.0,1.625,3.0625,สูง
สระแก้ว,หัวค่ำ-ดึก (19:00-23:59),อังคาร,summer,9,1.0,7.0,12.0,1.125,1.875,ปานกลาง
สระแก้ว,หัวค่ำ-ดึก (19:00-23:59),อังคาร,winter,19,5.0,18.0,29.0,2.375,4.1875,สูง
สระแก้ว,หัวค่ำ-ดึก (19:00-23:59),อาทิตย์,rainy,6,2.0,0.0,6.0,0.75,1.125,ต่ำ
สระแก้ว,หัวค่ำ-ดึก (19:00-23:59),อาทิตย์,summer,17,2.0,11.0,16.0,2.125,3.125,สูง
สระแก้ว,หัวค่ำ-ดึก (19:00-23:59),อาทิตย์,winter,14,6.0,23.0,28.0,1.75,3.5,สูง
สระแก้ว,หัวค่ำ-ดึก (19:00-23:59),เสาร์,rainy,6,2.0,10.0,15.0,0.75,1.6875,ปานกลาง
สระแก้ว,หัวค่ำ-ดึก (19:00-23:59),เสาร์,summer,15,4.0,25.0,34.0,1.875,4.0,สูง
สระแก้ว,หัวค่ำ-ดึก (19:00-23:59),เสาร์,winter,20,3.0,23.0,33.0,2.5,4.5625,สูง
สระแก้ว,เร่งด่วนเช้า (06:00-08:59),จันทร์,rainy,6,0.0,3.0,3.0,0.75,0.9375,ต่ำ
สระแก้ว,เร่งด่วนเช้า (06:00-08:59),จันทร์,summer,5,0.0,5.0,5.0,0.625,0.9375,ต่ำ
สระแก้ว,เร่งด่วนเช้า (06:00-08:59),จันทร์,winter,6,0.0,17.0,22.0,0.75,2.125,ปานกลาง
สระแก้ว,เร่งด่วนเช้า (06:00-08:59),พฤหัสบดี,rainy,11,5.0,5.0,21.0,1.375,2.6875,ปานกลาง
สระแก้ว,เร่งด่วนเช้า (06:00-08:59),พฤหัสบดี,summer,10,1.0,2.0,5.0,1.25,1.5625,ต่ำ
สระแก้ว,เร่งด่วนเช้า (06:00-08:59),พฤหัสบดี,winter,4,0.0,2.0,2.0,0.5,0.625,ต่ำ
สระแก้ว,เร่งด่วนเช้า (06:00-08:59),พุธ,rainy,9,1.0,4.0,7.0,1.125,1.5625,ต่ำ
สระแก้ว,เร่งด่วนเช้า (06:00-08:59),พุธ,summer,2,0.0,0.0,0.0,0.25,0.25,ต่ำ
สระแก้ว,เร่งด่วนเช้า (06:00-08:59),พุธ,winter,6,3.0,1.0,10.0,0.75,1.375,ต่ำ
สระแก้ว,เร่งด่วนเช้า (06:00-08:59),ศุกร์,rainy,4,0.0,3.0,1.0,0.5,0.5625,ต่ำ
สระแก้ว,เร่งด่วนเช้า (06:00-08:59),ศุกร์,summer,8,0.0,5.0,4.0,1.0,1.25,ต่ำ
สระแก้ว,เร่งด่วนเช้า (06:00-08:59),ศุกร์,winter,9,4.0,16.0,18.0,1.125,2.25,ปานกลาง
สระแก้ว,เร่งด่วนเช้า (06:00-08:59),อังคาร,rainy,8,3.0,2.0,12.0,1.0,1.75,ปานกลาง
สระแก้ว,เร่งด่วนเช้า (06:00-08:59),อังคาร,summer,4,0.0,0.0,0.0,0.5,0.5,ต่ำ
สระแก้ว,เร่งด่วนเช้า (06:00-08:59),อังคาร,winter,5,1.0,9.0,12.0,0.625,1.375,ต่ำ
สระแก้ว,เร่งด่วนเช้า (06:00-08:59),อาทิตย์,rainy,9,1.0,5.0,9.0,1.125,1.6875,ปานกลาง
สระแก้ว,เร่งด่วนเช้า (06:00-08:59),อาทิตย์,summer,6,0.0,4.0,4.0,0.75,1.0,ต่ำ
สระแก้ว,เร่งด่วนเช้า (06:00-08:59),อาทิตย์,winter,7,0.0,7.0,8.0,0.875,1.375,ต่ำ
สระแก้ว,เร่งด่วนเช้า (06:00-08:59),เสาร์,rainy,2,0.0,1.0,1.0,0.25,0.3125,ต่ำ
สระแก้ว,เร่งด่วนเช้า (06:00-08:59),เสาร์,summer,7,0.0,9.0,9.0,0.875,1.4375,ต่ำ
สระแก้ว,เร่งด่วนเช้า (06:00-08:59),เสาร์,winter,14,1.0,25.0,26.0,1.75,3.375,สูง
สระแก้ว,เร่งด่วนเย็น (16:00-18:59),จันทร์,rainy,11,1.0,4.0,5.0,1.375,1.6875,ปานกลาง
สระแก้ว,เร่งด่วนเย็น (16:00-18:59),จันทร์,summer,9,2.0,6.0,14.0,1.125,2.0,ปานกลาง
สระแก้ว,เร่งด่วนเย็น (16:00-18:59),จันทร์,winter,15,0.0,7.0,12.0,1.875,2.625,ปานกลาง
สระแก้ว,เร่งด่วนเย็น (16:00-18:59),พฤหัสบดี,rainy,3,3.0,6.0,16.0,0.375,1.375,ต่ำ
สระแก้ว,เร่งด่วนเย็น (16:00-18:59),พฤหัสบดี,summer,10,0.0,5.0,7.0,1.25,1.6875,ปานกลาง
สระแก้ว,เร่งด่วนเย็น (16:00-18:59),พฤหัสบดี,winter,11,1.0,11.0,20.0,1.375,2.625,ปานกลาง
สระแก้ว,เร่งด่วนเย็น (16:00-18:59),พุธ,rainy,9,1.0,4.0,7.0,1.125,1.5625,ต่ำ
สระแก้ว,เร่งด่วนเย็น (16:00-18:59),พุธ,summer,15,1.0,24.0,26.0,1.875,3.5,สูง
สระแก้ว,เร่งด่วนเย็น (16:00-18:59),พุธ,winter,9,3.0,9.0,20.0,1.125,2.375,ปานกลาง
สระแก้ว,เร่งด่วนเย็น (16:00-18:59),ศุกร์,rainy,8,1.0,4.0,7.0,1.0,1.4375,ต่ำ
สระแก้ว,เร่งด่วนเย็น (16:00-18:59),ศุกร์,summer,11,3.0,6.0,15.0,1.375,2.3125,ปานกลาง
สระแก้ว,เร่งด่วนเย็น (16:00-18:59),ศุกร์,winter,11,2.0,4.0,11.0,1.375,2.0625,ปานกลาง
สระแก้ว,เร่งด่วนเย็น (16:00-18:59),อังคาร,rainy,4,1.0,0.0,3.0,0.5,0.6875,ต่ำ
สระแก้ว,เร่งด่วนเย็น (16:00-18:59),อังคาร,summer,10,1.0,10.0,10.0,1.25,1.875,ปานกลาง
สระแก้ว,เร่งด่วนเย็น (16:00-18:59),อังคาร,winter,12,3.0,16.0,22.0,1.5,2.875,ปานกลาง
สระแก้ว,เร่งด่วนเย็น (16:00-18:59),อาทิตย์,rainy,11,8.0,37.0,59.0,1.375,5.0625,สูงมาก
สระแก้ว,เร่งด่วนเย็น (16:00-18:59),อาทิตย์,summer,4,1.0,1.0,4.0,0.5,0.75,ต่ำ
สระแก้ว,เร่งด่วนเย็น (16:00-18:59),อาทิตย์,winter,17,1.0,18.0,19.0,2.125,3.3125,สูง
สระแก้ว,เร่งด่วนเย็น (16:00-18:59),เสาร์,rainy,11,2.0,12.0,18.0,1.375,2.5,ปานกลาง
สระแก้ว,เร่งด่วนเย็น (16:00-18:59),เสาร์,summer,11,1.0,12.0,17.0,1.375,2.4375,ปานกลาง
สระแก้ว,เร่งด่วนเย็น (16:00-18:59),เสาร์,winter,21,2.0,31.0,44.0,2.625,5.375,สูงมาก
สิงห์บุรี,กลางดึก (00:00-05:59),จันทร์,rainy,8,4.0,3.0,16.0,1.0,2.0,ปานกลาง
สิงห์บุรี,กลางดึก (00:00-05:59),จันทร์,summer,16,2.0,14.0,17.0,2.0,3.0625,สูง
สิงห์บุรี,กลางดึก (00:00-05:59),จันทร์,winter,11,3.0,7.0,17.0,1.375,2.4375,ปานกลาง
สิงห์บุรี,กลางดึก (00:00-05:59),พฤหัสบดี,rainy,13,4.0,5.0,19.0,1.625,2.8125,ปานกลาง
สิงห์บุรี,กลางดึก (00:00-05:59),พฤหัสบดี,summer,16,4.0,6.0,19.0,2.0,3.1875,สูง
สิงห์บุรี,กลางดึก (00:00-05:59),พฤหัสบดี,winter,7,1.0,7.0,10.0,0.875,1.5,ต่ำ
สิงห์บุรี,กลางดึก (00:00-05:59),พุธ,rainy,10,3.0,6.0,15.0,1.25,2.1875,ปานกลาง
สิงห์บุรี,กลางดึก (00:00-05:59),พุธ,summer,12,2.0,5.0,11.0,1.5,2.1875,ปานกลาง
สิงห์บุรี,กลางดึก (00:00-05:59),พุธ,winter,13,3.0,7.0,18.0,1.625,2.75,ปานกลาง
สิงห์บุรี,กลางดึก (00:00-05:59),ศุกร์,rainy,16,2.0,7.0,16.0,2.0,3.0,สูง
สิงห์บุรี,กลางดึก (00:00-05:59),ศุกร์,summer,10,2.0,2.0,7.0,1.25,1.6875,ปานกลาง
สิงห์บุรี,กลางดึก (00:00-05:59),ศุกร์,winter,11,0.0,6.0,6.0,1.375,1.75,ปานกลาง
สิงห์บุรี,กลางดึก (00:00-05:59),อังคาร,rainy,14,5.0,9.0,25.0,1.75,3.3125,สูง
สิงห์บุรี,กลางดึก (00:00-05:59),อังคาร,summer,9,0.0,7.0,9.0,1.125,1.6875,ปานกลาง
สิงห์บุรี,กลางดึก (00:00-05:59),อังคาร,winter,6,1.0,5.0,10.0,0.75,1.375,ต่ำ
สิงห์บุรี,กลางดึก (00:00-05:59),อาทิตย์,rainy,7,0.0,2.0,1.0,0.875,0.9375,ต่ำ
สิงห์บุรี,กลางดึก (00:00-05:59),อาทิตย์,summer,5,1.0,8.0,9.0,0.625,1.1875,ต่ำ
สิงห์บุรี,กลางดึก (00:00-05:59),อาทิตย์,winter,7,0.0,7.0,9.0,0.875,1.4375,ต่ำ
สิงห์บุรี,กลางดึก (00:00-05:59),เสาร์,rainy,12,4.0,9.0,22.0,1.5,2.875,ปานกลาง
สิงห์บุรี,กลางดึก (00:00-05:59),เสาร์,summer,12,3.0,5.0,15.0,1.5,2.4375,ปานกลาง
สิงห์บุรี,กลางดึก (00:00-05:59),เสาร์,winter,12,1.0,9.0,17.0,1.5,2.5625,ปานกลาง
สิงห์บุรี,กลางวัน (09:00-15:59),จันทร์,rainy,14,0.0,35.0,36.0,1.75,4.0,สูง
สิงห์บุรี,กลางวัน (09:00-15:59),จันทร์,summer,13,2.0,8.0,14.0,1.625,2.5,ปานกลาง
สิงห์บุรี,กลางวัน (09:00-15:59),จันทร์,winter,15,0.0,12.0,13.0,1.875,2.6875,ปานกลาง
สิงห์บุรี,กลางวัน (09:00-15:59),พฤหัสบดี,rainy,9,1.0,6.0,9.0,1.125,1.6875,ปานกลาง
สิงห์บุรี,กลางวัน (09:00-15:59),พฤหัสบดี,summer,13,1.0,8.0,12.0,1.625,2.375,ปานกลาง
สิงห์บุรี,กลางวัน (09:00-15:59),พฤหัสบดี,winter,16,2.0,12.0,18.0,2.0,3.125,สูง
สิงห์บุรี,กลางวัน (09:00-15:59),พุธ,rainy,12,0.0,14.0,14.0,1.5,2.375,ปานกลาง
สิงห์บุรี,กลางวัน (09:00-15:59),พุธ,summer,14,4.0,12.0,25.0,1.75,3.3125,สูง
สิงห์บุรี,กลางวัน (09:00-15:59),พุธ,winter,21,4.0,15.0,32.0,2.625,4.625,สูง
สิงห์บุรี,กลางวัน (09:00-15:59),ศุกร์,rainy,10,0.0,8.0,8.0,1.25,1.75,ปานกลาง
สิงห์บุรี,กลางวัน (09:00-15:59),ศุกร์,summer,10,3.0,7.0,15.0,1.25,2.1875,ปานกลาง
สิงห์บุรี,กลางวัน (09:00-15:59),ศุกร์,winter,20,8.0,17.0,44.0,2.5,5.25,สูงมาก
สิงห์บุรี,กลางวัน (09:00-15:59),อังคาร,rainy,12,1.0,5.0,11.0,1.5,2.1875,ปานกลาง
สิงห์บุรี,กลางวัน (09:00-15:59),อังคาร,summer,12,2.0,14.0,23.0,1.5,2.9375,สูง
สิงห์บุรี,กลางวัน (09:00-15:59),อังคาร,winter,14,2.0,11.0,22.0,1.75,3.125,สูง
สิงห์บุรี,กลางวัน (09:00-15:59),อาทิตย์,rainy,14,5.0,14.0,26.0,1.75,3.375,สูง
สิงห์บุรี,กลางวัน (09:00-15:59),อาทิตย์,summer,16,0.0,7.0,7.0,2.0,2.4375,ปานกลาง
สิงห์บุรี,กลางวัน (09:00-15:59),อาทิตย์,winter,20,3.0,23.0,32.0,2.5,4.5,สูง
สิงห์บุรี,กลางวัน (09:00-15:59),เสาร์,rainy,11,4.0,6.0,19.0,1.375,2.5625,ปานกลาง
สิงห์บุรี,กลางวัน (09:00-15:59),เสาร์,summer,23,7.0,12.0,38.0,2.875,5.25,สูงมาก
สิงห์บุรี,กลางวัน (09:00-15:59),เสาร์,winter,23,3.0,22.0,35.0,2.875,5.0625,สูงมาก
สิงห์บุรี,หัวค่ำ-ดึก (19:00-23:59),จันทร์,rainy,10,5.0,4.0,17.0,1.25,2.3125,ปานกลาง
สิงห์บุรี,หัวค่ำ-ดึก (19:00-23:59),จันทร์,summer,6,1.0,5.0,5.0,0.75,1.0625,ต่ำ
สิงห์บุรี,หัวค่ำ-ดึก (19:00-23:59),จันทร์,winter,6,2.0,4.0,10.0,0.75,1.375,ต่ำ
สิงห์บุรี,หัวค่ำ-ดึก (19:00-23:59),พฤหัสบดี,rainy,17,8.0,5.0,30.0,2.125,4.0,สูง
สิงห์บุรี,หัวค่ำ-ดึก (19:00-23:59),พฤหัสบดี,summer,5,3.0,4.0,9.0,0.625,1.1875,ต่ำ
สิงห์บุรี,หัวค่ำ-ดึก (19:00-23:59),พฤหัสบดี,winter,12,2.0,14.0,21.0,1.5,2.8125,ปานกลาง
สิงห์บุรี,หัวค่ำ-ดึก (19:00-23:59),พุธ,rainy,12,4.0,7.0,21.0,1.5,2.8125,ปานกลาง
สิงห์บุรี,หัวค่ำ-ดึก (19:00-23:59),พุธ,summer,14,2.0,15.0,23.0,1.75,3.1875,สูง
สิงห์บุรี,หัวค่ำ-ดึก (19:00-23:59),พุธ,winter,11,2.0,5.0,12.0,1.375,2.125,ปานกลาง
สิงห์บุรี,หัวค่ำ-ดึก (19:00-23:59),ศุกร์,rainy,4,1.0,1.0,5.0,0.5,0.8125,ต่ำ
สิงห์บุรี,หัวค่ำ-ดึก (19:00-23:59),ศุกร์,summer,11,1.0,11.0,15.0,1.375,2.3125,ปานกลาง
สิงห์บุรี,หัวค่ำ-ดึก (19:00-23:59),ศุกร์,winter,12,2.0,16.0,22.0,1.5,2.875,ปานกลาง
สิงห์บุรี,หัวค่ำ-ดึก (19:00-23:59),อังคาร,rainy,10,2.0,8.0,16.0,1.25,2.25,ปานกลาง
สิงห์บุรี,หัวค่ำ-ดึก (19:00-23:59),อังคาร,summer,4,0.0,5.0,5.0,0.5,0.8125,ต่ำ
สิงห์บุรี,หัวค่ำ-ดึก (19:00-23:59),อังคาร,winter,10,2.0,7.0,11.0,1.25,1.9375,ปานกลาง
สิงห์บุรี,หัวค่ำ-ดึก (19:00-23:59),อาทิตย์,rainy,18,4.0,13.0,26.0,2.25,3.875,สูง
สิงห์บุรี,หัวค่ำ-ดึก (19:00-23:59),อาทิตย์,summer,11,0.0,10.0,10.0,1.375,2.0,ปานกลาง
สิงห์บุรี,หัวค่ำ-ดึก (19:00-23:59),อาทิตย์,winter,7,1.0,11.0,20.0,0.875,2.125,ปานกลาง
สิงห์บุรี,หัวค่ำ-ดึก (19:00-23:59),เสาร์,rainy,10,0.0,10.0,12.0,1.25,2.0,ปานกลาง
สิงห์บุรี,หัวค่ำ-ดึก (19:00-23:59),เสาร์,summer,6,0.0,3.0,4.0,0.75,1.0,ต่ำ
สิงห์บุรี,หัวค่ำ-ดึก (19:00-23:59),เสาร์,winter,13,3.0,8.0,18.0,1.625,2.75,ปานกลาง
สิงห์บุรี,เร่งด่วนเช้า (06:00-08:59),จันทร์,rainy,7,2.0,5.0,10.0,0.875,1.5,ต่ำ
สิงห์บุรี,เร่งด่วนเช้า (06:00-08:59),จันทร์,summer,4,1.0,1.0,5.0,0.5,0.8125,ต่ำ
สิงห์บุรี,เร่งด่วนเช้า (06:00-08:59),จันทร์,winter,9,0.0,7.0,8.0,1.125,1.625,ปานกลาง
สิงห์บุรี,เร่งด่วนเช้า (06:00-08:59),พฤหัสบดี,rainy,6,1.0,4.0,7.0,0.75,1.1875,ต่ำ
สิงห์บุรี,เร่งด่วนเช้า (06:00-08:59),พฤหัสบดี,summer,4,1.0,4.0,6.0,0.5,0.875,ต่ำ
สิงห์บุรี,เร่งด่วนเช้า (06:00-08:59),พฤหัสบดี,winter,5,0.0,1.0,1.0,0.625,0.6875,ต่ำ
สิงห์บุรี,เร่งด่วนเช้า (06:00-08:59),พุธ,rainy,5,0.0,5.0,3.0,0.625,0.8125,ต่ำ
สิงห์บุรี,เร่งด่วนเช้า (06:00-08:59),พุธ,summer,9,2.0,6.0,13.0,1.125,1.9375,ปานกลาง
สิงห์บุรี,เร่งด่วนเช้า (06:00-08:59),พุธ,winter,4,0.0,1.0,1.0,0.5,0.5625,ต่ำ
สิงห์บุรี,เร่งด่วนเช้า (06:00-08:59),ศุกร์,rainy,6,4.0,5.0,21.0,0.75,2.0625,ปานกลาง
สิงห์บุรี,เร่งด่วนเช้า (06:00-08:59),ศุกร์,summer,7,0.0,6.0,7.0,0.875,1.3125,ต่ำ
สิงห์บุรี,เร่งด่วนเช้า (06:00-08:59),ศุกร์,winter,12,7.0,15.0,42.0,1.5,4.125,สูง
สิงห์บุรี,เร่งด่วนเช้า (06:00-08:59),อังคาร,rainy,4,0.0,4.0,6.0,0.5,0.875,ต่ำ
สิงห์บุรี,เร่งด่วนเช้า (06:00-08:59),อังคาร,summer,4,0.0,2.0,2.0,0.5,0.625,ต่ำ
สิงห์บุรี,เร่งด่วนเช้า (06:00-08:59),อังคาร,winter,7,0.0,7.0,11.0,0.875,1.5625,ต่ำ
สิงห์บุรี,เร่งด่วนเช้า (06:00-08:59),อาทิตย์,rainy,9,1.0,16.0,20.0,1.125,2.375,ปานกลาง
สิงห์บุรี,เร่งด่วนเช้า (06:00-08:59),อาทิตย์,summer,6,1.0,3.0,7.0,0.75,1.1875,ต่ำ
สิงห์บุรี,เร่งด่วนเช้า (06:00-08:59),อาทิตย์,winter,8,2.0,8.0,14.0,1.0,1.875,ปานกลาง
สิงห์บุรี,เร่งด่วนเช้า (06:00-08:59),เสาร์,rainy,6,2.0,3.0,11.0,0.75,1.4375,ต่ำ
สิงห์บุรี,เร่งด่วนเช้า (06:00-08:59),เสาร์,summer,2,5.0,2.0,19.0,0.25,1.4375,ต่ำ
สิงห์บุรี,เร่งด่วนเช้า (06:00-08:59),เสาร์,winter,6,0.0,5.0,6.0,0.75,1.125,ต่ำ
สิงห์บุรี,เร่งด่วนเย็น (16:00-18:59),จันทร์,rainy,4,2.0,1.0,7.0,0.5,0.9375,ต่ำ
สิงห์บุรี,เร่งด่วนเย็น (16:00-18:59),จันทร์,summer,2,0.0,0.0,0.0,0.25,0.25,ต่ำ
สิงห์บุรี,เร่งด่วนเย็น (16:00-18:59),จันทร์,winter,8,2.0,7.0,14.0,1.0,1.875,ปานกลาง
สิงห์บุรี,เร่งด่วนเย็น (16:00-18:59),พฤหัสบดี,rainy,7,0.0,7.0,7.0,0.875,1.3125,ต่ำ
สิงห์บุรี,เร่งด่วนเย็น (16:00-18:59),พฤหัสบดี,summer,8,2.0,4.0,9.0,1.0,1.5625,ต่ำ
สิงห์บุรี,เร่งด่วนเย็น (16:00-18:59),พฤหัสบดี,winter,9,1.0,11.0,18.0,1.125,2.25,ปานกลาง
สิงห์บุรี,เร่งด่วนเย็น (16:00-18:59),พุธ,rainy,4,1.0,7.0,11.0,0.5,1.1875,ต่ำ
สิงห์บุรี,เร่งด่วนเย็น (16:00-18:59),พุธ,summer,4,1.0,6.0,5.0,0.5,0.8125,ต่ำ
สิงห์บุรี,เร่งด่วนเย็น (16:00-18:59),พุธ,winter,11,1.0,15.0,23.0,1.375,2.8125,ปานกลาง
สิงห์บุรี,เร่งด่วนเย็น (16:00-18:59),ศุกร์,rainy,4,2.0,6.0,12.0,0.5,1.25,ต่ำ
สิงห์บุรี,เร่งด่วนเย็น (16:00-18:59),ศุกร์,summer,6,0.0,5.0,8.0,0.75,1.25,ต่ำ
สิงห์บุรี,เร่งด่วนเย็น (16:00-18:59),ศุกร์,winter,5,0.0,2.0,4.0,0.625,0.875,ต่ำ
สิงห์บุรี,เร่งด่วนเย็น (16:00-18:59),อังคาร,rainy,7,2.0,8.0,14.0,0.875,1.75,ปานกลาง
สิงห์บุรี,เร่งด่วนเย็น (16:00-18:59),อังคาร,summer,5,2.0,4.0,11.0,0.625,1.3125,ต่ำ
สิงห์บุรี,เร่งด่วนเย็น (16:00-18:59),อังคาร,winter,6,0.0,5.0,5.0,0.75,1.0625,ต่ำ
สิงห์บุรี,เร่งด่วนเย็น (16:00-18:59),อาทิตย์,rainy,6,2.0,3.0,9.0,0.75,1.3125,ต่ำ
สิงห์บุรี,เร่งด่วนเย็น (16:00-18:59),อาทิตย์,summer,8,3.0,10.0,21.0,1.0,2.3125,ปานกลาง
สิงห์บุรี,เร่งด่วนเย็น (16:00-18:59),อาทิตย์,winter,6,0.0,5.0,5.0,0.75,1.0625,ต่ำ
สิงห์บุรี,เร่งด่วนเย็น (16:00-18:59),เสาร์,rainy,6,0.0,6.0,7.0,0.75,1.1875,ต่ำ
สิงห์บุรี,เร่งด่วนเย็น (16:00-18:59),เสาร์,summer,11,2.0,11.0,22.0,1.375,2.75,ปานกลาง
สิงห์บุรี,เร่งด่วนเย็น (16:00-18:59),เสาร์,winter,5,2.0,4.0,10.0,0.625,1.25,ต่ำ
สุพรรณบุรี,กลางดึก (00:00-05:59),จันทร์,rainy,49,5.0,35.0,50.0,6.125,9.25,สูงมาก
สุพรรณบุรี,กลางดึก (00:00-05:59),จันทร์,summer,29,4.0,16.0,22.0,3.625,5.0,สูง
สุพรรณบุรี,กลางดึก (00:00-05:59),จันทร์,winter,30,4.0,32.0,43.0,3.75,6.4375,สูงมาก
สุพรรณบุรี,กลางดึก (00:00-05:59),พฤหัสบดี,rainy,37,5.0,18.0,34.0,4.625,6.75,สูงมาก
สุพรรณบุรี,กลางดึก (00:00-05:59),พฤหัสบดี,summer,29,8.0,33.0,62.0,3.625,7.5,สูงมาก
สุพรรณบุรี,กลางดึก (00:00-05:59),พฤหัสบดี,winter,50,10.0,34.0,60.0,6.25,10.0,สูงมาก
สุพรรณบุรี,กลางดึก (00:00-05:59),พุธ,rainy,42,11.0,20.0,56.0,5.25,8.75,สูงมาก
สุพรรณบุรี,กลางดึก (00:00-05:59),พุธ,summer,34,6.0,19.0,37.0,4.25,6.5625,สูงมาก
สุพรรณบุรี,กลางดึก (00:00-05:59),พุธ,winter,41,12.0,32.0,65.0,5.125,9.1875,สูงมาก
สุพรรณบุรี,กลางดึก (00:00-05:59),ศุกร์,rainy,45,6.0,41.0,58.0,5.625,9.25,สูงมาก
สุพรรณบุรี,กลางดึก (00:00-05:59),ศุกร์,summer,35,6.0,32.0,47.0,4.375,7.3125,สูงมาก
สุพรรณบุรี,กลางดึก (00:00-05:59),ศุกร์,winter,43,11.0,51.0,66.0,5.375,9.5,สูงมาก
สุพรรณบุรี,กลางดึก (00:00-05:59),อังคาร,rainy,32,2.0,15.0,18.0,4.0,5.125,สูงมาก
สุพรรณบุรี,กลางดึก (00:00-05:59),อังคาร,summer,22,6.0,15.0,38.0,2.75,5.125,สูงมาก
สุพรรณบุรี,กลางดึก (00:00-05:59),อังคาร,winter,42,5.0,32.0,40.0,5.25,7.75,สูงมาก
สุพรรณบุรี,กลางดึก (00:00-05:59),อาทิตย์,rainy,59,6.0,35.0,51.0,7.375,10.5625,สูงมาก
สุพรรณบุรี,กลางดึก (00:00-05:59),อาทิตย์,summer,43,8.0,39.0,66.0,5.375,9.5,สูงมาก
สุพรรณบุรี,กลางดึก (00:00-05:59),อาทิตย์,winter,31,6.0,18.0,33.0,3.875,5.9375,สูงมาก
สุพรรณบุรี,กลางดึก (00:00-05:59),เสาร์,rainy,48,4.0,39.0,40.0,6.0,8.5,สูงมาก
สุพรรณบุรี,กลางดึก (00:00-05:59),เสาร์,summer,31,4.0,38.0,55.0,3.875,7.3125,สูงมาก
สุพรรณบุรี,กลางดึก (00:00-05:59),เสาร์,winter,48,5.0,35.0,45.0,6.0,8.8125,สูงมาก
สุพรรณบุรี,กลางวัน (09:00-15:59),จันทร์,rainy,99,11.0,86.0,114.0,12.375,19.5,สูงมาก
สุพรรณบุรี,กลางวัน (09:00-15:59),จันทร์,summer,78,13.0,63.0,96.0,9.75,15.75,สูงมาก
สุพรรณบุรี,กลางวัน (09:00-15:59),จันทร์,winter,106,4.0,95.0,113.0,13.25,20.3125,สูงมาก
สุพรรณบุรี,กลางวัน (09:00-15:59),พฤหัสบดี,rainy,76,11.0,83.0,112.0,9.5,16.5,สูงมาก
สุพรรณบุรี,กลางวัน (09:00-15:59),พฤหัสบดี,summer,80,4.0,68.0,82.0,10.0,15.125,สูงมาก
สุพรรณบุรี,กลางวัน (09:00-15:59),พฤหัสบดี,winter,114,10.0,90.0,134.0,14.25,22.625,สูงมาก
สุพรรณบุรี,กลางวัน (09:00-15:59),พุธ,rainy,97,14.0,88.0,139.0,12.125,20.8125,สูงมาก
สุพรรณบุรี,กลางวัน (09:00-15:59),พุธ,summer,79,16.0,85.0,138.0,9.875,18.5,สูงมาก
สุพรรณบุรี,กลางวัน (09:00-15:59),พุธ,winter,119,9.0,87.0,108.0,14.875,21.625,สูงมาก
สุพรรณบุรี,กลางวัน (09:00-15:59),ศุกร์,rainy,97,13.0,81.0,120.0,12.125,19.625,สูงมาก
สุพรรณบุรี,กลางวัน (09:00-15:59),ศุกร์,summer,88,9.0,87.0,116.0,11.0,18.25,สูงมาก
สุพรรณบุรี,กลางวัน (09:00-15:59),ศุกร์,winter,113,8.0,94.0,125.0,14.125,21.9375,สูงมาก
สุพรรณบุรี,กลางวัน (09:00-15:59),อังคาร,rainy,96,16.0,79.0,136.0,12.0,20.5,สูงมาก
สุพรรณบุรี,กลางวัน (09:00-15:59),อังคาร,summer,78,7.0,70.0,78.0,9.75,14.625,สูงมาก
สุพรรณบุรี,กลางวัน (09:00-15:59),อังคาร,winter,108,12.0,101.0,134.0,13.5,21.875,สูงมาก
สุพรรณบุรี,กลางวัน (09:00-15:59),อาทิตย์,rainy,109,6.0,93.0,98.0,13.625,19.75,สูงมาก
สุพรรณบุรี,กลางวัน (09:00-15:59),อาทิตย์,summer,85,12.0,84.0,118.0,10.625,18.0,สูงมาก
สุพรรณบุรี,กลางวัน (09:00-15:59),อาทิตย์,winter,125,10.0,117.0,130.0,15.625,23.75,สูงมาก
สุพรรณบุรี,กลางวัน (09:00-15:59),เสาร์,rainy,104,10.0,118.0,139.0,13.0,21.6875,สูงมาก
สุพรรณบุรี,กลางวัน (09:00-15:59),เสาร์,summer,99,8.0,90.0,116.0,12.375,19.625,สูงมาก
สุพรรณบุรี,กลางวัน (09:00-15:59),เสาร์,winter,133,8.0,87.0,114.0,16.625,23.75,สูงมาก
สุพรรณบุรี,หัวค่ำ-ดึก (19:00-23:59),จันทร์,rainy,56,10.0,47.0,71.0,7.0,11.4375,สูงมาก
สุพรรณบุรี,หัวค่ำ-ดึก (19:00-23:59),จันทร์,summer,43,5.0,32.0,44.0,5.375,8.125,สูงมาก
สุพรรณบุรี,หัวค่ำ-ดึก (19:00-23:59),จันทร์,winter,67,17.0,68.0,138.0,8.375,17.0,สูงมาก
สุพรรณบุรี,หัวค่ำ-ดึก (19:00-23:59),พฤหัสบดี,rainy,52,10.0,49.0,80.0,6.5,11.5,สูงมาก
สุพรรณบุรี,หัวค่ำ-ดึก (19:00-23:59),พฤหัสบดี,summer,41,7.0,33.0,54.0,5.125,8.5,สูงมาก
สุพรรณบุรี,หัวค่ำ-ดึก (19:00-23:59),พฤหัสบดี,winter,49,8.0,40.0,64.0,6.125,10.125,สูงมาก
สุพรรณบุรี,หัวค่ำ-ดึก (19:00-23:59),พุธ,rainy,45,5.0,35.0,48.0,5.625,8.625,สูงมาก
สุพรรณบุรี,หัวค่ำ-ดึก (19:00-23:59),พุธ,summer,37,3.0,29.0,41.0,4.625,7.1875,สูงมาก
สุพรรณบุรี,หัวค่ำ-ดึก (19:00-23:59),พุธ,winter,62,8.0,51.0,78.0,7.75,12.625,สูงมาก
สุพรรณบุรี,หัวค่ำ-ดึก (19:00-23:59),ศุกร์,rainy,46,7.0,41.0,62.0,5.75,9.625,สูงมาก
สุพรรณบุรี,หัวค่ำ-ดึก (19:00-23:59),ศุกร์,summer,47,5.0,53.0,69.0,5.875,10.1875,สูงมาก
สุพรรณบุรี,หัวค่ำ-ดึก (19:00-23:59),ศุกร์,winter,54,4.0,39.0,51.0,6.75,9.9375,สูงมาก
สุพรรณบุรี,หัวค่ำ-ดึก (19:00-23:59),อังคาร,rainy,57,6.0,50.0,62.0,7.125,11.0,สูงมาก
สุพรรณบุรี,หัวค่ำ-ดึก (19:00-23:59),อังคาร,summer,49,13.0,53.0,93.0,6.125,11.9375,สูงมาก
สุพรรณบุรี,หัวค่ำ-ดึก (19:00-23:59),อังคาร,winter,60,9.0,61.0,72.0,7.5,12.0,สูงมาก
สุพรรณบุรี,หัวค่ำ-ดึก (19:00-23:59),อาทิตย์,rainy,80,15.0,56.0,98.0,10.0,16.125,สูงมาก
สุพรรณบุรี,หัวค่ำ-ดึก (19:00-23:59),อาทิตย์,summer,52,5.0,51.0,73.0,6.5,11.0625,สูงมาก
สุพรรณบุรี,หัวค่ำ-ดึก (19:00-23:59),อาทิตย์,winter,74,11.0,65.0,93.0,9.25,15.0625,สูงมาก
สุพรรณบุรี,หัวค่ำ-ดึก (19:00-23:59),เสาร์,rainy,49,9.0,47.0,70.0,6.125,10.5,สูงมาก
สุพรรณบุรี,หัวค่ำ-ดึก (19:00-23:59),เสาร์,summer,40,4.0,31.0,48.0,5.0,8.0,สูงมาก
สุพรรณบุรี,หัวค่ำ-ดึก (19:00-23:59),เสาร์,winter,60,11.0,53.0,84.0,7.5,12.75,สูงมาก
สุพรรณบุรี,เร่งด่วนเช้า (06:00-08:59),จันทร์,rainy,44,6.0,44.0,67.0,5.5,9.6875,สูงมาก
สุพรรณบุรี,เร่งด่วนเช้า (06:00-08:59),จันทร์,summer,25,1.0,22.0,23.0,3.125,4.5625,สูง
สุพรรณบุรี,เร่งด่วนเช้า (06:00-08:59),จันทร์,winter,47,5.0,46.0,59.0,5.875,9.5625,สูงมาก
สุพรรณบุรี,เร่งด่วนเช้า (06:00-08:59),พฤหัสบดี,rainy,29,4.0,39.0,56.0,3.625,7.125,สูงมาก
สุพรรณบุรี,เร่งด่วนเช้า (06:00-08:59),พฤหัสบดี,summer,20,2.0,19.0,25.0,2.5,4.0625,สูง
สุพรรณบุรี,เร่งด่วนเช้า (06:00-08:59),พฤหัสบดี,winter,35,4.0,37.0,50.0,4.375,7.5,สูงมาก
สุพรรณบุรี,เร่งด่วนเช้า (06:00-08:59),พุธ,rainy,43,7.0,51.0,76.0,5.375,10.125,สูงมาก
สุพรรณบุรี,เร่งด่วนเช้า (06:00-08:59),พุธ,summer,24,2.0,19.0,22.0,3.0,4.375,สูง
สุพรรณบุรี,เร่งด่วนเช้า (06:00-08:59),พุธ,winter,45,9.0,60.0,90.0,5.625,11.25,สูงมาก
สุพรรณบุรี,เร่งด่วนเช้า (06:00-08:59),ศุกร์,rainy,38,5.0,36.0,52.0,4.75,8.0,สูงมาก
สุพรรณบุรี,เร่งด่วนเช้า (06:00-08:59),ศุกร์,summer,29,4.0,33.0,45.0,3.625,6.4375,สูงมาก
สุพรรณบุรี,เร่งด่วนเช้า (06:00-08:59),ศุกร์,winter,41,4.0,38.0,56.0,5.125,8.625,สูงมาก
สุพรรณบุรี,เร่งด่วนเช้า (06:00-08:59),อังคาร,rainy,29,2.0,24.0,20.0,3.625,4.875,สูง
สุพรรณบุรี,เร่งด่วนเช้า (06:00-08:59),อังคาร,summer,29,5.0,30.0,49.0,3.625,6.6875,สูงมาก
สุพรรณบุรี,เร่งด่วนเช้า (06:00-08:59),อังคาร,winter,36,6.0,46.0,64.0,4.5,8.5,สูงมาก
สุพรรณบุรี,เร่งด่วนเช้า (06:00-08:59),อาทิตย์,rainy,29,2.0,20.0,27.0,3.625,5.3125,สูงมาก
สุพรรณบุรี,เร่งด่วนเช้า (06:00-08:59),อาทิตย์,summer,26,3.0,29.0,28.0,3.25,5.0,สูง
สุพรรณบุรี,เร่งด่วนเช้า (06:00-08:59),อาทิตย์,winter,29,6.0,20.0,36.0,3.625,5.875,สูงมาก
สุพรรณบุรี,เร่งด่วนเช้า (06:00-08:59),เสาร์,rainy,32,5.0,34.0,51.0,4.0,7.1875,สูงมาก
สุพรรณบุรี,เร่งด่วนเช้า (06:00-08:59),เสาร์,summer,30,6.0,35.0,55.0,3.75,7.1875,สูงมาก
สุพรรณบุรี,เร่งด่วนเช้า (06:00-08:59),เสาร์,winter,44,4.0,48.0,63.0,5.5,9.4375,สูงมาก
สุพรรณบุรี,เร่งด่วนเย็น (16:00-18:59),จันทร์,rainy,39,2.0,43.0,51.0,4.875,8.0625,สูงมาก
สุพรรณบุรี,เร่งด่วนเย็น (16:00-18:59),จันทร์,summer,40,5.0,45.0,62.0,5.0,8.875,สูงมาก
สุพรรณบุรี,เร่งด่วนเย็น (16:00-18:59),จันทร์,winter,51,7.0,43.0,65.0,6.375,10.4375,สูงมาก
สุพรรณบุรี,เร่งด่วนเย็น (16:00-18:59),พฤหัสบดี,rainy,40,4.0,35.0,48.0,5.0,8.0,สูงมาก
สุพรรณบุรี,เร่งด่วนเย็น (16:00-18:59),พฤหัสบดี,summer,34,1.0,34.0,39.0,4.25,6.6875,สูงมาก
สุพรรณบุรี,เร่งด่วนเย็น (16:00-18:59),พฤหัสบดี,winter,50,11.0,40.0,74.0,6.25,10.875,สูงมาก
สุพรรณบุรี,เร่งด่วนเย็น (16:00-18:59),พุธ,rainy,39,4.0,48.0,65.0,4.875,8.9375,สูงมาก
สุพรรณบุรี,เร่งด่วนเย็น (16:00-18:59),พุธ,summer,28,4.0,18.0,27.0,3.5,5.1875,สูงมาก
สุพรรณบุรี,เร่งด่วนเย็น (16:00-18:59),พุธ,winter,58,12.0,73.0,109.0,7.25,14.0625,สูงมาก
สุพรรณบุรี,เร่งด่วนเย็น (16:00-18:59),ศุกร์,rainy,53,4.0,58.0,67.0,6.625,10.8125,สูงมาก
สุพรรณบุรี,เร่งด่วนเย็น (16:00-18:59),ศุกร์,summer,41,5.0,35.0,54.0,5.125,8.5,สูงมาก
สุพรรณบุรี,เร่งด่วนเย็น (16:00-18:59),ศุกร์,winter,62,10.0,89.0,117.0,7.75,15.0625,สูงมาก
สุพรรณบุรี,เร่งด่วนเย็น (16:00-18:59),อังคาร,rainy,40,6.0,31.0,49.0,5.0,8.0625,สูงมาก
สุพรรณบุรี,เร่งด่วนเย็น (16:00-18:59),อังคาร,summer,41,5.0,29.0,47.0,5.125,8.0625,สูงมาก
สุพรรณบุรี,เร่งด่วนเย็น (16:00-18:59),อังคาร,winter,51,4.0,43.0,50.0,6.375,9.5,สูงมาก
สุพรรณบุรี,เร่งด่วนเย็น (16:00-18:59),อาทิตย์,rainy,44,2.0,48.0,54.0,5.5,8.875,สูงมาก
สุพรรณบุรี,เร่งด่วนเย็น (16:00-18:59),อาทิตย์,summer,53,13.0,59.0,97.0,6.625,12.6875,สูงมาก
สุพรรณบุรี,เร่งด่วนเย็น (16:00-18:59),อาทิตย์,winter,59,3.0,60.0,68.0,7.375,11.625,สูงมาก
สุพรรณบุรี,เร่งด่วนเย็น (16:00-18:59),เสาร์,rainy,49,7.0,53.0,71.0,6.125,10.5625,สูงมาก
สุพรรณบุรี,เร่งด่วนเย็น (16:00-18:59),เสาร์,summer,41,3.0,52.0,57.0,5.125,8.6875,สูงมาก
สุพรรณบุรี,เร่งด่วนเย็น (16:00-18:59),เสาร์,winter,62,6.0,70.0,95.0,7.75,13.6875,สูงมาก
สุราษฎร์ธานี,กลางดึก (00:00-05:59),จันทร์,rainy,32,3.0,20.0,31.0,4.0,5.9375,สูงมาก
สุราษฎร์ธานี,กลางดึก (00:00-05:59),จันทร์,summer,13,2.0,13.0,23.0,1.625,3.0625,สูง
สุราษฎร์ธานี,กลางดึก (00:00-05:59),จันทร์,winter,20,6.0,13.0,32.0,2.5,4.5,สูง
สุราษฎร์ธานี,กลางดึก (00:00-05:59),พฤหัสบดี,rainy,26,5.0,19.0,33.0,3.25,5.3125,สูงมาก
สุราษฎร์ธานี,กลางดึก (00:00-05:59),พฤหัสบดี,summer,32,7.0,26.0,48.0,4.0,7.0,สูงมาก
สุราษฎร์ธานี,กลางดึก (00:00-05:59),พฤหัสบดี,winter,28,4.0,21.0,42.0,3.5,6.125,สูงมาก
สุราษฎร์ธานี,กลางดึก (00:00-05:59),พุธ,rainy,33,2.0,17.0,21.0,4.125,5.4375,สูงมาก
สุราษฎร์ธานี,กลางดึก (00:00-05:59),พุธ,summer,31,8.0,20.0,44.0,3.875,6.625,สูงมาก
สุราษฎร์ธานี,กลางดึก (00:00-05:59),พุธ,winter,23,9.0,28.0,68.0,2.875,7.125,สูงมาก
สุราษฎร์ธานี,กลางดึก (00:00-05:59),ศุกร์,rainy,29,6.0,18.0,40.0,3.625,6.125,สูงมาก
สุราษฎร์ธานี,กลางดึก (00:00-05:59),ศุกร์,summer,24,5.0,24.0,40.0,3.0,5.5,สูงมาก
สุราษฎร์ธานี,กลางดึก (00:00-05:59),ศุกร์,winter,30,8.0,23.0,49.0,3.75,6.8125,สูงมาก
สุราษฎร์ธานี,กลางดึก (00:00-05:59),อังคาร,rainy,26,10.0,19.0,50.0,3.25,6.375,สูงมาก
สุราษฎร์ธานี,กลางดึก (00:00-05:59),อังคาร,summer,30,2.0,21.0,29.0,3.75,5.5625,สูงมาก
สุราษฎร์ธานี,กลางดึก (00:00-05:59),อังคาร,winter,26,1.0,18.0,18.0,3.25,4.375,สูง
สุราษฎร์ธานี,กลางดึก (00:00-05:59),อาทิตย์,rainy,35,9.0,25.0,56.0,4.375,7.875,สูงมาก
สุราษฎร์ธานี,กลางดึก (00:00-05:59),อาทิตย์,summer,21,5.0,17.0,39.0,2.625,5.0625,สูงมาก
สุราษฎร์ธานี,กลางดึก (00:00-05:59),อาทิตย์,winter,32,5.0,27.0,44.0,4.0,6.75,สูงมาก
สุราษฎร์ธานี,กลางดึก (00:00-05:59),เสาร์,rainy,34,6.0,26.0,45.0,4.25,7.0625,สูงมาก
สุราษฎร์ธานี,กลางดึก (00:00-05:59),เสาร์,summer,22,2.0,22.0,29.0,2.75,4.5625,สูง
สุราษฎร์ธานี,กลางดึก (00:00-05:59),เสาร์,winter,31,7.0,15.0,39.0,3.875,6.3125,สูงมาก
สุราษฎร์ธานี,กลางวัน (09:00-15:59),จันทร์,rainy,87,16.0,53.0,107.0,10.875,17.5625,สูงมาก
สุราษฎร์ธานี,กลางวัน (09:00-15:59),จันทร์,summer,65,6.0,61.0,85.0,8.125,13.4375,สูงมาก
สุราษฎร์ธานี,กลางวัน (09:00-15:59),จันทร์,winter,93,14.0,82.0,125.0,11.625,19.4375,สูงมาก
สุราษฎร์ธานี,กลางวัน (09:00-15:59),พฤหัสบดี,rainy,76,7.0,65.0,83.0,9.5,14.6875,สูงมาก
สุราษฎร์ธานี,กลางวัน (09:00-15:59),พฤหัสบดี,summer,65,10.0,59.0,98.0,8.125,14.25,สูงมาก
สุราษฎร์ธานี,กลางวัน (09:00-15:59),พฤหัสบดี,winter,91,9.0,67.0,97.0,11.375,17.4375,สูงมาก
สุราษฎร์ธานี,กลางวัน (09:00-15:59),พุธ,rainy,82,17.0,71.0,124.0,10.25,18.0,สูงมาก
สุราษฎร์ธานี,กลางวัน (09:00-15:59),พุธ,summer,76,9.0,59.0,86.0,9.5,14.875,สูงมาก
สุราษฎร์ธานี,กลางวัน (09:00-15:59),พุธ,winter,97,8.0,76.0,104.0,12.125,18.625,สูงมาก
สุราษฎร์ธานี,กลางวัน (09:00-15:59),ศุกร์,rainy,91,9.0,73.0,87.0,11.375,16.8125,สูงมาก
สุราษฎร์ธานี,กลางวัน (09:00-15:59),ศุกร์,summer,49,5.0,45.0,70.0,6.125,10.5,สูงมาก
สุราษฎร์ธานี,กลางวัน (09:00-15:59),ศุกร์,winter,93,1.0,84.0,87.0,11.625,17.0625,สูงมาก
สุราษฎร์ธานี,กลางวัน (09:00-15:59),อังคาร,rainy,83,15.0,75.0,113.0,10.375,17.4375,สูงมาก
สุราษฎร์ธานี,กลางวัน (09:00-15:59),อังคาร,summer,57,7.0,45.0,62.0,7.125,11.0,สูงมาก
สุราษฎร์ธานี,กลางวัน (09:00-15:59),อังคาร,winter,72,14.0,74.0,109.0,9.0,15.8125,สูงมาก
สุราษฎร์ธานี,กลางวัน (09:00-15:59),อาทิตย์,rainy,72,16.0,62.0,102.0,9.0,15.375,สูงมาก
สุราษฎร์ธานี,กลางวัน (09:00-15:59),อาทิตย์,summer,50,9.0,50.0,68.0,6.25,10.5,สูงมาก
สุราษฎร์ธานี,กลางวัน (09:00-15:59),อาทิตย์,winter,77,14.0,108.0,143.0,9.625,18.5625,สูงมาก
สุราษฎร์ธานี,กลางวัน (09:00-15:59),เสาร์,rainy,76,3.0,87.0,98.0,9.5,15.625,สูงมาก
สุราษฎร์ธานี,กลางวัน (09:00-15:59),เสาร์,summer,54,13.0,59.0,104.0,6.75,13.25,สูงมาก
สุราษฎร์ธานี,กลางวัน (09:00-15:59),เสาร์,winter,82,8.0,69.0,101.0,10.25,16.5625,สูงมาก
สุราษฎร์ธานี,หัวค่ำ-ดึก (19:00-23:59),จันทร์,rainy,34,9.0,29.0,58.0,4.25,7.875,สูงมาก
สุราษฎร์ธานี,หัวค่ำ-ดึก (19:00-23:59),จันทร์,summer,23,3.0,20.0,29.0,2.875,4.6875,สูง
สุราษฎร์ธานี,หัวค่ำ-ดึก (19:00-23:59),จันทร์,winter,31,6.0,30.0,46.0,3.875,6.75,สูงมาก
สุราษฎร์ธานี,หัวค่ำ-ดึก (19:00-23:59),พฤหัสบดี,rainy,49,11.0,36.0,73.0,6.125,10.6875,สูงมาก
สุราษฎร์ธานี,หัวค่ำ-ดึก (19:00-23:59),พฤหัสบดี,summer,36,4.0,31.0,46.0,4.5,7.375,สูงมาก
สุราษฎร์ธานี,หัวค่ำ-ดึก (19:00-23:59),พฤหัสบดี,winter,33,5.0,18.0,37.0,4.125,6.4375,สูงมาก
สุราษฎร์ธานี,หัวค่ำ-ดึก (19:00-23:59),พุธ,rainy,32,11.0,13.0,49.0,4.0,7.0625,สูงมาก
สุราษฎร์ธานี,หัวค่ำ-ดึก (19:00-23:59),พุธ,summer,25,9.0,30.0,54.0,3.125,6.5,สูงมาก
สุราษฎร์ธานี,หัวค่ำ-ดึก (19:00-23:59),พุธ,winter,32,15.0,54.0,105.0,4.0,10.5625,สูงมาก
สุราษฎร์ธานี,หัวค่ำ-ดึก (19:00-23:59),ศุกร์,rainy,23,2.0,28.0,36.0,2.875,5.125,สูงมาก
สุราษฎร์ธานี,หัวค่ำ-ดึก (19:00-23:59),ศุกร์,summer,31,11.0,20.0,43.0,3.875,6.5625,สูงมาก
สุราษฎร์ธานี,หัวค่ำ-ดึก (19:00-23:59),ศุกร์,winter,33,10.0,38.0,72.0,4.125,8.625,สูงมาก
สุราษฎร์ธานี,หัวค่ำ-ดึก (19:00-23:59),อังคาร,rainy,41,9.0,40.0,70.0,5.125,9.5,สูงมาก
สุราษฎร์ธานี,หัวค่ำ-ดึก (19:00-23:59),อังคาร,summer,19,2.0,14.0,19.0,2.375,3.5625,สูง
สุราษฎร์ธานี,หัวค่ำ-ดึก (19:00-23:59),อังคาร,winter,27,6.0,20.0,37.0,3.375,5.6875,สูงมาก
สุราษฎร์ธานี,หัวค่ำ-ดึก (19:00-23:59),อาทิตย์,rainy,40,16.0,19.0,71.0,5.0,9.4375,สูงมาก
สุราษฎร์ธานี,หัวค่ำ-ดึก (19:00-23:59),อาทิตย์,summer,33,15.0,33.0,83.0,4.125,9.3125,สูงมาก
สุราษฎร์ธานี,หัวค่ำ-ดึก (19:00-23:59),อาทิตย์,winter,40,19.0,35.0,93.0,5.0,10.8125,สูงมาก
สุราษฎร์ธานี,หัวค่ำ-ดึก (19:00-23:59),เสาร์,rainy,44,2.0,32.0,37.0,5.5,7.8125,สูงมาก
สุราษฎร์ธานี,หัวค่ำ-ดึก (19:00-23:59),เสาร์,summer,24,9.0,29.0,55.0,3.0,6.4375,สูงมาก
สุราษฎร์ธานี,หัวค่ำ-ดึก (19:00-23:59),เสาร์,winter,35,15.0,33.0,81.0,4.375,9.4375,สูงมาก
สุราษฎร์ธานี,เร่งด่วนเช้า (06:00-08:59),จันทร์,rainy,34,10.0,28.0,61.0,4.25,8.0625,สูงมาก
สุราษฎร์ธานี,เร่งด่วนเช้า (06:00-08:59),จันทร์,summer,21,2.0,18.0,23.0,2.625,4.0625,สูง
สุราษฎร์ธานี,เร่งด่วนเช้า (06:00-08:59),จันทร์,winter,34,3.0,28.0,33.0,4.25,6.3125,สูงมาก
สุราษฎร์ธานี,เร่งด่วนเช้า (06:00-08:59),พฤหัสบดี,rainy,30,7.0,35.0,58.0,3.75,7.375,สูงมาก
สุราษฎร์ธานี,เร่งด่วนเช้า (06:00-08:59),พฤหัสบดี,summer,25,3.0,22.0,34.0,3.125,5.25,สูงมาก
สุราษฎร์ธานี,เร่งด่วนเช้า (06:00-08:59),พฤหัสบดี,winter,35,11.0,32.0,66.0,4.375,8.5,สูงมาก
สุราษฎร์ธานี,เร่งด่วนเช้า (06:00-08:59),พุธ,rainy,32,4.0,34.0,46.0,4.0,6.875,สูงมาก
สุราษฎร์ธานี,เร่งด่วนเช้า (06:00-08:59),พุธ,summer,21,6.0,37.0,65.0,2.625,6.6875,สูงมาก
สุราษฎร์ธานี,เร่งด่วนเช้า (06:00-08:59),พุธ,winter,17,3.0,24.0,32.0,2.125,4.125,สูง
สุราษฎร์ธานี,เร่งด่วนเช้า (06:00-08:59),ศุกร์,rainy,25,2.0,48.0,55.0,3.125,6.5625,สูงมาก
สุราษฎร์ธานี,เร่งด่วนเช้า (06:00-08:59),ศุกร์,summer,21,8.0,25.0,49.0,2.625,5.6875,สูงมาก
สุราษฎร์ธานี,เร่งด่วนเช้า (06:00-08:59),ศุกร์,winter,36,6.0,25.0,43.0,4.5,7.1875,สูงมาก
สุราษฎร์ธานี,เร่งด่วนเช้า (06:00-08:59),อังคาร,rainy,27,4.0,14.0,27.0,3.375,5.0625,สูงมาก
สุราษฎร์ธานี,เร่งด่วนเช้า (06:00-08:59),อังคาร,summer,27,5.0,20.0,37.0,3.375,5.6875,สูงมาก
สุราษฎร์ธานี,เร่งด่วนเช้า (06:00-08:59),อังคาร,winter,36,5.0,18.0,29.0,4.5,6.3125,สูงมาก
สุราษฎร์ธานี,เร่งด่วนเช้า (06:00-08:59),อาทิตย์,rainy,21,8.0,44.0,69.0,2.625,6.9375,สูงมาก
สุราษฎร์ธานี,เร่งด่วนเช้า (06:00-08:59),อาทิตย์,summer,21,1.0,27.0,32.0,2.625,4.625,สูง
สุราษฎร์ธานี,เร่งด่วนเช้า (06:00-08:59),อาทิตย์,winter,18,3.0,13.0,22.0,2.25,3.625,สูง
สุราษฎร์ธานี,เร่งด่วนเช้า (06:00-08:59),เสาร์,rainy,21,3.0,23.0,29.0,2.625,4.4375,สูง
สุราษฎร์ธานี,เร่งด่วนเช้า (06:00-08:59),เสาร์,summer,12,3.0,13.0,22.0,1.5,2.875,ปานกลาง
สุราษฎร์ธานี,เร่งด่วนเช้า (06:00-08:59),เสาร์,winter,22,4.0,14.0,28.0,2.75,4.5,สูง
สุราษฎร์ธานี,เร่งด่วนเย็น (16:00-18:59),จันทร์,rainy,33,6.0,32.0,54.0,4.125,7.5,สูงมาก
สุราษฎร์ธานี,เร่งด่วนเย็น (16:00-18:59),จันทร์,summer,18,1.0,18.0,20.0,2.25,3.5,สูง
สุราษฎร์ธานี,เร่งด่วนเย็น (16:00-18:59),จันทร์,winter,23,4.0,13.0,24.0,2.875,4.375,สูง
สุราษฎร์ธานี,เร่งด่วนเย็น (16:00-18:59),พฤหัสบดี,rainy,32,7.0,15.0,34.0,4.0,6.125,สูงมาก
สุราษฎร์ธานี,เร่งด่วนเย็น (16:00-18:59),พฤหัสบดี,summer,37,8.0,35.0,64.0,4.625,8.625,สูงมาก
สุราษฎร์ธานี,เร่งด่วนเย็น (16:00-18:59),พฤหัสบดี,winter,25,5.0,31.0,51.0,3.125,6.3125,สูงมาก
สุราษฎร์ธานี,เร่งด่วนเย็น (16:00-18:59),พุธ,rainy,37,2.0,46.0,49.0,4.625,7.6875,สูงมาก
สุราษฎร์ธานี,เร่งด่วนเย็น (16:00-18:59),พุธ,summer,26,6.0,12.0,32.0,3.25,5.25,สูงมาก
สุราษฎร์ธานี,เร่งด่วนเย็น (16:00-18:59),พุธ,winter,32,3.0,59.0,73.0,4.0,8.5625,สูงมาก
สุราษฎร์ธานี,เร่งด่วนเย็น (16:00-18:59),ศุกร์,rainy,41,10.0,47.0,62.0,5.125,9.0,สูงมาก
สุราษฎร์ธานี,เร่งด่วนเย็น (16:00-18:59),ศุกร์,summer,28,5.0,21.0,40.0,3.5,6.0,สูงมาก
สุราษฎร์ธานี,เร่งด่วนเย็น (16:00-18:59),ศุกร์,winter,27,4.0,41.0,58.0,3.375,7.0,สูงมาก
สุราษฎร์ธานี,เร่งด่วนเย็น (16:00-18:59),อังคาร,rainy,31,8.0,24.0,51.0,3.875,7.0625,สูงมาก
สุราษฎร์ธานี,เร่งด่วนเย็น (16:00-18:59),อังคาร,summer,30,5.0,37.0,52.0,3.75,7.0,สูงมาก
สุราษฎร์ธานี,เร่งด่วนเย็น (16:00-18:59),อังคาร,winter,24,1.0,28.0,26.0,3.0,4.625,สูง
สุราษฎร์ธานี,เร่งด่วนเย็น (16:00-18:59),อาทิตย์,rainy,36,4.0,36.0,46.0,4.5,7.375,สูงมาก
สุราษฎร์ธานี,เร่งด่วนเย็น (16:00-18:59),อาทิตย์,summer,17,1.0,11.0,13.0,2.125,2.9375,สูง
สุราษฎร์ธานี,เร่งด่วนเย็น (16:00-18:59),อาทิตย์,winter,28,9.0,23.0,47.0,3.5,6.4375,สูงมาก
สุราษฎร์ธานี,เร่งด่วนเย็น (16:00-18:59),เสาร์,rainy,40,6.0,33.0,53.0,5.0,8.3125,สูงมาก
สุราษฎร์ธานี,เร่งด่วนเย็น (16:00-18:59),เสาร์,summer,33,7.0,31.0,50.0,4.125,7.25,สูงมาก
สุราษฎร์ธานี,เร่งด่วนเย็น (16:00-18:59),เสาร์,winter,28,0.0,19.0,19.0,3.5,4.6875,สูง
สุรินทร์,กลางดึก (00:00-05:59),จันทร์,rainy,13,6.0,12.0,25.0,1.625,3.1875,สูง
สุรินทร์,กลางดึก (00:00-05:59),จันทร์,summer,18,7.0,20.0,40.0,2.25,4.75,สูง
สุรินทร์,กลางดึก (00:00-05:59),จันทร์,winter,15,5.0,15.0,30.0,1.875,3.75,สูง
สุรินทร์,กลางดึก (00:00-05:59),พฤหัสบดี,rainy,16,3.0,23.0,33.0,2.0,4.0625,สูง
สุรินทร์,กลางดึก (00:00-05:59),พฤหัสบดี,summer,24,6.0,11.0,32.0,3.0,5.0,สูง
สุรินทร์,กลางดึก (00:00-05:59),พฤหัสบดี,winter,9,2.0,13.0,20.0,1.125,2.375,ปานกลาง
สุรินทร์,กลางดึก (00:00-05:59),พุธ,rainy,9,0.0,17.0,19.0,1.125,2.3125,ปานกลาง
สุรินทร์,กลางดึก (00:00-05:59),พุธ,summer,9,3.0,2.0,10.0,1.125,1.75,ปานกลาง
สุรินทร์,กลางดึก (00:00-05:59),พุธ,winter,19,2.0,10.0,19.0,2.375,3.5625,สูง
สุรินทร์,กลางดึก (00:00-05:59),ศุกร์,rainy,17,3.0,17.0,28.0,2.125,3.875,สูง
สุรินทร์,กลางดึก (00:00-05:59),ศุกร์,summer,19,3.0,25.0,39.0,2.375,4.8125,สูง
สุรินทร์,กลางดึก (00:00-05:59),ศุกร์,winter,11,4.0,14.0,24.0,1.375,2.875,ปานกลาง
สุรินทร์,กลางดึก (00:00-05:59),อังคาร,rainy,11,4.0,18.0,31.0,1.375,3.3125,สูง
สุรินทร์,กลางดึก (00:00-05:59),อังคาร,summer,17,6.0,15.0,36.0,2.125,4.375,สูง
สุรินทร์,กลางดึก (00:00-05:59),อังคาร,winter,9,1.0,18.0,33.0,1.125,3.1875,สูง
สุรินทร์,กลางดึก (00:00-05:59),อาทิตย์,rainy,21,4.0,16.0,31.0,2.625,4.5625,สูง
สุรินทร์,กลางดึก (00:00-05:59),อาทิตย์,summer,20,5.0,15.0,31.0,2.5,4.4375,สูง
สุรินทร์,กลางดึก (00:00-05:59),อาทิตย์,winter,18,3.0,23.0,36.0,2.25,4.5,สูง
สุรินทร์,กลางดึก (00:00-05:59),เสาร์,rainy,20,6.0,16.0,37.0,2.5,4.8125,สูง
สุรินทร์,กลางดึก (00:00-05:59),เสาร์,summer,16,5.0,15.0,24.0,2.0,3.5,สูง
สุรินทร์,กลางดึก (00:00-05:59),เสาร์,winter,18,3.0,27.0,38.0,2.25,4.625,สูง
สุรินทร์,กลางวัน (09:00-15:59),จันทร์,rainy,28,5.0,18.0,32.0,3.5,5.5,สูงมาก
สุรินทร์,กลางวัน (09:00-15:59),จันทร์,summer,16,2.0,12.0,22.0,2.0,3.375,สูง
สุรินทร์,กลางวัน (09:00-15:59),จันทร์,winter,33,8.0,32.0,59.0,4.125,7.8125,สูงมาก
สุรินทร์,กลางวัน (09:00-15:59),พฤหัสบดี,rainy,21,4.0,10.0,21.0,2.625,3.9375,สูง
สุรินทร์,กลางวัน (09:00-15:59),พฤหัสบดี,summer,32,4.0,31.0,50.0,4.0,7.125,สูงมาก
สุรินทร์,กลางวัน (09:00-15:59),พฤหัสบดี,winter,24,3.0,32.0,42.0,3.0,5.625,สูงมาก
สุรินทร์,กลางวัน (09:00-15:59),พุธ,rainy,21,8.0,19.0,54.0,2.625,6.0,สูงมาก
สุรินทร์,กลางวัน (09:00-15:59),พุธ,summer,23,2.0,27.0,36.0,2.875,5.125,สูงมาก
สุรินทร์,กลางวัน (09:00-15:59),พุธ,winter,25,5.0,24.0,45.0,3.125,5.9375,สูงมาก
สุรินทร์,กลางวัน (09:00-15:59),ศุกร์,rainy,23,4.0,29.0,44.0,2.875,5.625,สูงมาก
สุรินทร์,กลางวัน (09:00-15:59),ศุกร์,summer,23,2.0,34.0,43.0,2.875,5.5625,สูงมาก
สุรินทร์,กลางวัน (09:00-15:59),ศุกร์,winter,24,5.0,25.0,50.0,3.0,6.125,สูงมาก
สุรินทร์,กลางวัน (09:00-15:59),อังคาร,rainy,20,3.0,26.0,36.0,2.5,4.75,สูง
สุรินทร์,กลางวัน (09:00-15:59),อังคาร,summer,36,14.0,38.0,87.0,4.5,9.9375,สูงมาก
สุรินทร์,กลางวัน (09:00-15:59),อังคาร,winter,25,3.0,35.0,34.0,3.125,5.25,สูงมาก
สุรินทร์,กลางวัน (09:00-15:59),อาทิตย์,rainy,20,6.0,34.0,55.0,2.5,5.9375,สูงมาก
สุรินทร์,กลางวัน (09:00-15:59),อาทิตย์,summer,26,10.0,36.0,68.0,3.25,7.5,สูงมาก
สุรินทร์,กลางวัน (09:00-15:59),อาทิตย์,winter,26,9.0,25.0,55.0,3.25,6.6875,สูงมาก
สุรินทร์,กลางวัน (09:00-15:59),เสาร์,rainy,18,3.0,10.0,16.0,2.25,3.25,สูง
สุรินทร์,กลางวัน (09:00-15:59),เสาร์,summer,23,5.0,35.0,46.0,2.875,5.75,สูงมาก
สุรินทร์,กลางวัน (09:00-15:59),เสาร์,winter,32,7.0,44.0,59.0,4.0,7.6875,สูงมาก
สุรินทร์,หัวค่ำ-ดึก (19:00-23:59),จันทร์,rainy,9,4.0,4.0,17.0,1.125,2.1875,ปานกลาง
สุรินทร์,หัวค่ำ-ดึก (19:00-23:59),จันทร์,summer,12,4.0,12.0,18.0,1.5,2.625,ปานกลาง
สุรินทร์,หัวค่ำ-ดึก (19:00-23:59),จันทร์,winter,17,4.0,31.0,34.0,2.125,4.25,สูง
สุรินทร์,หัวค่ำ-ดึก (19:00-23:59),พฤหัสบดี,rainy,13,4.0,6.0,19.0,1.625,2.8125,ปานกลาง
สุรินทร์,หัวค่ำ-ดึก (19:00-23:59),พฤหัสบดี,summer,14,5.0,7.0,23.0,1.75,3.1875,สูง
สุรินทร์,หัวค่ำ-ดึก (19:00-23:59),พฤหัสบดี,winter,19,7.0,13.0,33.0,2.375,4.4375,สูง
สุรินทร์,หัวค่ำ-ดึก (19:00-23:59),พุธ,rainy,17,7.0,6.0,27.0,2.125,3.8125,สูง
สุรินทร์,หัวค่ำ-ดึก (19:00-23:59),พุธ,summer,9,4.0,10.0,27.0,1.125,2.8125,ปานกลาง
สุรินทร์,หัวค่ำ-ดึก (19:00-23:59),พุธ,winter,16,6.0,9.0,27.0,2.0,3.6875,สูง
สุรินทร์,หัวค่ำ-ดึก (19:00-23:59),ศุกร์,rainy,23,6.0,20.0,38.0,2.875,5.25,สูงมาก
สุรินทร์,หัวค่ำ-ดึก (19:00-23:59),ศุกร์,summer,18,4.0,8.0,22.0,2.25,3.625,สูง
สุรินทร์,หัวค่ำ-ดึก (19:00-23:59),ศุกร์,winter,16,6.0,8.0,28.0,2.0,3.75,สูง
สุรินทร์,หัวค่ำ-ดึก (19:00-23:59),อังคาร,rainy,20,4.0,22.0,29.0,2.5,4.3125,สูง
สุรินทร์,หัวค่ำ-ดึก (19:00-23:59),อังคาร,summer,10,3.0,5.0,16.0,1.25,2.25,ปานกลาง
สุรินทร์,หัวค่ำ-ดึก (19:00-23:59),อังคาร,winter,16,7.0,18.0,37.0,2.0,4.3125,สูง
สุรินทร์,หัวค่ำ-ดึก (19:00-23:59),อาทิตย์,rainy,22,10.0,21.0,56.0,2.75,6.25,สูงมาก
สุรินทร์,หัวค่ำ-ดึก (19:00-23:59),อาทิตย์,summer,17,3.0,22.0,25.0,2.125,3.6875,สูง
สุรินทร์,หัวค่ำ-ดึก (19:00-23:59),อาทิตย์,winter,20,4.0,33.0,42.0,2.5,5.125,สูงมาก
สุรินทร์,หัวค่ำ-ดึก (19:00-23:59),เสาร์,rainy,26,14.0,16.0,56.0,3.25,6.75,สูงมาก
สุรินทร์,หัวค่ำ-ดึก (19:00-23:59),เสาร์,summer,12,1.0,13.0,14.0,1.5,2.375,ปานกลาง
สุรินทร์,หัวค่ำ-ดึก (19:00-23:59),เสาร์,winter,21,5.0,18.0,37.0,2.625,4.9375,สูง
สุรินทร์,เร่งด่วนเช้า (06:00-08:59),จันทร์,rainy,9,2.0,7.0,14.0,1.125,2.0,ปานกลาง
สุรินทร์,เร่งด่วนเช้า (06:00-08:59),จันทร์,summer,13,0.0,10.0,9.0,1.625,2.1875,ปานกลาง
สุรินทร์,เร่งด่วนเช้า (06:00-08:59),จันทร์,winter,18,6.0,13.0,29.0,2.25,4.0625,สูง
สุรินทร์,เร่งด่วนเช้า (06:00-08:59),พฤหัสบดี,rainy,5,2.0,6.0,6.0,0.625,1.0,ต่ำ
สุรินทร์,เร่งด่วนเช้า (06:00-08:59),พฤหัสบดี,summer,15,2.0,19.0,26.0,1.875,3.5,สูง
สุรินทร์,เร่งด่วนเช้า (06:00-08:59),พฤหัสบดี,winter,11,1.0,32.0,39.0,1.375,3.8125,สูง
สุรินทร์,เร่งด่วนเช้า (06:00-08:59),พุธ,rainy,14,4.0,16.0,32.0,1.75,3.75,สูง
สุรินทร์,เร่งด่วนเช้า (06:00-08:59),พุธ,summer,6,1.0,8.0,9.0,0.75,1.3125,ต่ำ
สุรินทร์,เร่งด่วนเช้า (06:00-08:59),พุธ,winter,10,2.0,21.0,25.0,1.25,2.8125,ปานกลาง
สุรินทร์,เร่งด่วนเช้า (06:00-08:59),ศุกร์,rainy,5,1.0,9.0,12.0,0.625,1.375,ต่ำ
สุรินทร์,เร่งด่วนเช้า (06:00-08:59),ศุกร์,summer,10,1.0,11.0,15.0,1.25,2.1875,ปานกลาง
สุรินทร์,เร่งด่วนเช้า (06:00-08:59),ศุกร์,winter,11,2.0,14.0,19.0,1.375,2.5625,ปานกลาง
สุรินทร์,เร่งด่วนเช้า (06:00-08:59),อังคาร,rainy,10,3.0,7.0,12.0,1.25,2.0,ปานกลาง
สุรินทร์,เร่งด่วนเช้า (06:00-08:59),อังคาร,summer,6,1.0,8.0,12.0,0.75,1.5,ต่ำ
สุรินทร์,เร่งด่วนเช้า (06:00-08:59),อังคาร,winter,12,3.0,17.0,18.0,1.5,2.625,ปานกลาง
สุรินทร์,เร่งด่วนเช้า (06:00-08:59),อาทิตย์,rainy,10,3.0,19.0,34.0,1.25,3.375,สูง
สุรินทร์,เร่งด่วนเช้า (06:00-08:59),อาทิตย์,summer,14,7.0,8.0,33.0,1.75,3.8125,สูง
สุรินทร์,เร่งด่วนเช้า (06:00-08:59),อาทิตย์,winter,13,2.0,19.0,17.0,1.625,2.6875,ปานกลาง
สุรินทร์,เร่งด่วนเช้า (06:00-08:59),เสาร์,rainy,13,1.0,14.0,22.0,1.625,3.0,สูง
สุรินทร์,เร่งด่วนเช้า (06:00-08:59),เสาร์,summer,7,2.0,7.0,15.0,0.875,1.8125,ปานกลาง
สุรินทร์,เร่งด่วนเช้า (06:00-08:59),เสาร์,winter,3,2.0,1.0,6.0,0.375,0.75,ต่ำ
สุรินทร์,เร่งด่วนเย็น (16:00-18:59),จันทร์,rainy,6,1.0,4.0,8.0,0.75,1.25,ต่ำ
สุรินทร์,เร่งด่วนเย็น (16:00-18:59),จันทร์,summer,9,2.0,16.0,21.0,1.125,2.4375,ปานกลาง
สุรินทร์,เร่งด่วนเย็น (16:00-18:59),จันทร์,winter,12,3.0,18.0,33.0,1.5,3.5625,สูง
สุรินทร์,เร่งด่วนเย็น (16:00-18:59),พฤหัสบดี,rainy,12,6.0,5.0,25.0,1.5,3.0625,สูง
สุรินทร์,เร่งด่วนเย็น (16:00-18:59),พฤหัสบดี,summer,16,6.0,17.0,40.0,2.0,4.5,สูง
สุรินทร์,เร่งด่วนเย็น (16:00-18:59),พฤหัสบดี,winter,12,1.0,27.0,36.0,1.5,3.75,สูง
สุรินทร์,เร่งด่วนเย็น (16:00-18:59),พุธ,rainy,9,4.0,7.0,19.0,1.125,2.3125,ปานกลาง
สุรินทร์,เร่งด่วนเย็น (16:00-18:59),พุธ,summer,12,5.0,14.0,33.0,1.5,3.5625,สูง
สุรินทร์,เร่งด่วนเย็น (16:00-18:59),พุธ,winter,7,3.0,5.0,17.0,0.875,1.9375,ปานกลาง
สุรินทร์,เร่งด่วนเย็น (16:00-18:59),ศุกร์,rainy,10,6.0,6.0,29.0,1.25,3.0625,สูง
สุรินทร์,เร่งด่วนเย็น (16:00-18:59),ศุกร์,summer,11,8.0,5.0,30.0,1.375,3.25,สูง
สุรินทร์,เร่งด่วนเย็น (16:00-18:59),ศุกร์,winter,17,3.0,16.0,22.0,2.125,3.5,สูง
สุรินทร์,เร่งด่วนเย็น (16:00-18:59),อังคาร,rainy,9,5.0,7.0,20.0,1.125,2.375,ปานกลาง
สุรินทร์,เร่งด่วนเย็น (16:00-18:59),อังคาร,summer,6,2.0,6.0,11.0,0.75,1.4375,ต่ำ
สุรินทร์,เร่งด่วนเย็น (16:00-18:59),อังคาร,winter,13,4.0,22.0,24.0,1.625,3.125,สูง
สุรินทร์,เร่งด่วนเย็น (16:00-18:59),อาทิตย์,rainy,10,5.0,5.0,21.0,1.25,2.5625,ปานกลาง
สุรินทร์,เร่งด่วนเย็น (16:00-18:59),อาทิตย์,summer,11,5.0,25.0,41.0,1.375,3.9375,สูง
สุรินทร์,เร่งด่วนเย็น (16:00-18:59),อาทิตย์,winter,10,3.0,15.0,26.0,1.25,2.875,ปานกลาง
สุรินทร์,เร่งด่วนเย็น (16:00-18:59),เสาร์,rainy,13,6.0,11.0,27.0,1.625,3.3125,สูง
สุรินทร์,เร่งด่วนเย็น (16:00-18:59),เสาร์,summer,9,3.0,5.0,15.0,1.125,2.0625,ปานกลาง
สุรินทร์,เร่งด่วนเย็น (16:00-18:59),เสาร์,winter,17,5.0,23.0,43.0,2.125,4.8125,สูง
สุโขทัย,กลางดึก (00:00-05:59),จันทร์,rainy,10,2.0,4.0,10.0,1.25,1.875,ปานกลาง
สุโขทัย,กลางดึก (00:00-05:59),จันทร์,summer,6,1.0,5.0,11.0,0.75,1.4375,ต่ำ
สุโขทัย,กลางดึก (00:00-05:59),จันทร์,winter,10,0.0,13.0,10.0,1.25,1.875,ปานกลาง
สุโขทัย,กลางดึก (00:00-05:59),พฤหัสบดี,rainy,17,0.0,12.0,12.0,2.125,2.875,ปานกลาง
สุโขทัย,กลางดึก (00:00-05:59),พฤหัสบดี,summer,7,0.0,12.0,12.0,0.875,1.625,ปานกลาง
สุโขทัย,กลางดึก (00:00-05:59),พฤหัสบดี,winter,10,1.0,10.0,11.0,1.25,1.9375,ปานกลาง
สุโขทัย,กลางดึก (00:00-05:59),พุธ,rainy,16,2.0,8.0,12.0,2.0,2.75,ปานกลาง
สุโขทัย,กลางดึก (00:00-05:59),พุธ,summer,11,2.0,6.0,13.0,1.375,2.1875,ปานกลาง
สุโขทัย,กลางดึก (00:00-05:59),พุธ,winter,14,5.0,8.0,23.0,1.75,3.1875,สูง
สุโขทัย,กลางดึก (00:00-05:59),ศุกร์,rainy,13,2.0,18.0,24.0,1.625,3.125,สูง
สุโขทัย,กลางดึก (00:00-05:59),ศุกร์,summer,7,1.0,4.0,7.0,0.875,1.3125,ต่ำ
สุโขทัย,กลางดึก (00:00-05:59),ศุกร์,winter,15,2.0,14.0,17.0,1.875,2.9375,สูง
สุโขทัย,กลางดึก (00:00-05:59),อังคาร,rainy,9,0.0,9.0,9.0,1.125,1.6875,ปานกลาง
สุโขทัย,กลางดึก (00:00-05:59),อังคาร,summer,10,2.0,9.0,17.0,1.25,2.3125,ปานกลาง
สุโขทัย,กลางดึก (00:00-05:59),อังคาร,winter,14,3.0,13.0,27.0,1.75,3.4375,สูง
สุโขทัย,กลางดึก (00:00-05:59),อาทิตย์,rainy,14,1.0,9.0,12.0,1.75,2.5,ปานกลาง
สุโขทัย,กลางดึก (00:00-05:59),อาทิตย์,summer,8,4.0,1.0,12.0,1.0,1.75,ปานกลาง
สุโขทัย,กลางดึก (00:00-05:59),อาทิตย์,winter,22,3.0,29.0,37.0,2.75,5.0625,สูงมาก
สุโขทัย,กลางดึก (00:00-05:59),เสาร์,rainy,22,5.0,15.0,30.0,2.75,4.625,สูง
สุโขทัย,กลางดึก (00:00-05:59),เสาร์,summer,16,2.0,29.0,35.0,2.0,4.1875,สูง
สุโขทัย,กลางดึก (00:00-05:59),เสาร์,winter,17,2.0,15.0,19.0,2.125,3.3125,สูง
สุโขทัย,กลางวัน (09:00-15:59),จันทร์,rainy,33,6.0,31.0,50.0,4.125,7.25,สูงมาก
สุโขทัย,กลางวัน (09:00-15:59),จันทร์,summer,27,4.0,30.0,44.0,3.375,6.125,สูงมาก
สุโขทัย,กลางวัน (09:00-15:59),จันทร์,winter,56,3.0,55.0,60.0,7.0,10.75,สูงมาก
สุโขทัย,กลางวัน (09:00-15:59),พฤหัสบดี,rainy,32,2.0,35.0,33.0,4.0,6.0625,สูงมาก
สุโขทัย,กลางวัน (09:00-15:59),พฤหัสบดี,summer,16,2.0,26.0,36.0,2.0,4.25,สูง
สุโขทัย,กลางวัน (09:00-15:59),พฤหัสบดี,winter,42,2.0,53.0,60.0,5.25,9.0,สูงมาก
สุโขทัย,กลางวัน (09:00-15:59),พุธ,rainy,36,4.0,37.0,48.0,4.5,7.5,สูงมาก
สุโขทัย,กลางวัน (09:00-15:59),พุธ,summer,23,0.0,29.0,29.0,2.875,4.6875,สูง
สุโขทัย,กลางวัน (09:00-15:59),พุธ,winter,48,4.0,52.0,58.0,6.0,9.625,สูงมาก
สุโขทัย,กลางวัน (09:00-15:59),ศุกร์,rainy,24,0.0,19.0,19.0,3.0,4.1875,สูง
สุโขทัย,กลางวัน (09:00-15:59),ศุกร์,summer,43,5.0,41.0,53.0,5.375,8.6875,สูงมาก
สุโขทัย,กลางวัน (09:00-15:59),ศุกร์,winter,41,2.0,38.0,43.0,5.125,7.8125,สูงมาก
สุโขทัย,กลางวัน (09:00-15:59),อังคาร,rainy,31,4.0,37.0,48.0,3.875,6.875,สูงมาก
สุโขทัย,กลางวัน (09:00-15:59),อังคาร,summer,34,2.0,41.0,49.0,4.25,7.3125,สูงมาก
สุโขทัย,กลางวัน (09:00-15:59),อังคาร,winter,46,2.0,48.0,51.0,5.75,8.9375,สูงมาก
สุโขทัย,กลางวัน (09:00-15:59),อาทิตย์,rainy,23,2.0,24.0,30.0,2.875,4.75,สูง
สุโขทัย,กลางวัน (09:00-15:59),อาทิตย์,summer,19,2.0,19.0,25.0,2.375,3.9375,สูง
สุโขทัย,กลางวัน (09:00-15:59),อาทิตย์,winter,42,5.0,41.0,50.0,5.25,8.375,สูงมาก
สุโขทัย,กลางวัน (09:00-15:59),เสาร์,rainy,36,4.0,44.0,59.0,4.5,8.1875,สูงมาก
สุโขทัย,กลางวัน (09:00-15:59),เสาร์,summer,26,4.0,21.0,33.0,3.25,5.3125,สูงมาก
สุโขทัย,กลางวัน (09:00-15:59),เสาร์,winter,39,0.0,41.0,38.0,4.875,7.25,สูงมาก
สุโขทัย,หัวค่ำ-ดึก (19:00-23:59),จันทร์,rainy,17,2.0,12.0,18.0,2.125,3.25,สูง
สุโขทัย,หัวค่ำ-ดึก (19:00-23:59),จันทร์,summer,11,1.0,9.0,10.0,1.375,2.0,ปานกลาง
สุโขทัย,หัวค่ำ-ดึก (19:00-23:59),จันทร์,winter,26,2.0,24.0,28.0,3.25,5.0,สูง
สุโขทัย,หัวค่ำ-ดึก (19:00-23:59),พฤหัสบดี,rainy,20,4.0,14.0,25.0,2.5,4.0625,สูง
สุโขทัย,หัวค่ำ-ดึก (19:00-23:59),พฤหัสบดี,summer,13,5.0,11.0,26.0,1.625,3.25,สูง
สุโขทัย,หัวค่ำ-ดึก (19:00-23:59),พฤหัสบดี,winter,22,3.0,22.0,33.0,2.75,4.8125,สูง
สุโขทัย,หัวค่ำ-ดึก (19:00-23:59),พุธ,rainy,24,3.0,21.0,30.0,3.0,4.875,สูง
สุโขทัย,หัวค่ำ-ดึก (19:00-23:59),พุธ,summer,8,1.0,8.0,11.0,1.0,1.6875,ปานกลาง
สุโขทัย,หัวค่ำ-ดึก (19:00-23:59),พุธ,winter,23,2.0,19.0,25.0,2.875,4.4375,สูง
สุโขทัย,หัวค่ำ-ดึก (19:00-23:59),ศุกร์,rainy,26,1.0,24.0,26.0,3.25,4.875,สูง
สุโขทัย,หัวค่ำ-ดึก (19:00-23:59),ศุกร์,summer,9,3.0,53.0,60.0,1.125,4.875,สูง
สุโขทัย,หัวค่ำ-ดึก (19:00-23:59),ศุกร์,winter,23,5.0,15.0,35.0,2.875,5.0625,สูงมาก
สุโขทัย,หัวค่ำ-ดึก (19:00-23:59),อังคาร,rainy,20,3.0,16.0,25.0,2.5,4.0625,สูง
สุโขทัย,หัวค่ำ-ดึก (19:00-23:59),อังคาร,summer,14,3.0,6.0,14.0,1.75,2.625,ปานกลาง
สุโขทัย,หัวค่ำ-ดึก (19:00-23:59),อังคาร,winter,15,1.0,12.0,16.0,1.875,2.875,ปานกลาง
สุโขทัย,หัวค่ำ-ดึก (19:00-23:59),อาทิตย์,rainy,26,2.0,17.0,23.0,3.25,4.6875,สูง
สุโขทัย,หัวค่ำ-ดึก (19:00-23:59),อาทิตย์,summer,21,2.0,17.0,22.0,2.625,4.0,สูง
สุโขทัย,หัวค่ำ-ดึก (19:00-23:59),อาทิตย์,winter,24,4.0,37.0,43.0,3.0,5.6875,สูงมาก
สุโขทัย,หัวค่ำ-ดึก (19:00-23:59),เสาร์,rainy,19,8.0,15.0,40.0,2.375,4.875,สูง
สุโขทัย,หัวค่ำ-ดึก (19:00-23:59),เสาร์,summer,19,1.0,16.0,16.0,2.375,3.375,สูง
สุโขทัย,หัวค่ำ-ดึก (19:00-23:59),เสาร์,winter,27,4.0,21.0,32.0,3.375,5.375,สูงมาก
สุโขทัย,เร่งด่วนเช้า (06:00-08:59),จันทร์,rainy,9,0.0,9.0,9.0,1.125,1.6875,ปานกลาง
สุโขทัย,เร่งด่วนเช้า (06:00-08:59),จันทร์,summer,8,0.0,9.0,9.0,1.0,1.5625,ต่ำ
สุโขทัย,เร่งด่วนเช้า (06:00-08:59),จันทร์,winter,17,2.0,34.0,39.0,2.125,4.5625,สูง
สุโขทัย,เร่งด่วนเช้า (06:00-08:59),พฤหัสบดี,rainy,13,0.0,12.0,12.0,1.625,2.375,ปานกลาง
สุโขทัย,เร่งด่วนเช้า (06:00-08:59),พฤหัสบดี,summer,10,2.0,10.0,17.0,1.25,2.3125,ปานกลาง
สุโขทัย,เร่งด่วนเช้า (06:00-08:59),พฤหัสบดี,winter,17,0.0,41.0,41.0,2.125,4.6875,สูง
สุโขทัย,เร่งด่วนเช้า (06:00-08:59),พุธ,rainy,16,1.0,18.0,17.0,2.0,3.0625,สูง
สุโขทัย,เร่งด่วนเช้า (06:00-08:59),พุธ,summer,13,0.0,17.0,17.0,1.625,2.6875,ปานกลาง
สุโขทัย,เร่งด่วนเช้า (06:00-08:59),พุธ,winter,10,2.0,11.0,17.0,1.25,2.3125,ปานกลาง
สุโขทัย,เร่งด่วนเช้า (06:00-08:59),ศุกร์,rainy,14,2.0,12.0,17.0,1.75,2.8125,ปานกลาง
สุโขทัย,เร่งด่วนเช้า (06:00-08:59),ศุกร์,summer,5,1.0,7.0,9.0,0.625,1.1875,ต่ำ
สุโขทัย,เร่งด่วนเช้า (06:00-08:59),ศุกร์,winter,16,3.0,18.0,25.0,2.0,3.5625,สูง
สุโขทัย,เร่งด่วนเช้า (06:00-08:59),อังคาร,rainy,14,2.0,16.0,21.0,1.75,3.0625,สูง
สุโขทัย,เร่งด่วนเช้า (06:00-08:59),อังคาร,summer,11,0.0,9.0,9.0,1.375,1.9375,ปานกลาง
สุโขทัย,เร่งด่วนเช้า (06:00-08:59),อังคาร,winter,15,2.0,19.0,24.0,1.875,3.375,สูง
สุโขทัย,เร่งด่วนเช้า (06:00-08:59),อาทิตย์,rainy,11,0.0,7.0,7.0,1.375,1.8125,ปานกลาง
สุโขทัย,เร่งด่วนเช้า (06:00-08:59),อาทิตย์,summer,7,0.0,9.0,9.0,0.875,1.4375,ต่ำ
สุโขทัย,เร่งด่วนเช้า (06:00-08:59),อาทิตย์,winter,6,0.0,3.0,4.0,0.75,1.0,ต่ำ
สุโขทัย,เร่งด่วนเช้า (06:00-08:59),เสาร์,rainy,9,3.0,11.0,19.0,1.125,2.3125,ปานกลาง
สุโขทัย,เร่งด่วนเช้า (06:00-08:59),เสาร์,summer,7,1.0,4.0,7.0,0.875,1.3125,ต่ำ
สุโขทัย,เร่งด่วนเช้า (06:00-08:59),เสาร์,winter,13,2.0,11.0,17.0,1.625,2.6875,ปานกลาง
สุโขทัย,เร่งด่วนเย็น (16:00-18:59),จันทร์,rainy,18,1.0,21.0,21.0,2.25,3.5625,สูง
สุโขทัย,เร่งด่วนเย็น (16:00-18:59),จันทร์,summer,27,2.0,30.0,39.0,3.375,5.8125,สูงมาก
สุโขทัย,เร่งด่วนเย็น (16:00-18:59),จันทร์,winter,25,1.0,48.0,47.0,3.125,6.0625,สูงมาก
สุโขทัย,เร่งด่วนเย็น (16:00-18:59),พฤหัสบดี,rainy,16,2.0,15.0,19.0,2.0,3.1875,สูง
สุโขทัย,เร่งด่วนเย็น (16:00-18:59),พฤหัสบดี,summer,14,1.0,10.0,12.0,1.75,2.5,ปานกลาง
สุโขทัย,เร่งด่วนเย็น (16:00-18:59),พฤหัสบดี,winter,21,1.0,16.0,20.0,2.625,3.875,สูง
สุโขทัย,เร่งด่วนเย็น (16:00-18:59),พุธ,rainy,20,0.0,50.0,54.0,2.5,5.875,สูงมาก
สุโขทัย,เร่งด่วนเย็น (16:00-18:59),พุธ,summer,11,1.0,12.0,15.0,1.375,2.3125,ปานกลาง
สุโขทัย,เร่งด่วนเย็น (16:00-18:59),พุธ,winter,32,1.0,39.0,40.0,4.0,6.5,สูงมาก
สุโขทัย,เร่งด่วนเย็น (16:00-18:59),ศุกร์,rainy,27,1.0,29.0,33.0,3.375,5.4375,สูงมาก
สุโขทัย,เร่งด่วนเย็น (16:00-18:59),ศุกร์,summer,17,3.0,14.0,22.0,2.125,3.5,สูง
สุโขทัย,เร่งด่วนเย็น (16:00-18:59),ศุกร์,winter,22,1.0,21.0,24.0,2.75,4.25,สูง
สุโขทัย,เร่งด่วนเย็น (16:00-18:59),อังคาร,rainy,22,1.0,18.0,19.0,2.75,3.9375,สูง
สุโขทัย,เร่งด่วนเย็น (16:00-18:59),อังคาร,summer,17,2.0,14.0,20.0,2.125,3.375,สูง
สุโขทัย,เร่งด่วนเย็น (16:00-18:59),อังคาร,winter,22,0.0,26.0,24.0,2.75,4.25,สูง
สุโขทัย,เร่งด่วนเย็น (16:00-18:59),อาทิตย์,rainy,22,2.0,36.0,50.0,2.75,5.875,สูงมาก
สุโขทัย,เร่งด่วนเย็น (16:00-18:59),อาทิตย์,summer,6,1.0,7.0,10.0,0.75,1.375,ต่ำ
สุโขทัย,เร่งด่วนเย็น (16:00-18:59),อาทิตย์,winter,23,2.0,26.0,29.0,2.875,4.6875,สูง
สุโขทัย,เร่งด่วนเย็น (16:00-18:59),เสาร์,rainy,22,1.0,25.0,28.0,2.75,4.5,สูง
สุโขทัย,เร่งด่วนเย็น (16:00-18:59),เสาร์,summer,12,1.0,14.0,17.0,1.5,2.5625,ปานกลาง
สุโขทัย,เร่งด่วนเย็น (16:00-18:59),เสาร์,winter,34,2.0,36.0,39.0,4.25,6.6875,สูงมาก
หนองคาย,กลางดึก (00:00-05:59),จันทร์,rainy,7,1.0,5.0,7.0,0.875,1.3125,ต่ำ
หนองคาย,กลางดึก (00:00-05:59),จันทร์,summer,2,0.0,2.0,2.0,0.25,0.375,ต่ำ
หนองคาย,กลางดึก (00:00-05:59),จันทร์,winter,4,0.0,4.0,4.0,0.5,0.75,ต่ำ
หนองคาย,กลางดึก (00:00-05:59),พฤหัสบดี,rainy,9,1.0,5.0,7.0,1.125,1.5625,ต่ำ
หนองคาย,กลางดึก (00:00-05:59),พฤหัสบดี,summer,7,1.0,6.0,9.0,0.875,1.4375,ต่ำ
หนองคาย,กลางดึก (00:00-05:59),พฤหัสบดี,winter,4,1.0,3.0,4.0,0.5,0.75,ต่ำ
หนองคาย,กลางดึก (00:00-05:59),พุธ,rainy,4,3.0,3.0,14.0,0.5,1.375,ต่ำ
หนองคาย,กลางดึก (00:00-05:59),พุธ,summer,4,1.0,5.0,9.0,0.5,1.0625,ต่ำ
หนองคาย,กลางดึก (00:00-05:59),พุธ,winter,9,1.0,7.0,10.0,1.125,1.75,ปานกลาง
หนองคาย,กลางดึก (00:00-05:59),ศุกร์,rainy,1,2.0,0.0,6.0,0.125,0.5,ต่ำ
หนองคาย,กลางดึก (00:00-05:59),ศุกร์,summer,5,0.0,4.0,3.0,0.625,0.8125,ต่ำ
หนองคาย,กลางดึก (00:00-05:59),ศุกร์,winter,5,0.0,6.0,3.0,0.625,0.8125,ต่ำ
หนองคาย,กลางดึก (00:00-05:59),อังคาร,rainy,7,2.0,4.0,10.0,0.875,1.5,ต่ำ
หนองคาย,กลางดึก (00:00-05:59),อังคาร,summer,7,0.0,7.0,5.0,0.875,1.1875,ต่ำ
หนองคาย,กลางดึก (00:00-05:59),อังคาร,winter,3,1.0,4.0,3.0,0.375,0.5625,ต่ำ
หนองคาย,กลางดึก (00:00-05:59),อาทิตย์,rainy,9,3.0,4.0,13.0,1.125,1.9375,ปานกลาง
หนองคาย,กลางดึก (00:00-05:59),อาทิตย์,summer,5,0.0,4.0,1.0,0.625,0.6875,ต่ำ
หนองคาย,กลางดึก (00:00-05:59),อาทิตย์,winter,15,4.0,10.0,20.0,1.875,3.125,สูง
หนองคาย,กลางดึก (00:00-05:59),เสาร์,rainy,10,0.0,5.0,6.0,1.25,1.625,ปานกลาง
หนองคาย,กลางดึก (00:00-05:59),เสาร์,summer,5,0.0,4.0,4.0,0.625,0.875,ต่ำ
หนองคาย,กลางดึก (00:00-05:59),เสาร์,winter,9,2.0,13.0,18.0,1.125,2.25,ปานกลาง
หนองคาย,กลางวัน (09:00-15:59),จันทร์,rainy,9,2.0,5.0,11.0,1.125,1.8125,ปานกลาง
หนองคาย,กลางวัน (09:00-15:59),จันทร์,summer,4,0.0,4.0,4.0,0.5,0.75,ต่ำ
หนองคาย,กลางวัน (09:00-15:59),จันทร์,winter,9,1.0,7.0,9.0,1.125,1.6875,ปานกลาง
หนองคาย,กลางวัน (09:00-15:59),พฤหัสบดี,rainy,3,2.0,1.0,8.0,0.375,0.875,ต่ำ
หนองคาย,กลางวัน (09:00-15:59),พฤหัสบดี,summer,7,3.0,9.0,20.0,0.875,2.125,ปานกลาง
หนองคาย,กลางวัน (09:00-15:59),พฤหัสบดี,winter,6,2.0,2.0,10.0,0.75,1.375,ต่ำ
หนองคาย,กลางวัน (09:00-15:59),พุธ,rainy,6,0.0,5.0,4.0,0.75,1.0,ต่ำ
หนองคาย,กลางวัน (09:00-15:59),พุธ,summer,5,2.0,2.0,7.0,0.625,1.0625,ต่ำ
หนองคาย,กลางวัน (09:00-15:59),พุธ,winter,5,0.0,4.0,3.0,0.625,0.8125,ต่ำ
หนองคาย,กลางวัน (09:00-15:59),ศุกร์,rainy,7,0.0,3.0,2.0,0.875,1.0,ต่ำ
หนองคาย,กลางวัน (09:00-15:59),ศุกร์,summer,5,0.0,3.0,3.0,0.625,0.8125,ต่ำ
หนองคาย,กลางวัน (09:00-15:59),ศุกร์,winter,10,0.0,13.0,12.0,1.25,2.0,ปานกลาง
หนองคาย,กลางวัน (09:00-15:59),อังคาร,rainy,2,1.0,2.0,5.0,0.25,0.5625,ต่ำ
หนองคาย,กลางวัน (09:00-15:59),อังคาร,summer,6,1.0,5.0,10.0,0.75,1.375,ต่ำ
หนองคาย,กลางวัน (09:00-15:59),อังคาร,winter,7,3.0,12.0,15.0,0.875,1.8125,ปานกลาง
หนองคาย,กลางวัน (09:00-15:59),อาทิตย์,rainy,7,0.0,4.0,3.0,0.875,1.0625,ต่ำ
หนองคาย,กลางวัน (09:00-15:59),อาทิตย์,summer,8,2.0,4.0,10.0,1.0,1.625,ปานกลาง
หนองคาย,กลางวัน (09:00-15:59),อาทิตย์,winter,9,1.0,15.0,16.0,1.125,2.125,ปานกลาง
หนองคาย,กลางวัน (09:00-15:59),เสาร์,rainy,1,0.0,1.0,1.0,0.125,0.1875,ต่ำ
หนองคาย,กลางวัน (09:00-15:59),เสาร์,summer,5,0.0,7.0,7.0,0.625,1.0625,ต่ำ
หนองคาย,กลางวัน (09:00-15:59),เสาร์,winter,9,1.0,9.0,13.0,1.125,1.9375,ปานกลาง
หนองคาย,หัวค่ำ-ดึก (19:00-23:59),จันทร์,rainy,3,3.0,1.0,9.0,0.375,0.9375,ต่ำ
หนองคาย,หัวค่ำ-ดึก (19:00-23:59),จันทร์,summer,7,0.0,6.0,6.0,0.875,1.25,ต่ำ
หนองคาย,หัวค่ำ-ดึก (19:00-23:59),จันทร์,winter,4,0.0,2.0,1.0,0.5,0.5625,ต่ำ
หนองคาย,หัวค่ำ-ดึก (19:00-23:59),พฤหัสบดี,rainy,2,0.0,1.0,1.0,0.25,0.3125,ต่ำ
หนองคาย,หัวค่ำ-ดึก (19:00-23:59),พฤหัสบดี,summer,7,3.0,7.0,14.0,0.875,1.75,ปานกลาง
หนองคาย,หัวค่ำ-ดึก (19:00-23:59),พฤหัสบดี,winter,7,1.0,10.0,15.0,0.875,1.8125,ปานกลาง
หนองคาย,หัวค่ำ-ดึก (19:00-23:59),พุธ,rainy,4,2.0,3.0,10.0,0.5,1.125,ต่ำ
หนองคาย,หัวค่ำ-ดึก (19:00-23:59),พุธ,summer,3,0.0,3.0,3.0,0.375,0.5625,ต่ำ
หนองคาย,หัวค่ำ-ดึก (19:00-23:59),พุธ,winter,8,4.0,12.0,25.0,1.0,2.5625,ปานกลาง
หนองคาย,หัวค่ำ-ดึก (19:00-23:59),ศุกร์,rainy,12,3.0,9.0,19.0,1.5,2.6875,ปานกลาง
หนองคาย,หัวค่ำ-ดึก (19:00-23:59),ศุกร์,summer,6,1.0,7.0,12.0,0.75,1.5,ต่ำ
หนองคาย,หัวค่ำ-ดึก (19:00-23:59),ศุกร์,winter,8,5.0,12.0,22.0,1.0,2.375,ปานกลาง
หนองคาย,หัวค่ำ-ดึก (19:00-23:59),อังคาร,rainy,1,0.0,1.0,1.0,0.125,0.1875,ต่ำ
หนองคาย,หัวค่ำ-ดึก (19:00-23:59),อังคาร,summer,3,1.0,3.0,7.0,0.375,0.8125,ต่ำ
หนองคาย,หัวค่ำ-ดึก (19:00-23:59),อังคาร,winter,8,4.0,6.0,14.0,1.0,1.875,ปานกลาง
หนองคาย,หัวค่ำ-ดึก (19:00-23:59),อาทิตย์,rainy,6,2.0,3.0,8.0,0.75,1.25,ต่ำ
หนองคาย,หัวค่ำ-ดึก (19:00-23:59),อาทิตย์,summer,5,2.0,4.0,11.0,0.625,1.3125,ต่ำ
หนองคาย,หัวค่ำ-ดึก (19:00-23:59),อาทิตย์,winter,4,1.0,2.0,4.0,0.5,0.75,ต่ำ
หนองคาย,หัวค่ำ-ดึก (19:00-23:59),เสาร์,rainy,3,0.0,2.0,2.0,0.375,0.5,ต่ำ
หนองคาย,หัวค่ำ-ดึก (19:00-23:59),เสาร์,summer,5,2.0,3.0,11.0,0.625,1.3125,ต่ำ
หนองคาย,หัวค่ำ-ดึก (19:00-23:59),เสาร์,winter,12,8.0,20.0,53.0,1.5,4.8125,สูง
หนองคาย,เร่งด่วนเช้า (06:00-08:59),จันทร์,rainy,1,0.0,1.0,1.0,0.125,0.1875,ต่ำ
หนองคาย,เร่งด่วนเช้า (06:00-08:59),จันทร์,summer,4,1.0,3.0,6.0,0.5,0.875,ต่ำ
หนองคาย,เร่งด่วนเช้า (06:00-08:59),จันทร์,winter,6,0.0,4.0,4.0,0.75,1.0,ต่ำ
หนองคาย,เร่งด่วนเช้า (06:00-08:59),พฤหัสบดี,rainy,2,0.0,1.0,1.0,0.25,0.3125,ต่ำ
หนองคาย,เร่งด่วนเช้า (06:00-08:59),พฤหัสบดี,summer,1,0.0,0.0,0.0,0.125,0.125,ต่ำ
หนองคาย,เร่งด่วนเช้า (06:00-08:59),พฤหัสบดี,winter,5,0.0,5.0,6.0,0.625,1.0,ต่ำ
หนองคาย,เร่งด่วนเช้า (06:00-08:59),พุธ,rainy,3,0.0,2.0,1.0,0.375,0.4375,ต่ำ
หนองคาย,เร่งด่วนเช้า (06:00-08:59),พุธ,summer,5,3.0,6.0,16.0,0.625,1.625,ปานกลาง
หนองคาย,เร่งด่วนเช้า (06:00-08:59),พุธ,winter,3,1.0,7.0,10.0,0.375,1.0,ต่ำ
หนองคาย,เร่งด่วนเช้า (06:00-08:59),ศุกร์,rainy,1,1.0,0.0,3.0,0.125,0.3125,ต่ำ
หนองคาย,เร่งด่วนเช้า (06:00-08:59),ศุกร์,summer,1,1.0,3.0,9.0,0.125,0.6875,ต่ำ
หนองคาย,เร่งด่วนเช้า (06:00-08:59),ศุกร์,winter,1,0.0,1.0,1.0,0.125,0.1875,ต่ำ
หนองคาย,เร่งด่วนเช้า (06:00-08:59),อังคาร,rainy,1,0.0,0.0,0.0,0.125,0.125,ต่ำ
หนองคาย,เร่งด่วนเช้า (06:00-08:59),อังคาร,summer,2,0.0,1.0,1.0,0.25,0.3125,ต่ำ
หนองคาย,เร่งด่วนเช้า (06:00-08:59),อาทิตย์,rainy,2,0.0,1.0,1.0,0.25,0.3125,ต่ำ
หนองคาย,เร่งด่วนเช้า (06:00-08:59),อาทิตย์,summer,2,1.0,1.0,4.0,0.25,0.5,ต่ำ
หนองคาย,เร่งด่วนเช้า (06:00-08:59),อาทิตย์,winter,4,3.0,4.0,17.0,0.5,1.5625,ต่ำ
หนองคาย,เร่งด่วนเช้า (06:00-08:59),เสาร์,rainy,1,0.0,1.0,1.0,0.125,0.1875,ต่ำ
หนองคาย,เร่งด่วนเช้า (06:00-08:59),เสาร์,summer,1,2.0,1.0,7.0,0.125,0.5625,ต่ำ
หนองคาย,เร่งด่วนเช้า (06:00-08:59),เสาร์,winter,2,0.0,2.0,2.0,0.25,0.375,ต่ำ
หนองคาย,เร่งด่วนเย็น (16:00-18:59),จันทร์,rainy,5,2.0,3.0,9.0,0.625,1.1875,ต่ำ
หนองคาย,เร่งด่วนเย็น (16:00-18:59),จันทร์,summer,1,2.0,0.0,6.0,0.125,0.5,ต่ำ
หนองคาย,เร่งด่วนเย็น (16:00-18:59),จันทร์,winter,3,0.0,1.0,1.0,0.375,0.4375,ต่ำ
หนองคาย,เร่งด่วนเย็น (16:00-18:59),พฤหัสบดี,rainy,1,0.0,2.0,2.0,0.125,0.25,ต่ำ
หนองคาย,เร่งด่วนเย็น (16:00-18:59),พฤหัสบดี,summer,3,2.0,1.0,7.0,0.375,0.8125,ต่ำ
หนองคาย,เร่งด่วนเย็น (16:00-18:59),พฤหัสบดี,winter,6,4.0,3.0,15.0,0.75,1.6875,ปานกลาง
หนองคาย,เร่งด่วนเย็น (16:00-18:59),พุธ,rainy,3,1.0,2.0,4.0,0.375,0.625,ต่ำ
หนองคาย,เร่งด่วนเย็น (16:00-18:59),พุธ,summer,6,1.0,2.0,5.0,0.75,1.0625,ต่ำ
หนองคาย,เร่งด่วนเย็น (16:00-18:59),พุธ,winter,6,3.0,17.0,29.0,0.75,2.5625,ปานกลาง
หนองคาย,เร่งด่วนเย็น (16:00-18:59),ศุกร์,rainy,2,1.0,4.0,9.0,0.25,0.8125,ต่ำ
หนองคาย,เร่งด่วนเย็น (16:00-18:59),ศุกร์,summer,8,0.0,5.0,5.0,1.0,1.3125,ต่ำ
หนองคาย,เร่งด่วนเย็น (16:00-18:59),ศุกร์,winter,2,0.0,3.0,5.0,0.25,0.5625,ต่ำ
หนองคาย,เร่งด่วนเย็น (16:00-18:59),อังคาร,rainy,2,0.0,2.0,2.0,0.25,0.375,ต่ำ
หนองคาย,เร่งด่วนเย็น (16:00-18:59),อังคาร,summer,6,2.0,8.0,16.0,0.75,1.75,ปานกลาง
หนองคาย,เร่งด่วนเย็น (16:00-18:59),อังคาร,winter,2,0.0,1.0,1.0,0.25,0.3125,ต่ำ
หนองคาย,เร่งด่วนเย็น (16:00-18:59),อาทิตย์,rainy,2,0.0,4.0,3.0,0.25,0.4375,ต่ำ
หนองคาย,เร่งด่วนเย็น (16:00-18:59),อาทิตย์,summer,3,0.0,3.0,4.0,0.375,0.625,ต่ำ
หนองคาย,เร่งด่วนเย็น (16:00-18:59),อาทิตย์,winter,8,3.0,6.0,12.0,1.0,1.75,ปานกลาง
หนองคาย,เร่งด่วนเย็น (16:00-18:59),เสาร์,rainy,4,1.0,4.0,8.0,0.5,1.0,ต่ำ
หนองคาย,เร่งด่วนเย็น (16:00-18:59),เสาร์,summer,7,1.0,6.0,7.0,0.875,1.3125,ต่ำ
หนองคาย,เร่งด่วนเย็น (16:00-18:59),เสาร์,winter,5,0.0,4.0,4.0,0.625,0.875,ต่ำ
หนองบัวลำภู,กลางดึก (00:00-05:59),จันทร์,rainy,6,2.0,0.0,6.0,0.75,1.125,ต่ำ
หนองบัวลำภู,กลางดึก (00:00-05:59),จันทร์,summer,5,0.0,3.0,3.0,0.625,0.8125,ต่ำ
หนองบัวลำภู,กลางดึก (00:00-05:59),จันทร์,winter,5,2.0,2.0,8.0,0.625,1.125,ต่ำ
หนองบัวลำภู,กลางดึก (00:00-05:59),พฤหัสบดี,rainy,2,0.0,1.0,1.0,0.25,0.3125,ต่ำ
หนองบัวลำภู,กลางดึก (00:00-05:59),พฤหัสบดี,summer,7,3.0,0.0,9.0,0.875,1.4375,ต่ำ
หนองบัวลำภู,กลางดึก (00:00-05:59),พฤหัสบดี,winter,7,1.0,5.0,8.0,0.875,1.375,ต่ำ
หนองบัวลำภู,กลางดึก (00:00-05:59),พุธ,rainy,7,2.0,8.0,16.0,0.875,1.875,ปานกลาง
หนองบัวลำภู,กลางดึก (00:00-05:59),พุธ,summer,4,0.0,1.0,1.0,0.5,0.5625,ต่ำ
หนองบัวลำภู,กลางดึก (00:00-05:59),พุธ,winter,9,4.0,7.0,16.0,1.125,2.125,ปานกลาง
หนองบัวลำภู,กลางดึก (00:00-05:59),ศุกร์,rainy,6,0.0,5.0,3.0,0.75,0.9375,ต่ำ
หนองบัวลำภู,กลางดึก (00:00-05:59),ศุกร์,summer,5,1.0,3.0,6.0,0.625,1.0,ต่ำ
หนองบัวลำภู,กลางดึก (00:00-05:59),ศุกร์,winter,7,0.0,5.0,5.0,0.875,1.1875,ต่ำ
หนองบัวลำภู,กลางดึก (00:00-05:59),อังคาร,rainy,5,1.0,2.0,3.0,0.625,0.8125,ต่ำ
หนองบัวลำภู,กลางดึก (00:00-05:59),อังคาร,summer,4,0.0,3.0,2.0,0.5,0.625,ต่ำ
หนองบัวลำภู,กลางดึก (00:00-05:59),อังคาร,winter,6,0.0,4.0,4.0,0.75,1.0,ต่ำ
หนองบัวลำภู,กลางดึก (00:00-05:59),อาทิตย์,rainy,5,5.0,2.0,18.0,0.625,1.75,ปานกลาง
หนองบัวลำภู,กลางดึก (00:00-05:59),อาทิตย์,summer,6,1.0,2.0,4.0,0.75,1.0,ต่ำ
หนองบัวลำภู,กลางดึก (00:00-05:59),อาทิตย์,winter,10,1.0,8.0,5.0,1.25,1.5625,ต่ำ
หนองบัวลำภู,กลางดึก (00:00-05:59),เสาร์,rainy,5,0.0,9.0,9.0,0.625,1.1875,ต่ำ
หนองบัวลำภู,กลางดึก (00:00-05:59),เสาร์,summer,5,2.0,4.0,10.0,0.625,1.25,ต่ำ
หนองบัวลำภู,กลางดึก (00:00-05:59),เสาร์,winter,6,0.0,5.0,6.0,0.75,1.125,ต่ำ
หนองบัวลำภู,กลางวัน (09:00-15:59),จันทร์,rainy,11,2.0,9.0,15.0,1.375,2.3125,ปานกลาง
หนองบัวลำภู,กลางวัน (09:00-15:59),จันทร์,summer,12,1.0,11.0,14.0,1.5,2.375,ปานกลาง
หนองบัวลำภู,กลางวัน (09:00-15:59),จันทร์,winter,29,8.0,27.0,54.0,3.625,7.0,สูงมาก
หนองบัวลำภู,กลางวัน (09:00-15:59),พฤหัสบดี,rainy,18,1.0,20.0,22.0,2.25,3.625,สูง
หนองบัวลำภู,กลางวัน (09:00-15:59),พฤหัสบดี,summer,10,4.0,10.0,23.0,1.25,2.6875,ปานกลาง
หนองบัวลำภู,กลางวัน (09:00-15:59),พฤหัสบดี,winter,17,5.0,18.0,34.0,2.125,4.25,สูง
หนองบัวลำภู,กลางวัน (09:00-15:59),พุธ,rainy,11,0.0,19.0,19.0,1.375,2.5625,ปานกลาง
หนองบัวลำภู,กลางวัน (09:00-15:59),พุธ,summer,6,1.0,6.0,9.0,0.75,1.3125,ต่ำ
หนองบัวลำภู,กลางวัน (09:00-15:59),พุธ,winter,14,2.0,16.0,25.0,1.75,3.3125,สูง
หนองบัวลำภู,กลางวัน (09:00-15:59),ศุกร์,rainy,9,0.0,5.0,5.0,1.125,1.4375,ต่ำ
หนองบัวลำภู,กลางวัน (09:00-15:59),ศุกร์,summer,6,3.0,3.0,13.0,0.75,1.5625,ต่ำ
หนองบัวลำภู,กลางวัน (09:00-15:59),ศุกร์,winter,17,2.0,20.0,28.0,2.125,3.875,สูง
หนองบัวลำภู,กลางวัน (09:00-15:59),อังคาร,rainy,13,1.0,7.0,12.0,1.625,2.375,ปานกลาง
หนองบัวลำภู,กลางวัน (09:00-15:59),อังคาร,summer,4,0.0,3.0,4.0,0.5,0.75,ต่ำ
หนองบัวลำภู,กลางวัน (09:00-15:59),อังคาร,winter,15,1.0,4.0,8.0,1.875,2.375,ปานกลาง
หนองบัวลำภู,กลางวัน (09:00-15:59),อาทิตย์,rainy,10,2.0,4.0,10.0,1.25,1.875,ปานกลาง
หนองบัวลำภู,กลางวัน (09:00-15:59),อาทิตย์,summer,6,0.0,8.0,7.0,0.75,1.1875,ต่ำ
หนองบัวลำภู,กลางวัน (09:00-15:59),อาทิตย์,winter,14,2.0,11.0,17.0,1.75,2.8125,ปานกลาง
หนองบัวลำภู,กลางวัน (09:00-15:59),เสาร์,rainy,7,3.0,11.0,22.0,0.875,2.25,ปานกลาง
หนองบัวลำภู,กลางวัน (09:00-15:59),เสาร์,summer,12,0.0,7.0,5.0,1.5,1.8125,ปานกลาง
หนองบัวลำภู,กลางวัน (09:00-15:59),เสาร์,winter,13,8.0,44.0,75.0,1.625,6.3125,สูงมาก
หนองบัวลำภู,หัวค่ำ-ดึก (19:00-23:59),จันทร์,rainy,4,1.0,2.0,4.0,0.5,0.75,ต่ำ
หนองบัวลำภู,หัวค่ำ-ดึก (19:00-23:59),จันทร์,summer,5,0.0,3.0,2.0,0.625,0.75,ต่ำ
หนองบัวลำภู,หัวค่ำ-ดึก (19:00-23:59),จันทร์,winter,6,1.0,7.0,12.0,0.75,1.5,ต่ำ
หนองบัวลำภู,หัวค่ำ-ดึก (19:00-23:59),พฤหัสบดี,rainy,6,2.0,2.0,8.0,0.75,1.25,ต่ำ
หนองบัวลำภู,หัวค่ำ-ดึก (19:00-23:59),พฤหัสบดี,summer,10,2.0,18.0,26.0,1.25,2.875,ปานกลาง
หนองบัวลำภู,หัวค่ำ-ดึก (19:00-23:59),พฤหัสบดี,winter,8,0.0,8.0,8.0,1.0,1.5,ต่ำ
หนองบัวลำภู,หัวค่ำ-ดึก (19:00-23:59),พุธ,rainy,5,1.0,2.0,5.0,0.625,0.9375,ต่ำ
หนองบัวลำภู,หัวค่ำ-ดึก (19:00-23:59),พุธ,summer,4,0.0,4.0,3.0,0.5,0.6875,ต่ำ
หนองบัวลำภู,หัวค่ำ-ดึก (19:00-23:59),พุธ,winter,11,2.0,10.0,15.0,1.375,2.3125,ปานกลาง
หนองบัวลำภู,หัวค่ำ-ดึก (19:00-23:59),ศุกร์,rainy,6,1.0,9.0,12.0,0.75,1.5,ต่ำ
หนองบัวลำภู,หัวค่ำ-ดึก (19:00-23:59),ศุกร์,summer,6,2.0,3.0,8.0,0.75,1.25,ต่ำ
หนองบัวลำภู,หัวค่ำ-ดึก (19:00-23:59),ศุกร์,winter,7,0.0,4.0,3.0,0.875,1.0625,ต่ำ
หนองบัวลำภู,หัวค่ำ-ดึก (19:00-23:59),อังคาร,rainy,5,2.0,5.0,11.0,0.625,1.3125,ต่ำ
หนองบัวลำภู,หัวค่ำ-ดึก (19:00-23:59),อังคาร,summer,4,1.0,3.0,9.0,0.5,1.0625,ต่ำ
หนองบัวลำภู,หัวค่ำ-ดึก (19:00-23:59),อังคาร,winter,2,0.0,2.0,3.0,0.25,0.4375,ต่ำ
หนองบัวลำภู,หัวค่ำ-ดึก (19:00-23:59),อาทิตย์,rainy,2,0.0,1.0,1.0,0.25,0.3125,ต่ำ
หนองบัวลำภู,หัวค่ำ-ดึก (19:00-23:59),อาทิตย์,summer,9,1.0,7.0,8.0,1.125,1.625,ปานกลาง
หนองบัวลำภู,หัวค่ำ-ดึก (19:00-23:59),อาทิตย์,winter,5,1.0,4.0,6.0,0.625,1.0,ต่ำ
หนองบัวลำภู,หัวค่ำ-ดึก (19:00-23:59),เสาร์,rainy,10,3.0,7.0,17.0,1.25,2.3125,ปานกลาง
หนองบัวลำภู,หัวค่ำ-ดึก (19:00-23:59),เสาร์,summer,10,0.0,8.0,8.0,1.25,1.75,ปานกลาง
หนองบัวลำภู,หัวค่ำ-ดึก (19:00-23:59),เสาร์,winter,5,0.0,3.0,2.0,0.625,0.75,ต่ำ
หนองบัวลำภู,เร่งด่วนเช้า (06:00-08:59),จันทร์,rainy,5,1.0,3.0,6.0,0.625,1.0,ต่ำ
หนองบัวลำภู,เร่งด่วนเช้า (06:00-08:59),จันทร์,summer,3,1.0,2.0,7.0,0.375,0.8125,ต่ำ
หนองบัวลำภู,เร่งด่วนเช้า (06:00-08:59),จันทร์,winter,7,1.0,5.0,8.0,0.875,1.375,ต่ำ
หนองบัวลำภู,เร่งด่วนเช้า (06:00-08:59),พฤหัสบดี,rainy,3,0.0,2.0,1.0,0.375,0.4375,ต่ำ
หนองบัวลำภู,เร่งด่วนเช้า (06:00-08:59),พฤหัสบดี,summer,3,0.0,4.0,3.0,0.375,0.5625,ต่ำ
หนองบัวลำภู,เร่งด่วนเช้า (06:00-08:59),พฤหัสบดี,winter,5,1.0,2.0,6.0,0.625,1.0,ต่ำ
หนองบัวลำภู,เร่งด่วนเช้า (06:00-08:59),พุธ,rainy,3,0.0,0.0,0.0,0.375,0.375,ต่ำ
หนองบัวลำภู,เร่งด่วนเช้า (06:00-08:59),พุธ,summer,5,1.0,1.0,4.0,0.625,0.875,ต่ำ
หนองบัวลำภู,เร่งด่วนเช้า (06:00-08:59),พุธ,winter,3,0.0,4.0,4.0,0.375,0.625,ต่ำ
หนองบัวลำภู,เร่งด่วนเช้า (06:00-08:59),ศุกร์,rainy,3,0.0,0.0,0.0,0.375,0.375,ต่ำ
หนองบัวลำภู,เร่งด่วนเช้า (06:00-08:59),ศุกร์,summer,2,0.0,0.0,0.0,0.25,0.25,ต่ำ
หนองบัวลำภู,เร่งด่วนเช้า (06:00-08:59),ศุกร์,winter,4,1.0,0.0,3.0,0.5,0.6875,ต่ำ
หนองบัวลำภู,เร่งด่วนเช้า (06:00-08:59),อังคาร,rainy,5,2.0,1.0,7.0,0.625,1.0625,ต่ำ
หนองบัวลำภู,เร่งด่วนเช้า (06:00-08:59),อังคาร,summer,4,0.0,3.0,3.0,0.5,0.6875,ต่ำ
หนองบัวลำภู,เร่งด่วนเช้า (06:00-08:59),อังคาร,winter,3,0.0,1.0,0.0,0.375,0.375,ต่ำ
หนองบัวลำภู,เร่งด่วนเช้า (06:00-08:59),อาทิตย์,rainy,4,2.0,1.0,7.0,0.5,0.9375,ต่ำ
หนองบัวลำภู,เร่งด่วนเช้า (06:00-08:59),อาทิตย์,summer,2,2.0,1.0,6.0,0.25,0.625,ต่ำ
หนองบัวลำภู,เร่งด่วนเช้า (06:00-08:59),อาทิตย์,winter,5,0.0,5.0,6.0,0.625,1.0,ต่ำ
หนองบัวลำภู,เร่งด่วนเช้า (06:00-08:59),เสาร์,rainy,1,0.0,4.0,6.0,0.125,0.5,ต่ำ
หนองบัวลำภู,เร่งด่วนเช้า (06:00-08:59),เสาร์,summer,3,0.0,2.0,1.0,0.375,0.4375,ต่ำ
หนองบัวลำภู,เร่งด่วนเช้า (06:00-08:59),เสาร์,winter,4,2.0,5.0,11.0,0.5,1.1875,ต่ำ
หนองบัวลำภู,เร่งด่วนเย็น (16:00-18:59),จันทร์,rainy,3,1.0,1.0,4.0,0.375,0.625,ต่ำ
หนองบัวลำภู,เร่งด่วนเย็น (16:00-18:59),จันทร์,summer,3,0.0,1.0,0.0,0.375,0.375,ต่ำ
หนองบัวลำภู,เร่งด่วนเย็น (16:00-18:59),จันทร์,winter,7,1.0,3.0,6.0,0.875,1.25,ต่ำ
หนองบัวลำภู,เร่งด่วนเย็น (16:00-18:59),พฤหัสบดี,rainy,7,3.0,2.0,11.0,0.875,1.5625,ต่ำ
หนองบัวลำภู,เร่งด่วนเย็น (16:00-18:59),พฤหัสบดี,summer,3,1.0,3.0,5.0,0.375,0.6875,ต่ำ
หนองบัวลำภู,เร่งด่วนเย็น (16:00-18:59),พฤหัสบดี,winter,4,1.0,2.0,5.0,0.5,0.8125,ต่ำ
หนองบัวลำภู,เร่งด่วนเย็น (16:00-18:59),พุธ,rainy,4,0.0,4.0,6.0,0.5,0.875,ต่ำ
หนองบัวลำภู,เร่งด่วนเย็น (16:00-18:59),พุธ,summer,12,0.0,15.0,20.0,1.5,2.75,ปานกลาง
หนองบัวลำภู,เร่งด่วนเย็น (16:00-18:59),พุธ,winter,8,1.0,4.0,7.0,1.0,1.4375,ต่ำ
หนองบัวลำภู,เร่งด่วนเย็น (16:00-18:59),ศุกร์,rainy,1,0.0,0.0,0.0,0.125,0.125,ต่ำ
หนองบัวลำภู,เร่งด่วนเย็น (16:00-18:59),ศุกร์,summer,3,0.0,3.0,3.0,0.375,0.5625,ต่ำ
หนองบัวลำภู,เร่งด่วนเย็น (16:00-18:59),ศุกร์,winter,9,1.0,9.0,13.0,1.125,1.9375,ปานกลาง
หนองบัวลำภู,เร่งด่วนเย็น (16:00-18:59),อังคาร,rainy,3,0.0,1.0,1.0,0.375,0.4375,ต่ำ
หนองบัวลำภู,เร่งด่วนเย็น (16:00-18:59),อังคาร,summer,1,0.0,4.0,6.0,0.125,0.5,ต่ำ
หนองบัวลำภู,เร่งด่วนเย็น (16:00-18:59),อังคาร,winter,6,3.0,5.0,14.0,0.75,1.625,ปานกลาง
หนองบัวลำภู,เร่งด่วนเย็น (16:00-18:59),อาทิตย์,rainy,3,0.0,2.0,1.0,0.375,0.4375,ต่ำ
หนองบัวลำภู,เร่งด่วนเย็น (16:00-18:59),อาทิตย์,summer,5,0.0,6.0,5.0,0.625,0.9375,ต่ำ
หนองบัวลำภู,เร่งด่วนเย็น (16:00-18:59),อาทิตย์,winter,6,3.0,20.0,27.0,0.75,2.4375,ปานกลาง
หนองบัวลำภู,เร่งด่วนเย็น (16:00-18:59),เสาร์,rainy,3,0.0,2.0,1.0,0.375,0.4375,ต่ำ
หนองบัวลำภู,เร่งด่วนเย็น (16:00-18:59),เสาร์,summer,7,0.0,11.0,12.0,0.875,1.625,ปานกลาง
หนองบัวลำภู,เร่งด่วนเย็น (16:00-18:59),เสาร์,winter,10,3.0,11.0,22.0,1.25,2.625,ปานกลาง
อยุธยา,กลางดึก (00:00-05:59),จันทร์,rainy,38,8.0,40.0,69.0,4.75,9.0625,สูงมาก
อยุธยา,กลางดึก (00:00-05:59),จันทร์,summer,20,2.0,8.0,16.0,2.5,3.5,สูง
อยุธยา,กลางดึก (00:00-05:59),จันทร์,winter,24,7.0,24.0,43.0,3.0,5.6875,สูงมาก
อยุธยา,กลางดึก (00:00-05:59),พฤหัสบดี,rainy,28,4.0,19.0,33.0,3.5,5.5625,สูงมาก
อยุธยา,กลางดึก (00:00-05:59),พฤหัสบดี,summer,28,5.0,40.0,55.0,3.5,6.9375,สูงมาก
อยุธยา,กลางดึก (00:00-05:59),พฤหัสบดี,winter,37,3.0,23.0,34.0,4.625,6.75,สูงมาก
อยุธยา,กลางดึก (00:00-05:59),พุธ,rainy,37,9.0,41.0,63.0,4.625,8.5625,สูงมาก
อยุธยา,กลางดึก (00:00-05:59),พุธ,summer,23,5.0,23.0,43.0,2.875,5.5625,สูงมาก
อยุธยา,กลางดึก (00:00-05:59),พุธ,winter,34,4.0,28.0,48.0,4.25,7.25,สูงมาก
อยุธยา,กลางดึก (00:00-05:59),ศุกร์,rainy,27,2.0,21.0,26.0,3.375,5.0,สูง
อยุธยา,กลางดึก (00:00-05:59),ศุกร์,summer,23,4.0,10.0,24.0,2.875,4.375,สูง
อยุธยา,กลางดึก (00:00-05:59),ศุกร์,winter,41,8.0,56.0,80.0,5.125,10.125,สูงมาก
อยุธยา,กลางดึก (00:00-05:59),อังคาร,rainy,25,4.0,19.0,34.0,3.125,5.25,สูงมาก
อยุธยา,กลางดึก (00:00-05:59),อังคาร,summer,15,8.0,11.0,37.0,1.875,4.1875,สูง
อยุธยา,กลางดึก (00:00-05:59),อังคาร,winter,30,7.0,11.0,32.0,3.75,5.75,สูงมาก
อยุธยา,กลางดึก (00:00-05:59),อาทิตย์,rainy,26,2.0,18.0,26.0,3.25,4.875,สูง
อยุธยา,กลางดึก (00:00-05:59),อาทิตย์,summer,34,4.0,32.0,55.0,4.25,7.6875,สูงมาก
อยุธยา,กลางดึก (00:00-05:59),อาทิตย์,winter,50,8.0,30.0,47.0,6.25,9.1875,สูงมาก
อยุธยา,กลางดึก (00:00-05:59),เสาร์,rainy,48,11.0,36.0,70.0,6.0,10.375,สูงมาก
อยุธยา,กลางดึก (00:00-05:59),เสาร์,summer,31,6.0,30.0,50.0,3.875,7.0,สูงมาก
อยุธยา,กลางดึก (00:00-05:59),เสาร์,winter,37,5.0,33.0,55.0,4.625,8.0625,สูงมาก
อยุธยา,กลางวัน (09:00-15:59),จันทร์,rainy,50,7.0,25.0,53.0,6.25,9.5625,สูงมาก
อยุธยา,กลางวัน (09:00-15:59),จันทร์,summer,46,4.0,28.0,46.0,5.75,8.625,สูงมาก
อยุธยา,กลางวัน (09:00-15:59),จันทร์,winter,55,3.0,46.0,57.0,6.875,10.4375,สูงมาก
อยุธยา,กลางวัน (09:00-15:59),พฤหัสบดี,rainy,47,4.0,38.0,48.0,5.875,8.875,สูงมาก
อยุธยา,กลางวัน (09:00-15:59),พฤหัสบดี,summer,50,1.0,34.0,40.0,6.25,8.75,สูงมาก
อยุธยา,กลางวัน (09:00-15:59),พฤหัสบดี,winter,46,0.0,61.0,62.0,5.75,9.625,สูงมาก
อยุธยา,กลางวัน (09:00-15:59),พุธ,rainy,42,5.0,36.0,47.0,5.25,8.1875,สูงมาก
อยุธยา,กลางวัน (09:00-15:59),พุธ,summer,51,3.0,37.0,52.0,6.375,9.625,สูงมาก
อยุธยา,กลางวัน (09:00-15:59),พุธ,winter,44,4.0,47.0,64.0,5.5,9.5,สูงมาก
อยุธยา,กลางวัน (09:00-15:59),ศุกร์,rainy,48,5.0,33.0,49.0,6.0,9.0625,สูงมาก
อยุธยา,กลางวัน (09:00-15:59),ศุกร์,summer,48,4.0,54.0,70.0,6.0,10.375,สูงมาก
อยุธยา,กลางวัน (09:00-15:59),ศุกร์,winter,47,4.0,31.0,46.0,5.875,8.75,สูงมาก
อยุธยา,กลางวัน (09:00-15:59),อังคาร,rainy,47,7.0,38.0,55.0,5.875,9.3125,สูงมาก
อยุธยา,กลางวัน (09:00-15:59),อังคาร,summer,30,6.0,25.0,37.0,3.75,6.0625,สูงมาก
อยุธยา,กลางวัน (09:00-15:59),อังคาร,winter,55,6.0,37.0,58.0,6.875,10.5,สูงมาก
อยุธยา,กลางวัน (09:00-15:59),อาทิตย์,rainy,30,0.0,23.0,21.0,3.75,5.0625,สูงมาก
อยุธยา,กลางวัน (09:00-15:59),อาทิตย์,summer,51,3.0,39.0,50.0,6.375,9.5,สูงมาก
อยุธยา,กลางวัน (09:00-15:59),อาทิตย์,winter,50,0.0,52.0,49.0,6.25,9.3125,สูงมาก
อยุธยา,กลางวัน (09:00-15:59),เสาร์,rainy,63,9.0,70.0,93.0,7.875,13.6875,สูงมาก
อยุธยา,กลางวัน (09:00-15:59),เสาร์,summer,51,2.0,38.0,49.0,6.375,9.4375,สูงมาก
อยุธยา,กลางวัน (09:00-15:59),เสาร์,winter,64,2.0,55.0,63.0,8.0,11.9375,สูงมาก
อยุธยา,หัวค่ำ-ดึก (19:00-23:59),จันทร์,rainy,20,3.0,22.0,32.0,2.5,4.5,สูง
อยุธยา,หัวค่ำ-ดึก (19:00-23:59),จันทร์,summer,38,1.0,33.0,38.0,4.75,7.125,สูงมาก
อยุธยา,หัวค่ำ-ดึก (19:00-23:59),จันทร์,winter,25,4.0,17.0,26.0,3.125,4.75,สูง
อยุธยา,หัวค่ำ-ดึก (19:00-23:59),พฤหัสบดี,rainy,27,4.0,20.0,30.0,3.375,5.25,สูงมาก
อยุธยา,หัวค่ำ-ดึก (19:00-23:59),พฤหัสบดี,summer,18,4.0,8.0,24.0,2.25,3.75,สูง
อยุธยา,หัวค่ำ-ดึก (19:00-23:59),พฤหัสบดี,winter,31,5.0,22.0,39.0,3.875,6.3125,สูงมาก
อยุธยา,หัวค่ำ-ดึก (19:00-23:59),พุธ,rainy,31,3.0,24.0,40.0,3.875,6.375,สูงมาก
อยุธยา,หัวค่ำ-ดึก (19:00-23:59),พุธ,summer,25,2.0,19.0,24.0,3.125,4.625,สูง
อยุธยา,หัวค่ำ-ดึก (19:00-23:59),พุธ,winter,22,2.0,20.0,28.0,2.75,4.5,สูง
อยุธยา,หัวค่ำ-ดึก (19:00-23:59),ศุกร์,rainy,23,5.0,16.0,33.0,2.875,4.9375,สูง
อยุธยา,หัวค่ำ-ดึก (19:00-23:59),ศุกร์,summer,25,6.0,35.0,53.0,3.125,6.4375,สูงมาก
อยุธยา,หัวค่ำ-ดึก (19:00-23:59),ศุกร์,winter,29,3.0,28.0,38.0,3.625,6.0,สูงมาก
อยุธยา,หัวค่ำ-ดึก (19:00-23:59),อังคาร,rainy,29,6.0,20.0,40.0,3.625,6.125,สูงมาก
อยุธยา,หัวค่ำ-ดึก (19:00-23:59),อังคาร,summer,15,2.0,17.0,21.0,1.875,3.1875,สูง
อยุธยา,หัวค่ำ-ดึก (19:00-23:59),อังคาร,winter,30,5.0,26.0,33.0,3.75,5.8125,สูงมาก
อยุธยา,หัวค่ำ-ดึก (19:00-23:59),อาทิตย์,rainy,30,4.0,29.0,37.0,3.75,6.0625,สูงมาก
อยุธยา,หัวค่ำ-ดึก (19:00-23:59),อาทิตย์,summer,21,0.0,20.0,22.0,2.625,4.0,สูง
อยุธยา,หัวค่ำ-ดึก (19:00-23:59),อาทิตย์,winter,31,4.0,46.0,48.0,3.875,6.875,สูงมาก
อยุธยา,หัวค่ำ-ดึก (19:00-23:59),เสาร์,rainy,26,7.0,38.0,64.0,3.25,7.25,สูงมาก
อยุธยา,หัวค่ำ-ดึก (19:00-23:59),เสาร์,summer,26,4.0,33.0,44.0,3.25,6.0,สูงมาก
อยุธยา,หัวค่ำ-ดึก (19:00-23:59),เสาร์,winter,27,5.0,22.0,37.0,3.375,5.6875,สูงมาก
อยุธยา,เร่งด่วนเช้า (06:00-08:59),จันทร์,rainy,22,2.0,44.0,15.0,2.75,3.6875,สูง
อยุธยา,เร่งด่วนเช้า (06:00-08:59),จันทร์,summer,14,0.0,12.0,13.0,1.75,2.5625,ปานกลาง
อยุธยา,เร่งด่วนเช้า (06:00-08:59),จันทร์,winter,23,4.0,14.0,27.0,2.875,4.5625,สูง
อยุธยา,เร่งด่วนเช้า (06:00-08:59),พฤหัสบดี,rainy,20,0.0,20.0,17.0,2.5,3.5625,สูง
อยุธยา,เร่งด่วนเช้า (06:00-08:59),พฤหัสบดี,summer,24,1.0,22.0,26.0,3.0,4.625,สูง
อยุธยา,เร่งด่วนเช้า (06:00-08:59),พฤหัสบดี,winter,17,3.0,12.0,18.0,2.125,3.25,สูง
อยุธยา,เร่งด่วนเช้า (06:00-08:59),พุธ,rainy,24,5.0,53.0,55.0,3.0,6.4375,สูงมาก
อยุธยา,เร่งด่วนเช้า (06:00-08:59),พุธ,summer,18,3.0,13.0,25.0,2.25,3.8125,สูง
อยุธยา,เร่งด่วนเช้า (06:00-08:59),พุธ,winter,24,3.0,30.0,38.0,3.0,5.375,สูงมาก
อยุธยา,เร่งด่วนเช้า (06:00-08:59),ศุกร์,rainy,26,3.0,36.0,43.0,3.25,5.9375,สูงมาก
อยุธยา,เร่งด่วนเช้า (06:00-08:59),ศุกร์,summer,17,3.0,18.0,37.0,2.125,4.4375,สูง
อยุธยา,เร่งด่วนเช้า (06:00-08:59),ศุกร์,winter,24,6.0,14.0,37.0,3.0,5.3125,สูงมาก
อยุธยา,เร่งด่วนเช้า (06:00-08:59),อังคาร,rainy,12,3.0,13.0,26.0,1.5,3.125,สูง
อยุธยา,เร่งด่วนเช้า (06:00-08:59),อังคาร,summer,12,2.0,13.0,24.0,1.5,3.0,สูง
อยุธยา,เร่งด่วนเช้า (06:00-08:59),อังคาร,winter,28,5.0,30.0,44.0,3.5,6.25,สูงมาก
อยุธยา,เร่งด่วนเช้า (06:00-08:59),อาทิตย์,rainy,13,3.0,9.0,20.0,1.625,2.875,ปานกลาง
อยุธยา,เร่งด่วนเช้า (06:00-08:59),อาทิตย์,summer,20,5.0,9.0,26.0,2.5,4.125,สูง
อยุธยา,เร่งด่วนเช้า (06:00-08:59),อาทิตย์,winter,16,1.0,29.0,33.0,2.0,4.0625,สูง
อยุธยา,เร่งด่วนเช้า (06:00-08:59),เสาร์,rainy,23,6.0,17.0,38.0,2.875,5.25,สูงมาก
อยุธยา,เร่งด่วนเช้า (06:00-08:59),เสาร์,summer,14,0.0,12.0,11.0,1.75,2.4375,ปานกลาง
อยุธยา,เร่งด่วนเช้า (06:00-08:59),เสาร์,winter,25,2.0,28.0,20.0,3.125,4.375,สูง
อยุธยา,เร่งด่วนเย็น (16:00-18:59),จันทร์,rainy,16,2.0,18.0,24.0,2.0,3.5,สูง
อยุธยา,เร่งด่วนเย็น (16:00-18:59),จันทร์,summer,13,1.0,18.0,16.0,1.625,2.625,ปานกลาง
อยุธยา,เร่งด่วนเย็น (16:00-18:59),จันทร์,winter,15,4.0,11.0,26.0,1.875,3.5,สูง
อยุธยา,เร่งด่วนเย็น (16:00-18:59),พฤหัสบดี,rainy,10,1.0,5.0,7.0,1.25,1.6875,ปานกลาง
อยุธยา,เร่งด่วนเย็น (16:00-18:59),พฤหัสบดี,summer,18,1.0,14.0,16.0,2.25,3.25,สูง
อยุธยา,เร่งด่วนเย็น (16:00-18:59),พฤหัสบดี,winter,14,0.0,36.0,38.0,1.75,4.125,สูง
อยุธยา,เร่งด่วนเย็น (16:00-18:59),พุธ,rainy,13,2.0,6.0,10.0,1.625,2.25,ปานกลาง
อยุธยา,เร่งด่วนเย็น (16:00-18:59),พุธ,summer,11,0.0,2.0,2.0,1.375,1.5,ต่ำ
อยุธยา,เร่งด่วนเย็น (16:00-18:59),พุธ,winter,23,2.0,20.0,25.0,2.875,4.4375,สูง
อยุธยา,เร่งด่วนเย็น (16:00-18:59),ศุกร์,rainy,20,3.0,5.0,16.0,2.5,3.5,สูง
อยุธยา,เร่งด่วนเย็น (16:00-18:59),ศุกร์,summer,14,0.0,15.0,19.0,1.75,2.9375,สูง
อยุธยา,เร่งด่วนเย็น (16:00-18:59),ศุกร์,winter,26,4.0,31.0,53.0,3.25,6.5625,สูงมาก
อยุธยา,เร่งด่วนเย็น (16:00-18:59),อังคาร,rainy,17,3.0,12.0,23.0,2.125,3.5625,สูง
อยุธยา,เร่งด่วนเย็น (16:00-18:59),อังคาร,summer,9,2.0,3.0,7.0,1.125,1.5625,ต่ำ
อยุธยา,เร่งด่วนเย็น (16:00-18:59),อังคาร,winter,22,1.0,27.0,29.0,2.75,4.5625,สูง
อยุธยา,เร่งด่วนเย็น (16:00-18:59),อาทิตย์,rainy,8,1.0,2.0,5.0,1.0,1.3125,ต่ำ
อยุธยา,เร่งด่วนเย็น (16:00-18:59),อาทิตย์,summer,19,0.0,15.0,16.0,2.375,3.375,สูง
อยุธยา,เร่งด่วนเย็น (16:00-18:59),อาทิตย์,winter,13,0.0,20.0,20.0,1.625,2.875,ปานกลาง
อยุธยา,เร่งด่วนเย็น (16:00-18:59),เสาร์,rainy,10,0.0,11.0,12.0,1.25,2.0,ปานกลาง
อยุธยา,เร่งด่วนเย็น (16:00-18:59),เสาร์,summer,23,1.0,15.0,20.0,2.875,4.125,สูง
อยุธยา,เร่งด่วนเย็น (16:00-18:59),เสาร์,winter,32,3.0,31.0,47.0,4.0,6.9375,สูงมาก
อำนาจเจริญ,กลางดึก (00:00-05:59),จันทร์,rainy,4,3.0,2.0,13.0,0.5,1.3125,ต่ำ
อำนาจเจริญ,กลางดึก (00:00-05:59),จันทร์,summer,2,0.0,0.0,0.0,0.25,0.25,ต่ำ
อำนาจเจริญ,กลางดึก (00:00-05:59),จันทร์,winter,2,0.0,1.0,1.0,0.25,0.3125,ต่ำ
อำนาจเจริญ,กลางดึก (00:00-05:59),พฤหัสบดี,rainy,2,2.0,1.0,6.0,0.25,0.625,ต่ำ
อำนาจเจริญ,กลางดึก (00:00-05:59),พฤหัสบดี,summer,3,0.0,3.0,3.0,0.375,0.5625,ต่ำ
อำนาจเจริญ,กลางดึก (00:00-05:59),พฤหัสบดี,winter,3,0.0,3.0,3.0,0.375,0.5625,ต่ำ
อำนาจเจริญ,กลางดึก (00:00-05:59),พุธ,rainy,3,1.0,1.0,4.0,0.375,0.625,ต่ำ
อำนาจเจริญ,กลางดึก (00:00-05:59),พุธ,summer,4,0.0,1.0,0.0,0.5,0.5,ต่ำ
อำนาจเจริญ,กลางดึก (00:00-05:59),พุธ,winter,4,0.0,7.0,5.0,0.5,0.8125,ต่ำ
อำนาจเจริญ,กลางดึก (00:00-05:59),ศุกร์,rainy,3,1.0,5.0,9.0,0.375,0.9375,ต่ำ
อำนาจเจริญ,กลางดึก (00:00-05:59),ศุกร์,summer,3,0.0,2.0,2.0,0.375,0.5,ต่ำ
อำนาจเจริญ,กลางดึก (00:00-05:59),ศุกร์,winter,4,0.0,3.0,4.0,0.5,0.75,ต่ำ
อำนาจเจริญ,กลางดึก (00:00-05:59),อังคาร,rainy,2,0.0,1.0,1.0,0.25,0.3125,ต่ำ
อำนาจเจริญ,กลางดึก (00:00-05:59),อังคาร,summer,5,2.0,2.0,6.0,0.625,1.0,ต่ำ
อำนาจเจริญ,กลางดึก (00:00-05:59),อังคาร,winter,3,1.0,2.0,3.0,0.375,0.5625,ต่ำ
อำนาจเจริญ,กลางดึก (00:00-05:59),อาทิตย์,rainy,2,0.0,1.0,1.0,0.25,0.3125,ต่ำ
อำนาจเจริญ,กลางดึก (00:00-05:59),อาทิตย์,summer,3,0.0,1.0,1.0,0.375,0.4375,ต่ำ
อำนาจเจริญ,กลางดึก (00:00-05:59),อาทิตย์,winter,4,0.0,2.0,3.0,0.5,0.6875,ต่ำ
อำนาจเจริญ,กลางดึก (00:00-05:59),เสาร์,rainy,10,0.0,6.0,5.0,1.25,1.5625,ต่ำ
อำนาจเจริญ,กลางดึก (00:00-05:59),เสาร์,summer,3,1.0,8.0,13.0,0.375,1.1875,ต่ำ
อำนาจเจริญ,กลางดึก (00:00-05:59),เสาร์,winter,2,0.0,1.0,1.0,0.25,0.3125,ต่ำ
อำนาจเจริญ,กลางวัน (09:00-15:59),จันทร์,rainy,1,0.0,1.0,1.0,0.125,0.1875,ต่ำ
อำนาจเจริญ,กลางวัน (09:00-15:59),จันทร์,summer,4,0.0,4.0,4.0,0.5,0.75,ต่ำ
อำนาจเจริญ,กลางวัน (09:00-15:59),จันทร์,winter,13,2.0,23.0,33.0,1.625,3.6875,สูง
อำนาจเจริญ,กลางวัน (09:00-15:59),พฤหัสบดี,rainy,4,0.0,6.0,5.0,0.5,0.8125,ต่ำ
อำนาจเจริญ,กลางวัน (09:00-15:59),พฤหัสบดี,summer,5,1.0,10.0,12.0,0.625,1.375,ต่ำ
อำนาจเจริญ,กลางวัน (09:00-15:59),พฤหัสบดี,winter,7,3.0,6.0,15.0,0.875,1.8125,ปานกลาง
อำนาจเจริญ,กลางวัน (09:00-15:59),พุธ,rainy,7,1.0,4.0,7.0,0.875,1.3125,ต่ำ
อำนาจเจริญ,กลางวัน (09:00-15:59),พุธ,summer,4,0.0,2.0,2.0,0.5,0.625,ต่ำ
อำนาจเจริญ,กลางวัน (09:00-15:59),พุธ,winter,3,0.0,2.0,3.0,0.375,0.5625,ต่ำ
อำนาจเจริญ,กลางวัน (09:00-15:59),ศุกร์,rainy,7,1.0,9.0,12.0,0.875,1.625,ปานกลาง
อำนาจเจริญ,กลางวัน (09:00-15:59),ศุกร์,summer,5,1.0,6.0,9.0,0.625,1.1875,ต่ำ
อำนาจเจริญ,กลางวัน (09:00-15:59),ศุกร์,winter,7,1.0,9.0,10.0,0.875,1.5,ต่ำ
อำนาจเจริญ,กลางวัน (09:00-15:59),อังคาร,rainy,6,0.0,4.0,3.0,0.75,0.9375,ต่ำ
อำนาจเจริญ,กลางวัน (09:00-15:59),อังคาร,summer,8,2.0,9.0,17.0,1.0,2.0625,ปานกลาง
อำนาจเจริญ,กลางวัน (09:00-15:59),อังคาร,winter,6,0.0,10.0,2.0,0.75,0.875,ต่ำ
อำนาจเจริญ,กลางวัน (09:00-15:59),อาทิตย์,rainy,8,0.0,7.0,8.0,1.0,1.5,ต่ำ
อำนาจเจริญ,กลางวัน (09:00-15:59),อาทิตย์,summer,11,5.0,12.0,31.0,1.375,3.3125,สูง
อำนาจเจริญ,กลางวัน (09:00-15:59),อาทิตย์,winter,4,0.0,2.0,2.0,0.5,0.625,ต่ำ
อำนาจเจริญ,กลางวัน (09:00-15:59),เสาร์,rainy,3,0.0,2.0,3.0,0.375,0.5625,ต่ำ
อำนาจเจริญ,กลางวัน (09:00-15:59),เสาร์,summer,7,0.0,8.0,14.0,0.875,1.75,ปานกลาง
อำนาจเจริญ,กลางวัน (09:00-15:59),เสาร์,winter,3,3.0,3.0,12.0,0.375,1.125,ต่ำ
อำนาจเจริญ,หัวค่ำ-ดึก (19:00-23:59),จันทร์,rainy,5,2.0,2.0,8.0,0.625,1.125,ต่ำ
อำนาจเจริญ,หัวค่ำ-ดึก (19:00-23:59),จันทร์,summer,6,2.0,5.0,11.0,0.75,1.4375,ต่ำ
อำนาจเจริญ,หัวค่ำ-ดึก (19:00-23:59),จันทร์,winter,6,3.0,3.0,11.0,0.75,1.4375,ต่ำ
อำนาจเจริญ,หัวค่ำ-ดึก (19:00-23:59),พฤหัสบดี,rainy,4,1.0,1.0,4.0,0.5,0.75,ต่ำ
อำนาจเจริญ,หัวค่ำ-ดึก (19:00-23:59),พฤหัสบดี,summer,2,0.0,1.0,2.0,0.25,0.375,ต่ำ
อำนาจเจริญ,หัวค่ำ-ดึก (19:00-23:59),พฤหัสบดี,winter,5,0.0,3.0,4.0,0.625,0.875,ต่ำ
อำนาจเจริญ,หัวค่ำ-ดึก (19:00-23:59),พุธ,rainy,10,2.0,5.0,13.0,1.25,2.0625,ปานกลาง
อำนาจเจริญ,หัวค่ำ-ดึก (19:00-23:59),พุธ,summer,6,2.0,1.0,8.0,0.75,1.25,ต่ำ
อำนาจเจริญ,หัวค่ำ-ดึก (19:00-23:59),พุธ,winter,10,4.0,3.0,15.0,1.25,2.1875,ปานกลาง
อำนาจเจริญ,หัวค่ำ-ดึก (19:00-23:59),ศุกร์,rainy,7,0.0,5.0,4.0,0.875,1.125,ต่ำ
อำนาจเจริญ,หัวค่ำ-ดึก (19:00-23:59),ศุกร์,summer,7,0.0,12.0,13.0,0.875,1.6875,ปานกลาง
อำนาจเจริญ,หัวค่ำ-ดึก (19:00-23:59),ศุกร์,winter,2,0.0,1.0,1.0,0.25,0.3125,ต่ำ
อำนาจเจริญ,หัวค่ำ-ดึก (19:00-23:59),อังคาร,rainy,5,1.0,3.0,6.0,0.625,1.0,ต่ำ
อำนาจเจริญ,หัวค่ำ-ดึก (19:00-23:59),อังคาร,summer,3,0.0,2.0,2.0,0.375,0.5,ต่ำ
อำนาจเจริญ,หัวค่ำ-ดึก (19:00-23:59),อังคาร,winter,6,1.0,9.0,13.0,0.75,1.5625,ต่ำ
อำนาจเจริญ,หัวค่ำ-ดึก (19:00-23:59),อาทิตย์,rainy,6,1.0,13.0,16.0,0.75,1.75,ปานกลาง
อำนาจเจริญ,หัวค่ำ-ดึก (19:00-23:59),อาทิตย์,summer,4,1.0,4.0,7.0,0.5,0.9375,ต่ำ
อำนาจเจริญ,หัวค่ำ-ดึก (19:00-23:59),อาทิตย์,winter,4,1.0,3.0,6.0,0.5,0.875,ต่ำ
อำนาจเจริญ,หัวค่ำ-ดึก (19:00-23:59),เสาร์,rainy,6,0.0,9.0,11.0,0.75,1.4375,ต่ำ
อำนาจเจริญ,หัวค่ำ-ดึก (19:00-23:59),เสาร์,summer,3,2.0,3.0,7.0,0.375,0.8125,ต่ำ
อำนาจเจริญ,หัวค่ำ-ดึก (19:00-23:59),เสาร์,winter,7,1.0,4.0,9.0,0.875,1.4375,ต่ำ
อำนาจเจริญ,เร่งด่วนเช้า (06:00-08:59),จันทร์,rainy,1,0.0,0.0,0.0,0.125,0.125,ต่ำ
อำนาจเจริญ,เร่งด่วนเช้า (06:00-08:59),จันทร์,winter,2,1.0,2.0,6.0,0.25,0.625,ต่ำ
อำนาจเจริญ,เร่งด่วนเช้า (06:00-08:59),พฤหัสบดี,summer,1,0.0,2.0,2.0,0.125,0.25,ต่ำ
อำนาจเจริญ,เร่งด่วนเช้า (06:00-08:59),พฤหัสบดี,winter,4,5.0,5.0,24.0,0.5,2.0,ปานกลาง
อำนาจเจริญ,เร่งด่วนเช้า (06:00-08:59),พุธ,summer,1,0.0,1.0,1.0,0.125,0.1875,ต่ำ
อำนาจเจริญ,เร่งด่วนเช้า (06:00-08:59),พุธ,winter,1,0.0,1.0,0.0,0.125,0.125,ต่ำ
อำนาจเจริญ,เร่งด่วนเช้า (06:00-08:59),ศุกร์,rainy,3,0.0,3.0,3.0,0.375,0.5625,ต่ำ
อำนาจเจริญ,เร่งด่วนเช้า (06:00-08:59),ศุกร์,summer,2,0.0,3.0,3.0,0.25,0.4375,ต่ำ
อำนาจเจริญ,เร่งด่วนเช้า (06:00-08:59),ศุกร์,winter,3,1.0,0.0,3.0,0.375,0.5625,ต่ำ
อำนาจเจริญ,เร่งด่วนเช้า (06:00-08:59),อังคาร,rainy,1,0.0,0.0,0.0,0.125,0.125,ต่ำ
อำนาจเจริญ,เร่งด่วนเช้า (06:00-08:59),อังคาร,winter,2,0.0,2.0,2.0,0.25,0.375,ต่ำ
อำนาจเจริญ,เร่งด่วนเช้า (06:00-08:59),อาทิตย์,rainy,1,2.0,0.0,6.0,0.125,0.5,ต่ำ
อำนาจเจริญ,เร่งด่วนเช้า (06:00-08:59),อาทิตย์,summer,2,1.0,3.0,6.0,0.25,0.625,ต่ำ
อำนาจเจริญ,เร่งด่วนเช้า (06:00-08:59),อาทิตย์,winter,2,0.0,0.0,0.0,0.25,0.25,ต่ำ
อำนาจเจริญ,เร่งด่วนเช้า (06:00-08:59),เสาร์,rainy,3,0.0,3.0,3.0,0.375,0.5625,ต่ำ
อำนาจเจริญ,เร่งด่วนเช้า (06:00-08:59),เสาร์,summer,1,0.0,2.0,2.0,0.125,0.25,ต่ำ
อำนาจเจริญ,เร่งด่วนเช้า (06:00-08:59),เสาร์,winter,2,0.0,5.0,7.0,0.25,0.6875,ต่ำ
อำนาจเจริญ,เร่งด่วนเย็น (16:00-18:59),จันทร์,rainy,4,0.0,2.0,2.0,0.5,0.625,ต่ำ
อำนาจเจริญ,เร่งด่วนเย็น (16:00-18:59),จันทร์,summer,5,1.0,1.0,4.0,0.625,0.875,ต่ำ
อำนาจเจริญ,เร่งด่วนเย็น (16:00-18:59),จันทร์,winter,7,2.0,4.0,10.0,0.875,1.5,ต่ำ
อำนาจเจริญ,เร่งด่วนเย็น (16:00-18:59),พฤหัสบดี,rainy,5,0.0,5.0,6.0,0.625,1.0,ต่ำ
อำนาจเจริญ,เร่งด่วนเย็น (16:00-18:59),พฤหัสบดี,summer,5,0.0,4.0,3.0,0.625,0.8125,ต่ำ
อำนาจเจริญ,เร่งด่วนเย็น (16:00-18:59),พฤหัสบดี,winter,1,0.0,0.0,0.0,0.125,0.125,ต่ำ
อำนาจเจริญ,เร่งด่วนเย็น (16:00-18:59),พุธ,rainy,3,0.0,1.0,1.0,0.375,0.4375,ต่ำ
อำนาจเจริญ,เร่งด่วนเย็น (16:00-18:59),พุธ,summer,2,0.0,2.0,2.0,0.25,0.375,ต่ำ
อำนาจเจริญ,เร่งด่วนเย็น (16:00-18:59),พุธ,winter,1,0.0,0.0,0.0,0.125,0.125,ต่ำ
อำนาจเจริญ,เร่งด่วนเย็น (16:00-18:59),ศุกร์,rainy,6,0.0,6.0,6.0,0.75,1.125,ต่ำ
อำนาจเจริญ,เร่งด่วนเย็น (16:00-18:59),ศุกร์,summer,3,0.0,3.0,2.0,0.375,0.5,ต่ำ
อำนาจเจริญ,เร่งด่วนเย็น (16:00-18:59),ศุกร์,winter,3,1.0,1.0,5.0,0.375,0.6875,ต่ำ
อำนาจเจริญ,เร่งด่วนเย็น (16:00-18:59),อังคาร,summer,1,0.0,1.0,1.0,0.125,0.1875,ต่ำ
อำนาจเจริญ,เร่งด่วนเย็น (16:00-18:59),อังคาร,winter,3,0.0,13.0,22.0,0.375,1.75,ปานกลาง
อำนาจเจริญ,เร่งด่วนเย็น (16:00-18:59),อาทิตย์,rainy,3,1.0,4.0,6.0,0.375,0.75,ต่ำ
อำนาจเจริญ,เร่งด่วนเย็น (16:00-18:59),อาทิตย์,summer,2,0.0,3.0,3.0,0.25,0.4375,ต่ำ
อำนาจเจริญ,เร่งด่วนเย็น (16:00-18:59),อาทิตย์,winter,2,0.0,2.0,0.0,0.25,0.25,ต่ำ
อำนาจเจริญ,เร่งด่วนเย็น (16:00-18:59),เสาร์,rainy,1,0.0,1.0,1.0,0.125,0.1875,ต่ำ
อำนาจเจริญ,เร่งด่วนเย็น (16:00-18:59),เสาร์,summer,2,0.0,2.0,2.0,0.25,0.375,ต่ำ
อำนาจเจริญ,เร่งด่วนเย็น (16:00-18:59),เสาร์,winter,2,0.0,3.0,4.0,0.25,0.5,ต่ำ
อุดรธานี,กลางดึก (00:00-05:59),จันทร์,rainy,19,3.0,21.0,33.0,2.375,4.4375,สูง
อุดรธานี,กลางดึก (00:00-05:59),จันทร์,summer,14,3.0,16.0,26.0,1.75,3.375,สูง
อุดรธานี,กลางดึก (00:00-05:59),จันทร์,winter,21,6.0,27.0,57.0,2.625,6.1875,สูงมาก
อุดรธานี,กลางดึก (00:00-05:59),พฤหัสบดี,rainy,27,1.0,27.0,26.0,3.375,5.0,สูง
อุดรธานี,กลางดึก (00:00-05:59),พฤหัสบดี,summer,9,1.0,4.0,7.0,1.125,1.5625,ต่ำ
อุดรธานี,กลางดึก (00:00-05:59),พฤหัสบดี,winter,30,5.0,24.0,43.0,3.75,6.4375,สูงมาก
อุดรธานี,กลางดึก (00:00-05:59),พุธ,rainy,13,1.0,14.0,16.0,1.625,2.625,ปานกลาง
อุดรธานี,กลางดึก (00:00-05:59),พุธ,summer,20,1.0,14.0,19.0,2.5,3.6875,สูง
อุดรธานี,กลางดึก (00:00-05:59),พุธ,winter,22,3.0,14.0,25.0,2.75,4.3125,สูง
อุดรธานี,กลางดึก (00:00-05:59),ศุกร์,rainy,18,3.0,12.0,26.0,2.25,3.875,สูง
อุดรธานี,กลางดึก (00:00-05:59),ศุกร์,summer,15,6.0,10.0,30.0,1.875,3.75,สูง
อุดรธานี,กลางดึก (00:00-05:59),ศุกร์,winter,20,5.0,17.0,33.0,2.5,4.5625,สูง
อุดรธานี,กลางดึก (00:00-05:59),อังคาร,rainy,23,4.0,12.0,28.0,2.875,4.625,สูง
อุดรธานี,กลางดึก (00:00-05:59),อังคาร,summer,12,2.0,9.0,16.0,1.5,2.5,ปานกลาง
อุดรธานี,กลางดึก (00:00-05:59),อังคาร,winter,15,3.0,9.0,16.0,1.875,2.875,ปานกลาง
อุดรธานี,กลางดึก (00:00-05:59),อาทิตย์,rainy,21,1.0,16.0,20.0,2.625,3.875,สูง
อุดรธานี,กลางดึก (00:00-05:59),อาทิตย์,summer,16,3.0,20.0,32.0,2.0,4.0,สูง
อุดรธานี,กลางดึก (00:00-05:59),อาทิตย์,winter,23,4.0,22.0,35.0,2.875,5.0625,สูงมาก
อุดรธานี,กลางดึก (00:00-05:59),เสาร์,rainy,28,3.0,23.0,29.0,3.5,5.3125,สูงมาก
อุดรธานี,กลางดึก (00:00-05:59),เสาร์,summer,17,3.0,10.0,18.0,2.125,3.25,สูง
อุดรธานี,กลางดึก (00:00-05:59),เสาร์,winter,30,6.0,22.0,48.0,3.75,6.75,สูงมาก
อุดรธานี,กลางวัน (09:00-15:59),จันทร์,rainy,26,7.0,36.0,52.0,3.25,6.5,สูงมาก
อุดรธานี,กลางวัน (09:00-15:59),จันทร์,summer,25,5.0,28.0,44.0,3.125,5.875,สูงมาก
อุดรธานี,กลางวัน (09:00-15:59),จันทร์,winter,35,4.0,51.0,61.0,4.375,8.1875,สูงมาก
อุดรธานี,กลางวัน (09:00-15:59),พฤหัสบดี,rainy,24,7.0,44.0,69.0,3.0,7.3125,สูงมาก
อุดรธานี,กลางวัน (09:00-15:59),พฤหัสบดี,summer,34,7.0,36.0,56.0,4.25,7.75,สูงมาก
อุดรธานี,กลางวัน (09:00-15:59),พฤหัสบดี,winter,43,7.0,45.0,73.0,5.375,9.9375,สูงมาก
อุดรธานี,กลางวัน (09:00-15:59),พุธ,rainy,24,6.0,17.0,33.0,3.0,5.0625,สูงมาก
อุดรธานี,กลางวัน (09:00-15:59),พุธ,summer,30,1.0,32.0,35.0,3.75,5.9375,สูงมาก
อุดรธานี,กลางวัน (09:00-15:59),พุธ,winter,30,5.0,30.0,48.0,3.75,6.75,สูงมาก
อุดรธานี,กลางวัน (09:00-15:59),ศุกร์,rainy,16,2.0,12.0,17.0,2.0,3.0625,สูง
อุดรธานี,กลางวัน (09:00-15:59),ศุกร์,summer,33,9.0,28.0,64.0,4.125,8.125,สูงมาก
อุดรธานี,กลางวัน (09:00-15:59),ศุกร์,winter,27,12.0,27.0,71.0,3.375,7.8125,สูงมาก
อุดรธานี,กลางวัน (09:00-15:59),อังคาร,rainy,31,4.0,43.0,62.0,3.875,7.75,สูงมาก
อุดรธานี,กลางวัน (09:00-15:59),อังคาร,summer,17,3.0,27.0,26.0,2.125,3.75,สูง
อุดรธานี,กลางวัน (09:00-15:59),อังคาร,winter,35,6.0,40.0,54.0,4.375,7.75,สูงมาก
อุดรธานี,กลางวัน (09:00-15:59),อาทิตย์,rainy,16,2.0,24.0,28.0,2.0,3.75,สูง
อุดรธานี,กลางวัน (09:00-15:59),อาทิตย์,summer,25,3.0,38.0,44.0,3.125,5.875,สูงมาก
อุดรธานี,กลางวัน (09:00-15:59),อาทิตย์,winter,38,17.0,71.0,129.0,4.75,12.8125,สูงมาก
อุดรธานี,กลางวัน (09:00-15:59),เสาร์,rainy,24,5.0,26.0,46.0,3.0,5.875,สูงมาก
อุดรธานี,กลางวัน (09:00-15:59),เสาร์,summer,34,9.0,35.0,67.0,4.25,8.4375,สูงมาก
อุดรธานี,กลางวัน (09:00-15:59),เสาร์,winter,50,13.0,84.0,139.0,6.25,14.9375,สูงมาก
อุดรธานี,หัวค่ำ-ดึก (19:00-23:59),จันทร์,rainy,18,6.0,18.0,38.0,2.25,4.625,สูง
อุดรธานี,หัวค่ำ-ดึก (19:00-23:59),จันทร์,summer,16,4.0,14.0,28.0,2.0,3.75,สูง
อุดรธานี,หัวค่ำ-ดึก (19:00-23:59),จันทร์,winter,25,10.0,26.0,61.0,3.125,6.9375,สูงมาก
อุดรธานี,หัวค่ำ-ดึก (19:00-23:59),พฤหัสบดี,rainy,18,3.0,16.0,24.0,2.25,3.75,สูง
อุดรธานี,หัวค่ำ-ดึก (19:00-23:59),พฤหัสบดี,summer,17,4.0,21.0,33.0,2.125,4.1875,สูง
อุดรธานี,หัวค่ำ-ดึก (19:00-23:59),พฤหัสบดี,winter,25,8.0,28.0,45.0,3.125,5.9375,สูงมาก
อุดรธานี,หัวค่ำ-ดึก (19:00-23:59),พุธ,rainy,17,5.0,8.0,24.0,2.125,3.625,สูง
อุดรธานี,หัวค่ำ-ดึก (19:00-23:59),พุธ,summer,12,3.0,6.0,18.0,1.5,2.625,ปานกลาง
อุดรธานี,หัวค่ำ-ดึก (19:00-23:59),พุธ,winter,24,10.0,35.0,58.0,3.0,6.625,สูงมาก
อุดรธานี,หัวค่ำ-ดึก (19:00-23:59),ศุกร์,rainy,26,7.0,20.0,44.0,3.25,6.0,สูงมาก
อุดรธานี,หัวค่ำ-ดึก (19:00-23:59),ศุกร์,summer,27,4.0,26.0,41.0,3.375,5.9375,สูงมาก
อุดรธานี,หัวค่ำ-ดึก (19:00-23:59),ศุกร์,winter,22,10.0,15.0,42.0,2.75,5.375,สูงมาก
อุดรธานี,หัวค่ำ-ดึก (19:00-23:59),อังคาร,rainy,14,5.0,14.0,32.0,1.75,3.75,สูง
อุดรธานี,หัวค่ำ-ดึก (19:00-23:59),อังคาร,summer,22,4.0,19.0,32.0,2.75,4.75,สูง
อุดรธานี,หัวค่ำ-ดึก (19:00-23:59),อังคาร,winter,25,12.0,26.0,68.0,3.125,7.375,สูงมาก
อุดรธานี,หัวค่ำ-ดึก (19:00-23:59),อาทิตย์,rainy,20,7.0,19.0,40.0,2.5,5.0,สูง
อุดรธานี,หัวค่ำ-ดึก (19:00-23:59),อาทิตย์,summer,23,5.0,26.0,42.0,2.875,5.5,สูงมาก
อุดรธานี,หัวค่ำ-ดึก (19:00-23:59),อาทิตย์,winter,31,7.0,34.0,60.0,3.875,7.625,สูงมาก
อุดรธานี,หัวค่ำ-ดึก (19:00-23:59),เสาร์,rainy,27,9.0,35.0,69.0,3.375,7.6875,สูงมาก
อุดรธานี,หัวค่ำ-ดึก (19:00-23:59),เสาร์,summer,24,6.0,19.0,37.0,3.0,5.3125,สูงมาก
อุดรธานี,หัวค่ำ-ดึก (19:00-23:59),เสาร์,winter,30,10.0,18.0,46.0,3.75,6.625,สูงมาก
อุดรธานี,เร่งด่วนเช้า (06:00-08:59),จันทร์,rainy,10,1.0,10.0,15.0,1.25,2.1875,ปานกลาง
อุดรธานี,เร่งด่วนเช้า (06:00-08:59),จันทร์,summer,10,3.0,13.0,22.0,1.25,2.625,ปานกลาง
อุดรธานี,เร่งด่วนเช้า (06:00-08:59),จันทร์,winter,14,4.0,24.0,37.0,1.75,4.0625,สูง
อุดรธานี,เร่งด่วนเช้า (06:00-08:59),พฤหัสบดี,rainy,10,4.0,13.0,28.0,1.25,3.0,สูง
อุดรธานี,เร่งด่วนเช้า (06:00-08:59),พฤหัสบดี,summer,7,2.0,15.0,12.0,0.875,1.625,ปานกลาง
อุดรธานี,เร่งด่วนเช้า (06:00-08:59),พฤหัสบดี,winter,10,3.0,14.0,25.0,1.25,2.8125,ปานกลาง
อุดรธานี,เร่งด่วนเช้า (06:00-08:59),พุธ,rainy,6,1.0,4.0,7.0,0.75,1.1875,ต่ำ
อุดรธานี,เร่งด่วนเช้า (06:00-08:59),พุธ,summer,12,3.0,6.0,17.0,1.5,2.5625,ปานกลาง
อุดรธานี,เร่งด่วนเช้า (06:00-08:59),พุธ,winter,11,2.0,15.0,21.0,1.375,2.6875,ปานกลาง
อุดรธานี,เร่งด่วนเช้า (06:00-08:59),ศุกร์,rainy,12,3.0,10.0,16.0,1.5,2.5,ปานกลาง
อุดรธานี,เร่งด่วนเช้า (06:00-08:59),ศุกร์,summer,3,0.0,2.0,3.0,0.375,0.5625,ต่ำ
อุดรธานี,เร่งด่วนเช้า (06:00-08:59),ศุกร์,winter,12,1.0,17.0,23.0,1.5,2.9375,สูง
อุดรธานี,เร่งด่วนเช้า (06:00-08:59),อังคาร,rainy,13,4.0,11.0,26.0,1.625,3.25,สูง
อุดรธานี,เร่งด่วนเช้า (06:00-08:59),อังคาร,summer,7,1.0,11.0,14.0,0.875,1.75,ปานกลาง
อุดรธานี,เร่งด่วนเช้า (06:00-08:59),อังคาร,winter,19,2.0,17.0,24.0,2.375,3.875,สูง
อุดรธานี,เร่งด่วนเช้า (06:00-08:59),อาทิตย์,rainy,16,4.0,13.0,25.0,2.0,3.5625,สูง
อุดรธานี,เร่งด่วนเช้า (06:00-08:59),อาทิตย์,summer,5,0.0,5.0,6.0,0.625,1.0,ต่ำ
อุดรธานี,เร่งด่วนเช้า (06:00-08:59),อาทิตย์,winter,7,1.0,10.0,17.0,0.875,1.9375,ปานกลาง
อุดรธานี,เร่งด่วนเช้า (06:00-08:59),เสาร์,rainy,5,1.0,15.0,18.0,0.625,1.75,ปานกลาง
อุดรธานี,เร่งด่วนเช้า (06:00-08:59),เสาร์,summer,11,4.0,57.0,69.0,1.375,5.6875,สูงมาก
อุดรธานี,เร่งด่วนเช้า (06:00-08:59),เสาร์,winter,11,1.0,18.0,25.0,1.375,2.9375,สูง
อุดรธานี,เร่งด่วนเย็น (16:00-18:59),จันทร์,rainy,15,3.0,15.0,29.0,1.875,3.6875,สูง
อุดรธานี,เร่งด่วนเย็น (16:00-18:59),จันทร์,summer,18,1.0,12.0,19.0,2.25,3.4375,สูง
อุดรธานี,เร่งด่วนเย็น (16:00-18:59),จันทร์,winter,21,5.0,13.0,31.0,2.625,4.5625,สูง
อุดรธานี,เร่งด่วนเย็น (16:00-18:59),พฤหัสบดี,rainy,10,5.0,8.0,26.0,1.25,2.875,ปานกลาง
อุดรธานี,เร่งด่วนเย็น (16:00-18:59),พฤหัสบดี,summer,10,4.0,9.0,21.0,1.25,2.5625,ปานกลาง
อุดรธานี,เร่งด่วนเย็น (16:00-18:59),พฤหัสบดี,winter,14,2.0,16.0,20.0,1.75,3.0,สูง
อุดรธานี,เร่งด่วนเย็น (16:00-18:59),พุธ,rainy,4,0.0,2.0,2.0,0.5,0.625,ต่ำ
อุดรธานี,เร่งด่วนเย็น (16:00-18:59),พุธ,summer,10,5.0,14.0,32.0,1.25,3.25,สูง
อุดรธานี,เร่งด่วนเย็น (16:00-18:59),พุธ,winter,24,4.0,60.0,67.0,3.0,7.1875,สูงมาก
อุดรธานี,เร่งด่วนเย็น (16:00-18:59),ศุกร์,rainy,10,2.0,10.0,17.0,1.25,2.3125,ปานกลาง
อุดรธานี,เร่งด่วนเย็น (16:00-18:59),ศุกร์,summer,9,2.0,8.0,15.0,1.125,2.0625,ปานกลาง
อุดรธานี,เร่งด่วนเย็น (16:00-18:59),ศุกร์,winter,20,6.0,15.0,34.0,2.5,4.625,สูง
อุดรธานี,เร่งด่วนเย็น (16:00-18:59),อังคาร,rainy,6,1.0,5.0,10.0,0.75,1.375,ต่ำ
อุดรธานี,เร่งด่วนเย็น (16:00-18:59),อังคาร,summer,10,2.0,26.0,30.0,1.25,3.125,สูง
อุดรธานี,เร่งด่วนเย็น (16:00-18:59),อังคาร,winter,25,5.0,38.0,54.0,3.125,6.5,สูงมาก
อุดรธานี,เร่งด่วนเย็น (16:00-18:59),อาทิตย์,rainy,11,4.0,9.0,21.0,1.375,2.6875,ปานกลาง
อุดรธานี,เร่งด่วนเย็น (16:00-18:59),อาทิตย์,summer,15,2.0,18.0,26.0,1.875,3.5,สูง
อุดรธานี,เร่งด่วนเย็น (16:00-18:59),อาทิตย์,winter,14,5.0,24.0,38.0,1.75,4.125,สูง
อุดรธานี,เร่งด่วนเย็น (16:00-18:59),เสาร์,rainy,13,5.0,17.0,35.0,1.625,3.8125,สูง
อุดรธานี,เร่งด่วนเย็น (16:00-18:59),เสาร์,summer,11,4.0,22.0,32.0,1.375,3.375,สูง
อุดรธานี,เร่งด่วนเย็น (16:00-18:59),เสาร์,winter,21,3.0,22.0,39.0,2.625,5.0625,สูงมาก
อุตรดิตถ์,กลางดึก (00:00-05:59),จันทร์,rainy,8,2.0,5.0,11.0,1.0,1.6875,ปานกลาง
อุตรดิตถ์,กลางดึก (00:00-05:59),จันทร์,summer,13,2.0,4.0,10.0,1.625,2.25,ปานกลาง
อุตรดิตถ์,กลางดึก (00:00-05:59),จันทร์,winter,12,4.0,11.0,25.0,1.5,3.0625,สูง
อุตรดิตถ์,กลางดึก (00:00-05:59),พฤหัสบดี,rainy,12,2.0,4.0,7.0,1.5,1.9375,ปานกลาง
อุตรดิตถ์,กลางดึก (00:00-05:59),พฤหัสบดี,summer,13,0.0,12.0,10.0,1.625,2.25,ปานกลาง
อุตรดิตถ์,กลางดึก (00:00-05:59),พฤหัสบดี,winter,13,1.0,9.0,14.0,1.625,2.5,ปานกลาง
อุตรดิตถ์,กลางดึก (00:00-05:59),พุธ,rainy,10,0.0,5.0,7.0,1.25,1.6875,ปานกลาง
อุตรดิตถ์,กลางดึก (00:00-05:59),พุธ,summer,12,2.0,6.0,15.0,1.5,2.4375,ปานกลาง
อุตรดิตถ์,กลางดึก (00:00-05:59),พุธ,winter,14,0.0,33.0,33.0,1.75,3.8125,สูง
อุตรดิตถ์,กลางดึก (00:00-05:59),ศุกร์,rainy,21,7.0,25.0,46.0,2.625,5.5,สูงมาก
อุตรดิตถ์,กลางดึก (00:00-05:59),ศุกร์,summer,10,0.0,14.0,14.0,1.25,2.125,ปานกลาง
อุตรดิตถ์,กลางดึก (00:00-05:59),ศุกร์,winter,16,2.0,9.0,12.0,2.0,2.75,ปานกลาง
อุตรดิตถ์,กลางดึก (00:00-05:59),อังคาร,rainy,8,3.0,6.0,16.0,1.0,2.0,ปานกลาง
อุตรดิตถ์,กลางดึก (00:00-05:59),อังคาร,summer,10,0.0,9.0,8.0,1.25,1.75,ปานกลาง
อุตรดิตถ์,กลางดึก (00:00-05:59),อังคาร,winter,11,4.0,8.0,21.0,1.375,2.6875,ปานกลาง
อุตรดิตถ์,กลางดึก (00:00-05:59),อาทิตย์,rainy,17,1.0,12.0,16.0,2.125,3.125,สูง
อุตรดิตถ์,กลางดึก (00:00-05:59),อาทิตย์,summer,11,2.0,4.0,10.0,1.375,2.0,ปานกลาง
อุตรดิตถ์,กลางดึก (00:00-05:59),อาทิตย์,winter,21,0.0,14.0,10.0,2.625,3.25,สูง
อุตรดิตถ์,กลางดึก (00:00-05:59),เสาร์,rainy,16,3.0,17.0,28.0,2.0,3.75,สูง
อุตรดิตถ์,กลางดึก (00:00-05:59),เสาร์,summer,13,0.0,7.0,6.0,1.625,2.0,ปานกลาง
อุตรดิตถ์,กลางดึก (00:00-05:59),เสาร์,winter,31,3.0,34.0,40.0,3.875,6.375,สูงมาก
อุตรดิตถ์,กลางวัน (09:00-15:59),จันทร์,rainy,32,4.0,15.0,28.0,4.0,5.75,สูงมาก
อุตรดิตถ์,กลางวัน (09:00-15:59),จันทร์,summer,52,4.0,27.0,38.0,6.5,8.875,สูงมาก
อุตรดิตถ์,กลางวัน (09:00-15:59),จันทร์,winter,28,2.0,25.0,23.0,3.5,4.9375,สูง
อุตรดิตถ์,กลางวัน (09:00-15:59),พฤหัสบดี,rainy,28,3.0,13.0,23.0,3.5,4.9375,สูง
อุตรดิตถ์,กลางวัน (09:00-15:59),พฤหัสบดี,summer,23,3.0,18.0,30.0,2.875,4.75,สูง
อุตรดิตถ์,กลางวัน (09:00-15:59),พฤหัสบดี,winter,37,3.0,26.0,32.0,4.625,6.625,สูงมาก
อุตรดิตถ์,กลางวัน (09:00-15:59),พุธ,rainy,28,4.0,12.0,20.0,3.5,4.75,สูง
อุตรดิตถ์,กลางวัน (09:00-15:59),พุธ,summer,32,0.0,37.0,37.0,4.0,6.3125,สูงมาก
อุตรดิตถ์,กลางวัน (09:00-15:59),พุธ,winter,32,2.0,20.0,25.0,4.0,5.5625,สูงมาก
อุตรดิตถ์,กลางวัน (09:00-15:59),ศุกร์,rainy,28,3.0,12.0,20.0,3.5,4.75,สูง
อุตรดิตถ์,กลางวัน (09:00-15:59),ศุกร์,summer,25,2.0,27.0,27.0,3.125,4.8125,สูง
อุตรดิตถ์,กลางวัน (09:00-15:59),ศุกร์,winter,21,2.0,15.0,19.0,2.625,3.8125,สูง
อุตรดิตถ์,กลางวัน (09:00-15:59),อังคาร,rainy,27,5.0,12.0,26.0,3.375,5.0,สูง
อุตรดิตถ์,กลางวัน (09:00-15:59),อังคาร,summer,28,1.0,34.0,37.0,3.5,5.8125,สูงมาก
อุตรดิตถ์,กลางวัน (09:00-15:59),อังคาร,winter,44,0.0,32.0,23.0,5.5,6.9375,สูงมาก
อุตรดิตถ์,กลางวัน (09:00-15:59),อาทิตย์,rainy,28,3.0,12.0,18.0,3.5,4.625,สูง
อุตรดิตถ์,กลางวัน (09:00-15:59),อาทิตย์,summer,35,2.0,23.0,23.0,4.375,5.8125,สูงมาก
อุตรดิตถ์,กลางวัน (09:00-15:59),อาทิตย์,winter,44,6.0,55.0,77.0,5.5,10.3125,สูงมาก
อุตรดิตถ์,กลางวัน (09:00-15:59),เสาร์,rainy,34,2.0,17.0,22.0,4.25,5.625,สูงมาก
อุตรดิตถ์,กลางวัน (09:00-15:59),เสาร์,summer,35,8.0,23.0,47.0,4.375,7.3125,สูงมาก
อุตรดิตถ์,กลางวัน (09:00-15:59),เสาร์,winter,43,9.0,43.0,69.0,5.375,9.6875,สูงมาก
อุตรดิตถ์,หัวค่ำ-ดึก (19:00-23:59),จันทร์,rainy,14,1.0,10.0,14.0,1.75,2.625,ปานกลาง
อุตรดิตถ์,หัวค่ำ-ดึก (19:00-23:59),จันทร์,summer,13,1.0,16.0,24.0,1.625,3.125,สูง
อุตรดิตถ์,หัวค่ำ-ดึก (19:00-23:59),จันทร์,winter,16,3.0,13.0,19.0,2.0,3.1875,สูง
อุตรดิตถ์,หัวค่ำ-ดึก (19:00-23:59),พฤหัสบดี,rainy,16,1.0,10.0,15.0,2.0,2.9375,สูง
อุตรดิตถ์,หัวค่ำ-ดึก (19:00-23:59),พฤหัสบดี,summer,15,1.0,13.0,13.0,1.875,2.6875,ปานกลาง
อุตรดิตถ์,หัวค่ำ-ดึก (19:00-23:59),พฤหัสบดี,winter,16,2.0,12.0,19.0,2.0,3.1875,สูง
อุตรดิตถ์,หัวค่ำ-ดึก (19:00-23:59),พุธ,rainy,11,3.0,5.0,12.0,1.375,2.125,ปานกลาง
อุตรดิตถ์,หัวค่ำ-ดึก (19:00-23:59),พุธ,summer,5,0.0,4.0,4.0,0.625,0.875,ต่ำ
อุตรดิตถ์,หัวค่ำ-ดึก (19:00-23:59),พุธ,winter,16,2.0,12.0,18.0,2.0,3.125,สูง
อุตรดิตถ์,หัวค่ำ-ดึก (19:00-23:59),ศุกร์,rainy,11,4.0,5.0,18.0,1.375,2.5,ปานกลาง
อุตรดิตถ์,หัวค่ำ-ดึก (19:00-23:59),ศุกร์,summer,17,3.0,7.0,15.0,2.125,3.0625,สูง
อุตรดิตถ์,หัวค่ำ-ดึก (19:00-23:59),ศุกร์,winter,25,2.0,14.0,19.0,3.125,4.3125,สูง
อุตรดิตถ์,หัวค่ำ-ดึก (19:00-23:59),อังคาร,rainy,18,2.0,6.0,12.0,2.25,3.0,สูง
อุตรดิตถ์,หัวค่ำ-ดึก (19:00-23:59),อังคาร,summer,12,2.0,10.0,17.0,1.5,2.5625,ปานกลาง
อุตรดิตถ์,หัวค่ำ-ดึก (19:00-23:59),อังคาร,winter,11,4.0,6.0,16.0,1.375,2.375,ปานกลาง
อุตรดิตถ์,หัวค่ำ-ดึก (19:00-23:59),อาทิตย์,rainy,17,3.0,12.0,21.0,2.125,3.4375,สูง
อุตรดิตถ์,หัวค่ำ-ดึก (19:00-23:59),อาทิตย์,summer,11,0.0,9.0,8.0,1.375,1.875,ปานกลาง
อุตรดิตถ์,หัวค่ำ-ดึก (19:00-23:59),อาทิตย์,winter,21,6.0,14.0,33.0,2.625,4.6875,สูง
อุตรดิตถ์,หัวค่ำ-ดึก (19:00-23:59),เสาร์,rainy,15,2.0,18.0,20.0,1.875,3.125,สูง
อุตรดิตถ์,หัวค่ำ-ดึก (19:00-23:59),เสาร์,summer,14,2.0,13.0,18.0,1.75,2.875,ปานกลาง
อุตรดิตถ์,หัวค่ำ-ดึก (19:00-23:59),เสาร์,winter,27,5.0,21.0,33.0,3.375,5.4375,สูงมาก
อุตรดิตถ์,เร่งด่วนเช้า (06:00-08:59),จันทร์,rainy,14,4.0,9.0,22.0,1.75,3.125,สูง
อุตรดิตถ์,เร่งด่วนเช้า (06:00-08:59),จันทร์,summer,13,0.0,7.0,7.0,1.625,2.0625,ปานกลาง
อุตรดิตถ์,เร่งด่วนเช้า (06:00-08:59),จันทร์,winter,6,0.0,2.0,1.0,0.75,0.8125,ต่ำ
อุตรดิตถ์,เร่งด่วนเช้า (06:00-08:59),พฤหัสบดี,rainy,14,2.0,10.0,14.0,1.75,2.625,ปานกลาง
อุตรดิตถ์,เร่งด่วนเช้า (06:00-08:59),พฤหัสบดี,summer,6,3.0,5.0,14.0,0.75,1.625,ปานกลาง
อุตรดิตถ์,เร่งด่วนเช้า (06:00-08:59),พฤหัสบดี,winter,9,1.0,4.0,3.0,1.125,1.3125,ต่ำ
อุตรดิตถ์,เร่งด่วนเช้า (06:00-08:59),พุธ,rainy,17,0.0,17.0,12.0,2.125,2.875,ปานกลาง
อุตรดิตถ์,เร่งด่วนเช้า (06:00-08:59),พุธ,summer,10,0.0,8.0,8.0,1.25,1.75,ปานกลาง
อุตรดิตถ์,เร่งด่วนเช้า (06:00-08:59),พุธ,winter,9,0.0,29.0,28.0,1.125,2.875,ปานกลาง
อุตรดิตถ์,เร่งด่วนเช้า (06:00-08:59),ศุกร์,rainy,14,1.0,6.0,9.0,1.75,2.3125,ปานกลาง
อุตรดิตถ์,เร่งด่วนเช้า (06:00-08:59),ศุกร์,summer,17,2.0,18.0,19.0,2.125,3.3125,สูง
อุตรดิตถ์,เร่งด่วนเช้า (06:00-08:59),ศุกร์,winter,11,1.0,9.0,11.0,1.375,2.0625,ปานกลาง
อุตรดิตถ์,เร่งด่วนเช้า (06:00-08:59),อังคาร,rainy,7,0.0,4.0,4.0,0.875,1.125,ต่ำ
อุตรดิตถ์,เร่งด่วนเช้า (06:00-08:59),อังคาร,summer,5,0.0,5.0,5.0,0.625,0.9375,ต่ำ
อุตรดิตถ์,เร่งด่วนเช้า (06:00-08:59),อังคาร,winter,12,3.0,7.0,17.0,1.5,2.5625,ปานกลาง
อุตรดิตถ์,เร่งด่วนเช้า (06:00-08:59),อาทิตย์,rainy,16,0.0,10.0,9.0,2.0,2.5625,ปานกลาง
อุตรดิตถ์,เร่งด่วนเช้า (06:00-08:59),อาทิตย์,summer,8,2.0,5.0,11.0,1.0,1.6875,ปานกลาง
อุตรดิตถ์,เร่งด่วนเช้า (06:00-08:59),อาทิตย์,winter,9,0.0,6.0,4.0,1.125,1.375,ต่ำ
อุตรดิตถ์,เร่งด่วนเช้า (06:00-08:59),เสาร์,rainy,16,0.0,20.0,20.0,2.0,3.25,สูง
อุตรดิตถ์,เร่งด่วนเช้า (06:00-08:59),เสาร์,summer,17,1.0,7.0,12.0,2.125,2.875,ปานกลาง
อุตรดิตถ์,เร่งด่วนเช้า (06:00-08:59),เสาร์,winter,14,1.0,14.0,11.0,1.75,2.4375,ปานกลาง
อุตรดิตถ์,เร่งด่วนเย็น (16:00-18:59),จันทร์,rainy,13,1.0,11.0,14.0,1.625,2.5,ปานกลาง
อุตรดิตถ์,เร่งด่วนเย็น (16:00-18:59),จันทร์,summer,16,2.0,20.0,27.0,2.0,3.6875,สูง
อุตรดิตถ์,เร่งด่วนเย็น (16:00-18:59),จันทร์,winter,17,4.0,22.0,35.0,2.125,4.3125,สูง
อุตรดิตถ์,เร่งด่วนเย็น (16:00-18:59),พฤหัสบดี,rainy,13,0.0,7.0,8.0,1.625,2.125,ปานกลาง
อุตรดิตถ์,เร่งด่วนเย็น (16:00-18:59),พฤหัสบดี,summer,5,0.0,3.0,3.0,0.625,0.8125,ต่ำ
อุตรดิตถ์,เร่งด่วนเย็น (16:00-18:59),พฤหัสบดี,winter,14,0.0,12.0,11.0,1.75,2.4375,ปานกลาง
อุตรดิตถ์,เร่งด่วนเย็น (16:00-18:59),พุธ,rainy,16,1.0,13.0,18.0,2.0,3.125,สูง
อุตรดิตถ์,เร่งด่วนเย็น (16:00-18:59),พุธ,summer,9,0.0,10.0,8.0,1.125,1.625,ปานกลาง
อุตรดิตถ์,เร่งด่วนเย็น (16:00-18:59),พุธ,winter,17,3.0,18.0,26.0,2.125,3.75,สูง
อุตรดิตถ์,เร่งด่วนเย็น (16:00-18:59),ศุกร์,rainy,18,1.0,6.0,13.0,2.25,3.0625,สูง
อุตรดิตถ์,เร่งด่วนเย็น (16:00-18:59),ศุกร์,summer,19,1.0,13.0,12.0,2.375,3.125,สูง
อุตรดิตถ์,เร่งด่วนเย็น (16:00-18:59),ศุกร์,winter,16,1.0,15.0,14.0,2.0,2.875,ปานกลาง
อุตรดิตถ์,เร่งด่วนเย็น (16:00-18:59),อังคาร,rainy,11,1.0,4.0,5.0,1.375,1.6875,ปานกลาง
อุตรดิตถ์,เร่งด่วนเย็น (16:00-18:59),อังคาร,summer,9,0.0,4.0,5.0,1.125,1.4375,ต่ำ
อุตรดิตถ์,เร่งด่วนเย็น (16:00-18:59),อังคาร,winter,16,1.0,18.0,19.0,2.0,3.1875,สูง
อุตรดิตถ์,เร่งด่วนเย็น (16:00-18:59),อาทิตย์,rainy,20,1.0,16.0,22.0,2.5,3.875,สูง
อุตรดิตถ์,เร่งด่วนเย็น (16:00-18:59),อาทิตย์,summer,9,3.0,7.0,16.0,1.125,2.125,ปานกลาง
อุตรดิตถ์,เร่งด่วนเย็น (16:00-18:59),อาทิตย์,winter,16,4.0,18.0,22.0,2.0,3.375,สูง
อุตรดิตถ์,เร่งด่วนเย็น (16:00-18:59),เสาร์,rainy,9,1.0,10.0,12.0,1.125,1.875,ปานกลาง
อุตรดิตถ์,เร่งด่วนเย็น (16:00-18:59),เสาร์,summer,15,0.0,19.0,14.0,1.875,2.75,ปานกลาง
อุตรดิตถ์,เร่งด่วนเย็น (16:00-18:59),เสาร์,winter,24,2.0,25.0,29.0,3.0,4.8125,สูง
อุทัยธานี,กลางดึก (00:00-05:59),จันทร์,rainy,11,0.0,6.0,8.0,1.375,1.875,ปานกลาง
อุทัยธานี,กลางดึก (00:00-05:59),จันทร์,summer,7,0.0,6.0,7.0,0.875,1.3125,ต่ำ
อุทัยธานี,กลางดึก (00:00-05:59),จันทร์,winter,7,1.0,9.0,13.0,0.875,1.6875,ปานกลาง
อุทัยธานี,กลางดึก (00:00-05:59),พฤหัสบดี,rainy,10,1.0,3.0,6.0,1.25,1.625,ปานกลาง
อุทัยธานี,กลางดึก (00:00-05:59),พฤหัสบดี,summer,6,0.0,3.0,3.0,0.75,0.9375,ต่ำ
อุทัยธานี,กลางดึก (00:00-05:59),พฤหัสบดี,winter,11,2.0,6.0,12.0,1.375,2.125,ปานกลาง
อุทัยธานี,กลางดึก (00:00-05:59),พุธ,rainy,7,2.0,1.0,7.0,0.875,1.3125,ต่ำ
อุทัยธานี,กลางดึก (00:00-05:59),พุธ,summer,11,0.0,3.0,3.0,1.375,1.5625,ต่ำ
อุทัยธานี,กลางดึก (00:00-05:59),พุธ,winter,8,3.0,4.0,17.0,1.0,2.0625,ปานกลาง
อุทัยธานี,กลางดึก (00:00-05:59),ศุกร์,rainy,9,2.0,5.0,13.0,1.125,1.9375,ปานกลาง
อุทัยธานี,กลางดึก (00:00-05:59),ศุกร์,summer,7,0.0,6.0,6.0,0.875,1.25,ต่ำ
อุทัยธานี,กลางดึก (00:00-05:59),ศุกร์,winter,6,1.0,2.0,5.0,0.75,1.0625,ต่ำ
อุทัยธานี,กลางดึก (00:00-05:59),อังคาร,rainy,4,1.0,4.0,8.0,0.5,1.0,ต่ำ
อุทัยธานี,กลางดึก (00:00-05:59),อังคาร,summer,7,1.0,5.0,7.0,0.875,1.3125,ต่ำ
อุทัยธานี,กลางดึก (00:00-05:59),อังคาร,winter,7,6.0,4.0,20.0,0.875,2.125,ปานกลาง
อุทัยธานี,กลางดึก (00:00-05:59),อาทิตย์,rainy,10,5.0,6.0,22.0,1.25,2.625,ปานกลาง
อุทัยธานี,กลางดึก (00:00-05:59),อาทิตย์,summer,4,0.0,3.0,3.0,0.5,0.6875,ต่ำ
อุทัยธานี,กลางดึก (00:00-05:59),อาทิตย์,winter,13,1.0,6.0,10.0,1.625,2.25,ปานกลาง
อุทัยธานี,กลางดึก (00:00-05:59),เสาร์,rainy,10,0.0,11.0,10.0,1.25,1.875,ปานกลาง
อุทัยธานี,กลางดึก (00:00-05:59),เสาร์,summer,7,0.0,10.0,13.0,0.875,1.6875,ปานกลาง
อุทัยธานี,กลางดึก (00:00-05:59),เสาร์,winter,14,1.0,9.0,17.0,1.75,2.8125,ปานกลาง
อุทัยธานี,กลางวัน (09:00-15:59),จันทร์,rainy,22,3.0,17.0,27.0,2.75,4.4375,สูง
อุทัยธานี,กลางวัน (09:00-15:59),จันทร์,summer,16,6.0,12.0,32.0,2.0,4.0,สูง
อุทัยธานี,กลางวัน (09:00-15:59),จันทร์,winter,24,3.0,21.0,31.0,3.0,4.9375,สูง
อุทัยธานี,กลางวัน (09:00-15:59),พฤหัสบดี,rainy,11,0.0,9.0,8.0,1.375,1.875,ปานกลาง
อุทัยธานี,กลางวัน (09:00-15:59),พฤหัสบดี,summer,17,3.0,14.0,22.0,2.125,3.5,สูง
อุทัยธานี,กลางวัน (09:00-15:59),พฤหัสบดี,winter,18,6.0,13.0,35.0,2.25,4.4375,สูง
อุทัยธานี,กลางวัน (09:00-15:59),พุธ,rainy,11,1.0,12.0,7.0,1.375,1.8125,ปานกลาง
อุทัยธานี,กลางวัน (09:00-15:59),พุธ,summer,14,2.0,12.0,19.0,1.75,2.9375,สูง
อุทัยธานี,กลางวัน (09:00-15:59),พุธ,winter,27,4.0,19.0,27.0,3.375,5.0625,สูงมาก
อุทัยธานี,กลางวัน (09:00-15:59),ศุกร์,rainy,13,3.0,5.0,15.0,1.625,2.5625,ปานกลาง
อุทัยธานี,กลางวัน (09:00-15:59),ศุกร์,summer,8,1.0,7.0,8.0,1.0,1.5,ต่ำ
อุทัยธานี,กลางวัน (09:00-15:59),ศุกร์,winter,13,4.0,17.0,33.0,1.625,3.6875,สูง
อุทัยธานี,กลางวัน (09:00-15:59),อังคาร,rainy,11,2.0,8.0,14.0,1.375,2.25,ปานกลาง
อุทัยธานี,กลางวัน (09:00-15:59),อังคาร,summer,20,5.0,18.0,31.0,2.5,4.4375,สูง
อุทัยธานี,กลางวัน (09:00-15:59),อังคาร,winter,13,3.0,8.0,22.0,1.625,3.0,สูง
อุทัยธานี,กลางวัน (09:00-15:59),อาทิตย์,rainy,5,1.0,6.0,13.0,0.625,1.4375,ต่ำ
อุทัยธานี,กลางวัน (09:00-15:59),อาทิตย์,summer,19,3.0,15.0,23.0,2.375,3.8125,สูง
อุทัยธานี,กลางวัน (09:00-15:59),อาทิตย์,winter,26,6.0,26.0,46.0,3.25,6.125,สูงมาก
อุทัยธานี,กลางวัน (09:00-15:59),เสาร์,rainy,11,2.0,16.0,23.0,1.375,2.8125,ปานกลาง
อุทัยธานี,กลางวัน (09:00-15:59),เสาร์,summer,15,0.0,14.0,14.0,1.875,2.75,ปานกลาง
อุทัยธานี,กลางวัน (09:00-15:59),เสาร์,winter,23,1.0,17.0,20.0,2.875,4.125,สูง
อุทัยธานี,หัวค่ำ-ดึก (19:00-23:59),จันทร์,rainy,7,2.0,5.0,11.0,0.875,1.5625,ต่ำ
อุทัยธานี,หัวค่ำ-ดึก (19:00-23:59),จันทร์,summer,11,5.0,21.0,37.0,1.375,3.6875,สูง
อุทัยธานี,หัวค่ำ-ดึก (19:00-23:59),จันทร์,winter,15,4.0,17.0,28.0,1.875,3.625,สูง
อุทัยธานี,หัวค่ำ-ดึก (19:00-23:59),พฤหัสบดี,rainy,7,0.0,3.0,3.0,0.875,1.0625,ต่ำ
อุทัยธานี,หัวค่ำ-ดึก (19:00-23:59),พฤหัสบดี,summer,12,0.0,7.0,9.0,1.5,2.0625,ปานกลาง
อุทัยธานี,หัวค่ำ-ดึก (19:00-23:59),พฤหัสบดี,winter,12,6.0,18.0,36.0,1.5,3.75,สูง
อุทัยธานี,หัวค่ำ-ดึก (19:00-23:59),พุธ,rainy,10,2.0,9.0,13.0,1.25,2.0625,ปานกลาง
อุทัยธานี,หัวค่ำ-ดึก (19:00-23:59),พุธ,summer,10,2.0,8.0,14.0,1.25,2.125,ปานกลาง
อุทัยธานี,หัวค่ำ-ดึก (19:00-23:59),พุธ,winter,9,2.0,6.0,14.0,1.125,2.0,ปานกลาง
อุทัยธานี,หัวค่ำ-ดึก (19:00-23:59),ศุกร์,rainy,9,1.0,3.0,6.0,1.125,1.5,ต่ำ
อุทัยธานี,หัวค่ำ-ดึก (19:00-23:59),ศุกร์,summer,9,2.0,0.0,6.0,1.125,1.5,ต่ำ
อุทัยธานี,หัวค่ำ-ดึก (19:00-23:59),ศุกร์,winter,12,2.0,13.0,20.0,1.5,2.75,ปานกลาง
อุทัยธานี,หัวค่ำ-ดึก (19:00-23:59),อังคาร,rainy,4,0.0,4.0,3.0,0.5,0.6875,ต่ำ
อุทัยธานี,หัวค่ำ-ดึก (19:00-23:59),อังคาร,summer,10,0.0,6.0,6.0,1.25,1.625,ปานกลาง
อุทัยธานี,หัวค่ำ-ดึก (19:00-23:59),อังคาร,winter,13,2.0,8.0,14.0,1.625,2.5,ปานกลาง
อุทัยธานี,หัวค่ำ-ดึก (19:00-23:59),อาทิตย์,rainy,7,2.0,5.0,13.0,0.875,1.6875,ปานกลาง
อุทัยธานี,หัวค่ำ-ดึก (19:00-23:59),อาทิตย์,summer,11,1.0,5.0,10.0,1.375,2.0,ปานกลาง
อุทัยธานี,หัวค่ำ-ดึก (19:00-23:59),อาทิตย์,winter,12,1.0,12.0,15.0,1.5,2.4375,ปานกลาง
อุทัยธานี,หัวค่ำ-ดึก (19:00-23:59),เสาร์,rainy,12,1.0,12.0,17.0,1.5,2.5625,ปานกลาง
อุทัยธานี,หัวค่ำ-ดึก (19:00-23:59),เสาร์,summer,11,2.0,2.0,8.0,1.375,1.875,ปานกลาง
อุทัยธานี,หัวค่ำ-ดึก (19:00-23:59),เสาร์,winter,11,3.0,8.0,19.0,1.375,2.5625,ปานกลาง
อุทัยธานี,เร่งด่วนเช้า (06:00-08:59),จันทร์,rainy,6,2.0,0.0,6.0,0.75,1.125,ต่ำ
อุทัยธานี,เร่งด่วนเช้า (06:00-08:59),จันทร์,summer,4,3.0,1.0,10.0,0.5,1.125,ต่ำ
อุทัยธานี,เร่งด่วนเช้า (06:00-08:59),จันทร์,winter,10,1.0,8.0,13.0,1.25,2.0625,ปานกลาง
อุทัยธานี,เร่งด่วนเช้า (06:00-08:59),พฤหัสบดี,rainy,5,0.0,6.0,7.0,0.625,1.0625,ต่ำ
อุทัยธานี,เร่งด่วนเช้า (06:00-08:59),พฤหัสบดี,summer,4,0.0,1.0,1.0,0.5,0.5625,ต่ำ
อุทัยธานี,เร่งด่วนเช้า (06:00-08:59),พฤหัสบดี,winter,8,6.0,10.0,22.0,1.0,2.375,ปานกลาง
อุทัยธานี,เร่งด่วนเช้า (06:00-08:59),พุธ,rainy,4,1.0,3.0,7.0,0.5,0.9375,ต่ำ
อุทัยธานี,เร่งด่วนเช้า (06:00-08:59),พุธ,summer,5,1.0,6.0,10.0,0.625,1.25,ต่ำ
อุทัยธานี,เร่งด่วนเช้า (06:00-08:59),พุธ,winter,4,0.0,3.0,4.0,0.5,0.75,ต่ำ
อุทัยธานี,เร่งด่วนเช้า (06:00-08:59),ศุกร์,rainy,4,0.0,6.0,6.0,0.5,0.875,ต่ำ
อุทัยธานี,เร่งด่วนเช้า (06:00-08:59),ศุกร์,summer,5,1.0,4.0,8.0,0.625,1.125,ต่ำ
อุทัยธานี,เร่งด่วนเช้า (06:00-08:59),ศุกร์,winter,3,0.0,2.0,2.0,0.375,0.5,ต่ำ
อุทัยธานี,เร่งด่วนเช้า (06:00-08:59),อังคาร,rainy,8,1.0,5.0,10.0,1.0,1.625,ปานกลาง
อุทัยธานี,เร่งด่วนเช้า (06:00-08:59),อังคาร,summer,4,0.0,3.0,3.0,0.5,0.6875,ต่ำ
อุทัยธานี,เร่งด่วนเช้า (06:00-08:59),อังคาร,winter,7,1.0,8.0,12.0,0.875,1.625,ปานกลาง
อุทัยธานี,เร่งด่วนเช้า (06:00-08:59),อาทิตย์,rainy,3,0.0,4.0,6.0,0.375,0.75,ต่ำ
อุทัยธานี,เร่งด่วนเช้า (06:00-08:59),อาทิตย์,summer,1,1.0,0.0,3.0,0.125,0.3125,ต่ำ
อุทัยธานี,เร่งด่วนเช้า (06:00-08:59),อาทิตย์,winter,4,0.0,4.0,4.0,0.5,0.75,ต่ำ
อุทัยธานี,เร่งด่วนเช้า (06:00-08:59),เสาร์,rainy,3,2.0,2.0,8.0,0.375,0.875,ต่ำ
อุทัยธานี,เร่งด่วนเช้า (06:00-08:59),เสาร์,summer,3,2.0,1.0,8.0,0.375,0.875,ต่ำ
อุทัยธานี,เร่งด่วนเช้า (06:00-08:59),เสาร์,winter,5,2.0,1.0,8.0,0.625,1.125,ต่ำ
อุทัยธานี,เร่งด่วนเย็น (16:00-18:59),จันทร์,rainy,7,3.0,5.0,18.0,0.875,2.0,ปานกลาง
อุทัยธานี,เร่งด่วนเย็น (16:00-18:59),จันทร์,summer,12,2.0,11.0,19.0,1.5,2.6875,ปานกลาง
อุทัยธานี,เร่งด่วนเย็น (16:00-18:59),จันทร์,winter,6,0.0,5.0,5.0,0.75,1.0625,ต่ำ
อุทัยธานี,เร่งด่วนเย็น (16:00-18:59),พฤหัสบดี,rainy,9,1.0,6.0,11.0,1.125,1.8125,ปานกลาง
อุทัยธานี,เร่งด่วนเย็น (16:00-18:59),พฤหัสบดี,summer,8,0.0,8.0,10.0,1.0,1.625,ปานกลาง
อุทัยธานี,เร่งด่วนเย็น (16:00-18:59),พฤหัสบดี,winter,9,1.0,8.0,12.0,1.125,1.875,ปานกลาง
อุทัยธานี,เร่งด่วนเย็น (16:00-18:59),พุธ,rainy,5,0.0,2.0,2.0,0.625,0.75,ต่ำ
อุทัยธานี,เร่งด่วนเย็น (16:00-18:59),พุธ,summer,11,2.0,9.0,17.0,1.375,2.4375,ปานกลาง
อุทัยธานี,เร่งด่วนเย็น (16:00-18:59),พุธ,winter,11,0.0,10.0,12.0,1.375,2.125,ปานกลาง
อุทัยธานี,เร่งด่วนเย็น (16:00-18:59),ศุกร์,rainy,5,0.0,2.0,2.0,0.625,0.75,ต่ำ
อุทัยธานี,เร่งด่วนเย็น (16:00-18:59),ศุกร์,summer,5,0.0,2.0,2.0,0.625,0.75,ต่ำ
อุทัยธานี,เร่งด่วนเย็น (16:00-18:59),ศุกร์,winter,8,0.0,6.0,8.0,1.0,1.5,ต่ำ
อุทัยธานี,เร่งด่วนเย็น (16:00-18:59),อังคาร,rainy,5,0.0,2.0,2.0,0.625,0.75,ต่ำ
อุทัยธานี,เร่งด่วนเย็น (16:00-18:59),อังคาร,summer,7,1.0,7.0,9.0,0.875,1.4375,ต่ำ
อุทัยธานี,เร่งด่วนเย็น (16:00-18:59),อังคาร,winter,6,3.0,5.0,13.0,0.75,1.5625,ต่ำ
อุทัยธานี,เร่งด่วนเย็น (16:00-18:59),อาทิตย์,rainy,12,4.0,15.0,31.0,1.5,3.4375,สูง
อุทัยธานี,เร่งด่วนเย็น (16:00-18:59),อาทิตย์,summer,5,0.0,3.0,3.0,0.625,0.8125,ต่ำ
อุทัยธานี,เร่งด่วนเย็น (16:00-18:59),อาทิตย์,winter,8,5.0,5.0,20.0,1.0,2.25,ปานกลาง
อุทัยธานี,เร่งด่วนเย็น (16:00-18:59),เสาร์,rainy,3,1.0,1.0,4.0,0.375,0.625,ต่ำ
อุทัยธานี,เร่งด่วนเย็น (16:00-18:59),เสาร์,summer,5,2.0,8.0,14.0,0.625,1.5,ต่ำ
อุทัยธานี,เร่งด่วนเย็น (16:00-18:59),เสาร์,winter,13,5.0,8.0,25.0,1.625,3.1875,สูง
อุบลราชธานี,กลางดึก (00:00-05:59),จันทร์,rainy,21,1.0,19.0,21.0,2.625,3.9375,สูง
อุบลราชธานี,กลางดึก (00:00-05:59),จันทร์,summer,12,1.0,5.0,8.0,1.5,2.0,ปานกลาง
อุบลราชธานี,กลางดึก (00:00-05:59),จันทร์,winter,12,1.0,12.0,16.0,1.5,2.5,ปานกลาง
อุบลราชธานี,กลางดึก (00:00-05:59),พฤหัสบดี,rainy,9,0.0,3.0,3.0,1.125,1.3125,ต่ำ
อุบลราชธานี,กลางดึก (00:00-05:59),พฤหัสบดี,summer,8,0.0,15.0,3.0,1.0,1.1875,ต่ำ
อุบลราชธานี,กลางดึก (00:00-05:59),พฤหัสบดี,winter,19,3.0,12.0,23.0,2.375,3.8125,สูง
อุบลราชธานี,กลางดึก (00:00-05:59),พุธ,rainy,17,0.0,13.0,13.0,2.125,2.9375,สูง
อุบลราชธานี,กลางดึก (00:00-05:59),พุธ,summer,14,0.0,8.0,6.0,1.75,2.125,ปานกลาง
อุบลราชธานี,กลางดึก (00:00-05:59),พุธ,winter,11,0.0,9.0,10.0,1.375,2.0,ปานกลาง
อุบลราชธานี,กลางดึก (00:00-05:59),ศุกร์,rainy,25,3.0,17.0,21.0,3.125,4.4375,สูง
อุบลราชธานี,กลางดึก (00:00-05:59),ศุกร์,summer,10,0.0,7.0,3.0,1.25,1.4375,ต่ำ
อุบลราชธานี,กลางดึก (00:00-05:59),ศุกร์,winter,16,0.0,13.0,10.0,2.0,2.625,ปานกลาง
อุบลราชธานี,กลางดึก (00:00-05:59),อังคาร,rainy,16,0.0,7.0,9.0,2.0,2.5625,ปานกลาง
อุบลราชธานี,กลางดึก (00:00-05:59),อังคาร,summer,13,0.0,23.0,24.0,1.625,3.125,สูง
อุบลราชธานี,กลางดึก (00:00-05:59),อังคาร,winter,13,0.0,23.0,16.0,1.625,2.625,ปานกลาง
อุบลราชธานี,กลางดึก (00:00-05:59),อาทิตย์,rainy,22,1.0,14.0,15.0,2.75,3.6875,สูง
อุบลราชธานี,กลางดึก (00:00-05:59),อาทิตย์,summer,16,1.0,13.0,16.0,2.0,3.0,สูง
อุบลราชธานี,กลางดึก (00:00-05:59),อาทิตย์,winter,22,5.0,16.0,31.0,2.75,4.6875,สูง
อุบลราชธานี,กลางดึก (00:00-05:59),เสาร์,rainy,19,0.0,11.0,11.0,2.375,3.0625,สูง
อุบลราชธานี,กลางดึก (00:00-05:59),เสาร์,summer,18,1.0,15.0,18.0,2.25,3.375,สูง
อุบลราชธานี,กลางดึก (00:00-05:59),เสาร์,winter,15,2.0,4.0,10.0,1.875,2.5,ปานกลาง
อุบลราชธานี,กลางวัน (09:00-15:59),จันทร์,rainy,31,5.0,29.0,48.0,3.875,6.875,สูงมาก
อุบลราชธานี,กลางวัน (09:00-15:59),จันทร์,summer,15,1.0,11.0,12.0,1.875,2.625,ปานกลาง
อุบลราชธานี,กลางวัน (09:00-15:59),จันทร์,winter,32,5.0,25.0,38.0,4.0,6.375,สูงมาก
อุบลราชธานี,กลางวัน (09:00-15:59),พฤหัสบดี,rainy,35,6.0,29.0,49.0,4.375,7.4375,สูงมาก
อุบลราชธานี,กลางวัน (09:00-15:59),พฤหัสบดี,summer,30,6.0,17.0,39.0,3.75,6.1875,สูงมาก
อุบลราชธานี,กลางวัน (09:00-15:59),พฤหัสบดี,winter,26,4.0,34.0,47.0,3.25,6.1875,สูงมาก
อุบลราชธานี,กลางวัน (09:00-15:59),พุธ,rainy,32,13.0,29.0,62.0,4.0,7.875,สูงมาก
อุบลราชธานี,กลางวัน (09:00-15:59),พุธ,summer,26,5.0,26.0,35.0,3.25,5.4375,สูงมาก
อุบลราชธานี,กลางวัน (09:00-15:59),พุธ,winter,29,6.0,70.0,63.0,3.625,7.5625,สูงมาก
อุบลราชธานี,กลางวัน (09:00-15:59),ศุกร์,rainy,30,0.0,14.0,8.0,3.75,4.25,สูง
อุบลราชธานี,กลางวัน (09:00-15:59),ศุกร์,summer,19,3.0,37.0,51.0,2.375,5.5625,สูงมาก
อุบลราชธานี,กลางวัน (09:00-15:59),ศุกร์,winter,24,1.0,18.0,21.0,3.0,4.3125,สูง
อุบลราชธานี,กลางวัน (09:00-15:59),อังคาร,rainy,23,0.0,15.0,15.0,2.875,3.8125,สูง
อุบลราชธานี,กลางวัน (09:00-15:59),อังคาร,summer,17,3.0,10.0,18.0,2.125,3.25,สูง
อุบลราชธานี,กลางวัน (09:00-15:59),อังคาร,winter,17,2.0,10.0,16.0,2.125,3.125,สูง
อุบลราชธานี,กลางวัน (09:00-15:59),อาทิตย์,rainy,19,4.0,17.0,30.0,2.375,4.25,สูง
อุบลราชธานี,กลางวัน (09:00-15:59),อาทิตย์,summer,19,4.0,15.0,27.0,2.375,4.0625,สูง
อุบลราชธานี,กลางวัน (09:00-15:59),อาทิตย์,winter,24,6.0,37.0,47.0,3.0,5.9375,สูงมาก
อุบลราชธานี,กลางวัน (09:00-15:59),เสาร์,rainy,29,1.0,22.0,25.0,3.625,5.1875,สูงมาก
อุบลราชธานี,กลางวัน (09:00-15:59),เสาร์,summer,26,5.0,17.0,27.0,3.25,4.9375,สูง
อุบลราชธานี,กลางวัน (09:00-15:59),เสาร์,winter,30,6.0,35.0,60.0,3.75,7.5,สูงมาก
อุบลราชธานี,หัวค่ำ-ดึก (19:00-23:59),จันทร์,rainy,13,0.0,16.0,15.0,1.625,2.5625,ปานกลาง
อุบลราชธานี,หัวค่ำ-ดึก (19:00-23:59),จันทร์,summer,13,0.0,17.0,15.0,1.625,2.5625,ปานกลาง
อุบลราชธานี,หัวค่ำ-ดึก (19:00-23:59),จันทร์,winter,17,2.0,16.0,25.0,2.125,3.6875,สูง
อุบลราชธานี,หัวค่ำ-ดึก (19:00-23:59),พฤหัสบดี,rainy,13,2.0,8.0,14.0,1.625,2.5,ปานกลาง
อุบลราชธานี,หัวค่ำ-ดึก (19:00-23:59),พฤหัสบดี,summer,20,6.0,22.0,49.0,2.5,5.5625,สูงมาก
อุบลราชธานี,หัวค่ำ-ดึก (19:00-23:59),พฤหัสบดี,winter,15,4.0,7.0,19.0,1.875,3.0625,สูง
อุบลราชธานี,หัวค่ำ-ดึก (19:00-23:59),พุธ,rainy,21,2.0,17.0,22.0,2.625,4.0,สูง
อุบลราชธานี,หัวค่ำ-ดึก (19:00-23:59),พุธ,summer,13,5.0,10.0,24.0,1.625,3.125,สูง
อุบลราชธานี,หัวค่ำ-ดึก (19:00-23:59),พุธ,winter,14,3.0,15.0,21.0,1.75,3.0625,สูง
อุบลราชธานี,หัวค่ำ-ดึก (19:00-23:59),ศุกร์,rainy,20,4.0,16.0,29.0,2.5,4.3125,สูง
อุบลราชธานี,หัวค่ำ-ดึก (19:00-23:59),ศุกร์,summer,10,2.0,7.0,10.0,1.25,1.875,ปานกลาง
อุบลราชธานี,หัวค่ำ-ดึก (19:00-23:59),ศุกร์,winter,18,6.0,15.0,35.0,2.25,4.4375,สูง
อุบลราชธานี,หัวค่ำ-ดึก (19:00-23:59),อังคาร,rainy,12,1.0,12.0,17.0,1.5,2.5625,ปานกลาง
อุบลราชธานี,หัวค่ำ-ดึก (19:00-23:59),อังคาร,summer,13,2.0,12.0,20.0,1.625,2.875,ปานกลาง
อุบลราชธานี,หัวค่ำ-ดึก (19:00-23:59),อังคาร,winter,14,2.0,12.0,16.0,1.75,2.75,ปานกลาง
อุบลราชธานี,หัวค่ำ-ดึก (19:00-23:59),อาทิตย์,rainy,16,6.0,12.0,30.0,2.0,3.875,สูง
อุบลราชธานี,หัวค่ำ-ดึก (19:00-23:59),อาทิตย์,summer,20,5.0,24.0,46.0,2.5,5.375,สูงมาก
อุบลราชธานี,หัวค่ำ-ดึก (19:00-23:59),อาทิตย์,winter,11,6.0,15.0,40.0,1.375,3.875,สูง
อุบลราชธานี,หัวค่ำ-ดึก (19:00-23:59),เสาร์,rainy,15,3.0,15.0,22.0,1.875,3.25,สูง
อุบลราชธานี,หัวค่ำ-ดึก (19:00-23:59),เสาร์,summer,19,5.0,11.0,25.0,2.375,3.9375,สูง
อุบลราชธานี,หัวค่ำ-ดึก (19:00-23:59),เสาร์,winter,25,1.0,17.0,19.0,3.125,4.3125,สูง
อุบลราชธานี,เร่งด่วนเช้า (06:00-08:59),จันทร์,rainy,10,2.0,12.0,21.0,1.25,2.5625,ปานกลาง
อุบลราชธานี,เร่งด่วนเช้า (06:00-08:59),จันทร์,summer,6,0.0,9.0,9.0,0.75,1.3125,ต่ำ
อุบลราชธานี,เร่งด่วนเช้า (06:00-08:59),จันทร์,winter,8,0.0,5.0,5.0,1.0,1.3125,ต่ำ
อุบลราชธานี,เร่งด่วนเช้า (06:00-08:59),พฤหัสบดี,rainy,9,3.0,8.0,16.0,1.125,2.125,ปานกลาง
อุบลราชธานี,เร่งด่วนเช้า (06:00-08:59),พฤหัสบดี,summer,8,0.0,12.0,4.0,1.0,1.25,ต่ำ
อุบลราชธานี,เร่งด่วนเช้า (06:00-08:59),พฤหัสบดี,winter,4,1.0,1.0,4.0,0.5,0.75,ต่ำ
อุบลราชธานี,เร่งด่วนเช้า (06:00-08:59),พุธ,rainy,11,1.0,8.0,9.0,1.375,1.9375,ปานกลาง
อุบลราชธานี,เร่งด่วนเช้า (06:00-08:59),พุธ,summer,3,0.0,2.0,1.0,0.375,0.4375,ต่ำ
อุบลราชธานี,เร่งด่วนเช้า (06:00-08:59),พุธ,winter,7,2.0,4.0,10.0,0.875,1.5,ต่ำ
อุบลราชธานี,เร่งด่วนเช้า (06:00-08:59),ศุกร์,rainy,10,0.0,8.0,9.0,1.25,1.8125,ปานกลาง
อุบลราชธานี,เร่งด่วนเช้า (06:00-08:59),ศุกร์,summer,4,0.0,4.0,4.0,0.5,0.75,ต่ำ
อุบลราชธานี,เร่งด่วนเช้า (06:00-08:59),ศุกร์,winter,11,1.0,7.0,12.0,1.375,2.125,ปานกลาง
อุบลราชธานี,เร่งด่วนเช้า (06:00-08:59),อังคาร,rainy,8,1.0,6.0,9.0,1.0,1.5625,ต่ำ
อุบลราชธานี,เร่งด่วนเช้า (06:00-08:59),อังคาร,summer,7,0.0,10.0,11.0,0.875,1.5625,ต่ำ
อุบลราชธานี,เร่งด่วนเช้า (06:00-08:59),อังคาร,winter,6,3.0,4.0,13.0,0.75,1.5625,ต่ำ
อุบลราชธานี,เร่งด่วนเช้า (06:00-08:59),อาทิตย์,rainy,2,0.0,1.0,1.0,0.25,0.3125,ต่ำ
อุบลราชธานี,เร่งด่วนเช้า (06:00-08:59),อาทิตย์,summer,5,2.0,6.0,11.0,0.625,1.3125,ต่ำ
อุบลราชธานี,เร่งด่วนเช้า (06:00-08:59),อาทิตย์,winter,11,0.0,11.0,9.0,1.375,1.9375,ปานกลาง
อุบลราชธานี,เร่งด่วนเช้า (06:00-08:59),เสาร์,rainy,8,0.0,10.0,6.0,1.0,1.375,ต่ำ
อุบลราชธานี,เร่งด่วนเช้า (06:00-08:59),เสาร์,summer,4,1.0,2.0,6.0,0.5,0.875,ต่ำ
อุบลราชธานี,เร่งด่วนเช้า (06:00-08:59),เสาร์,winter,7,2.0,1.0,7.0,0.875,1.3125,ต่ำ
อุบลราชธานี,เร่งด่วนเย็น (16:00-18:59),จันทร์,rainy,15,4.0,14.0,28.0,1.875,3.625,สูง
อุบลราชธานี,เร่งด่วนเย็น (16:00-18:59),จันทร์,summer,18,8.0,20.0,41.0,2.25,4.8125,สูง
อุบลราชธานี,เร่งด่วนเย็น (16:00-18:59),จันทร์,winter,16,3.0,18.0,29.0,2.0,3.8125,สูง
อุบลราชธานี,เร่งด่วนเย็น (16:00-18:59),พฤหัสบดี,rainy,14,2.0,21.0,25.0,1.75,3.3125,สูง
อุบลราชธานี,เร่งด่วนเย็น (16:00-18:59),พฤหัสบดี,summer,14,4.0,16.0,28.0,1.75,3.5,สูง
อุบลราชธานี,เร่งด่วนเย็น (16:00-18:59),พฤหัสบดี,winter,12,4.0,14.0,31.0,1.5,3.4375,สูง
อุบลราชธานี,เร่งด่วนเย็น (16:00-18:59),พุธ,rainy,11,1.0,10.0,13.0,1.375,2.1875,ปานกลาง
อุบลราชธานี,เร่งด่วนเย็น (16:00-18:59),พุธ,summer,8,2.0,25.0,31.0,1.0,2.9375,สูง
อุบลราชธานี,เร่งด่วนเย็น (16:00-18:59),พุธ,winter,14,8.0,10.0,34.0,1.75,3.875,สูง
อุบลราชธานี,เร่งด่วนเย็น (16:00-18:59),ศุกร์,rainy,10,7.0,18.0,39.0,1.25,3.6875,สูง
อุบลราชธานี,เร่งด่วนเย็น (16:00-18:59),ศุกร์,summer,11,9.0,11.0,41.0,1.375,3.9375,สูง
อุบลราชธานี,เร่งด่วนเย็น (16:00-18:59),ศุกร์,winter,11,4.0,41.0,58.0,1.375,5.0,สูง
อุบลราชธานี,เร่งด่วนเย็น (16:00-18:59),อังคาร,rainy,16,4.0,17.0,29.0,2.0,3.8125,สูง
อุบลราชธานี,เร่งด่วนเย็น (16:00-18:59),อังคาร,summer,11,2.0,22.0,29.0,1.375,3.1875,สูง
อุบลราชธานี,เร่งด่วนเย็น (16:00-18:59),อังคาร,winter,8,4.0,6.0,17.0,1.0,2.0625,ปานกลาง
อุบลราชธานี,เร่งด่วนเย็น (16:00-18:59),อาทิตย์,rainy,20,4.0,28.0,43.0,2.5,5.1875,สูงมาก
อุบลราชธานี,เร่งด่วนเย็น (16:00-18:59),อาทิตย์,summer,9,1.0,11.0,14.0,1.125,2.0,ปานกลาง
อุบลราชธานี,เร่งด่วนเย็น (16:00-18:59),อาทิตย์,winter,17,1.0,21.0,13.0,2.125,2.9375,สูง
อุบลราชธานี,เร่งด่วนเย็น (16:00-18:59),เสาร์,rainy,6,0.0,6.0,6.0,0.75,1.125,ต่ำ
อุบลราชธานี,เร่งด่วนเย็น (16:00-18:59),เสาร์,summer,11,2.0,6.0,13.0,1.375,2.1875,ปานกลาง
อุบลราชธานี,เร่งด่วนเย็น (16:00-18:59),เสาร์,winter,16,3.0,15.0,23.0,2.0,3.4375,สูง
อ่างทอง,กลางดึก (00:00-05:59),จันทร์,rainy,14,4.0,14.0,21.0,1.75,3.0625,สูง
อ่างทอง,กลางดึก (00:00-05:59),จันทร์,summer,9,0.0,6.0,5.0,1.125,1.4375,ต่ำ
อ่างทอง,กลางดึก (00:00-05:59),จันทร์,winter,19,0.0,16.0,15.0,2.375,3.3125,สูง
อ่างทอง,กลางดึก (00:00-05:59),พฤหัสบดี,rainy,11,1.0,7.0,10.0,1.375,2.0,ปานกลาง
อ่างทอง,กลางดึก (00:00-05:59),พฤหัสบดี,summer,12,1.0,9.0,10.0,1.5,2.125,ปานกลาง
อ่างทอง,กลางดึก (00:00-05:59),พฤหัสบดี,winter,14,1.0,9.0,16.0,1.75,2.75,ปานกลาง
อ่างทอง,กลางดึก (00:00-05:59),พุธ,rainy,17,1.0,4.0,7.0,2.125,2.5625,ปานกลาง
อ่างทอง,กลางดึก (00:00-05:59),พุธ,summer,18,1.0,18.0,20.0,2.25,3.5,สูง
อ่างทอง,กลางดึก (00:00-05:59),พุธ,winter,15,3.0,13.0,20.0,1.875,3.125,สูง
อ่างทอง,กลางดึก (00:00-05:59),ศุกร์,rainy,27,6.0,21.0,38.0,3.375,5.75,สูงมาก
อ่างทอง,กลางดึก (00:00-05:59),ศุกร์,summer,10,2.0,11.0,16.0,1.25,2.25,ปานกลาง
อ่างทอง,กลางดึก (00:00-05:59),ศุกร์,winter,14,3.0,8.0,18.0,1.75,2.875,ปานกลาง
อ่างทอง,กลางดึก (00:00-05:59),อังคาร,rainy,15,2.0,18.0,27.0,1.875,3.5625,สูง
อ่างทอง,กลางดึก (00:00-05:59),อังคาร,summer,8,4.0,20.0,39.0,1.0,3.4375,สูง
อ่างทอง,กลางดึก (00:00-05:59),อังคาร,winter,16,3.0,22.0,28.0,2.0,3.75,สูง
อ่างทอง,กลางดึก (00:00-05:59),อาทิตย์,rainy,23,4.0,16.0,29.0,2.875,4.6875,สูง
อ่างทอง,กลางดึก (00:00-05:59),อาทิตย์,summer,12,2.0,8.0,17.0,1.5,2.5625,ปานกลาง
อ่างทอง,กลางดึก (00:00-05:59),อาทิตย์,winter,16,2.0,10.0,15.0,2.0,2.9375,สูง
อ่างทอง,กลางดึก (00:00-05:59),เสาร์,rainy,14,2.0,10.0,15.0,1.75,2.6875,ปานกลาง
อ่างทอง,กลางดึก (00:00-05:59),เสาร์,summer,15,0.0,12.0,12.0,1.875,2.625,ปานกลาง
อ่างทอง,กลางดึก (00:00-05:59),เสาร์,winter,14,0.0,8.0,9.0,1.75,2.3125,ปานกลาง
อ่างทอง,กลางวัน (09:00-15:59),จันทร์,rainy,36,2.0,16.0,20.0,4.5,5.75,สูงมาก
อ่างทอง,กลางวัน (09:00-15:59),จันทร์,summer,22,0.0,24.0,29.0,2.75,4.5625,สูง
อ่างทอง,กลางวัน (09:00-15:59),จันทร์,winter,35,4.0,26.0,41.0,4.375,6.9375,สูงมาก
อ่างทอง,กลางวัน (09:00-15:59),พฤหัสบดี,rainy,25,1.0,12.0,16.0,3.125,4.125,สูง
อ่างทอง,กลางวัน (09:00-15:59),พฤหัสบดี,summer,33,2.0,31.0,39.0,4.125,6.5625,สูงมาก
อ่างทอง,กลางวัน (09:00-15:59),พฤหัสบดี,winter,37,2.0,22.0,37.0,4.625,6.9375,สูงมาก
อ่างทอง,กลางวัน (09:00-15:59),พุธ,rainy,22,1.0,12.0,15.0,2.75,3.6875,สูง
อ่างทอง,กลางวัน (09:00-15:59),พุธ,summer,26,2.0,13.0,22.0,3.25,4.625,สูง
อ่างทอง,กลางวัน (09:00-15:59),พุธ,winter,28,8.0,20.0,42.0,3.5,6.125,สูงมาก
อ่างทอง,กลางวัน (09:00-15:59),ศุกร์,rainy,38,2.0,21.0,31.0,4.75,6.6875,สูงมาก
อ่างทอง,กลางวัน (09:00-15:59),ศุกร์,summer,29,2.0,18.0,25.0,3.625,5.1875,สูงมาก
อ่างทอง,กลางวัน (09:00-15:59),ศุกร์,winter,34,5.0,33.0,52.0,4.25,7.5,สูงมาก
อ่างทอง,กลางวัน (09:00-15:59),อังคาร,rainy,29,1.0,12.0,18.0,3.625,4.75,สูง
อ่างทอง,กลางวัน (09:00-15:59),อังคาร,summer,28,1.0,22.0,28.0,3.5,5.25,สูงมาก
อ่างทอง,กลางวัน (09:00-15:59),อังคาร,winter,32,1.0,30.0,32.0,4.0,6.0,สูงมาก
อ่างทอง,กลางวัน (09:00-15:59),อาทิตย์,rainy,37,8.0,35.0,65.0,4.625,8.6875,สูงมาก
อ่างทอง,กลางวัน (09:00-15:59),อาทิตย์,summer,38,4.0,33.0,42.0,4.75,7.375,สูงมาก
อ่างทอง,กลางวัน (09:00-15:59),อาทิตย์,winter,36,4.0,24.0,38.0,4.5,6.875,สูงมาก
อ่างทอง,กลางวัน (09:00-15:59),เสาร์,rainy,22,3.0,23.0,39.0,2.75,5.1875,สูงมาก
อ่างทอง,กลางวัน (09:00-15:59),เสาร์,summer,31,2.0,24.0,29.0,3.875,5.6875,สูงมาก
อ่างทอง,กลางวัน (09:00-15:59),เสาร์,winter,36,3.0,27.0,39.0,4.5,6.9375,สูงมาก
อ่างทอง,หัวค่ำ-ดึก (19:00-23:59),จันทร์,rainy,15,1.0,14.0,18.0,1.875,3.0,สูง
อ่างทอง,หัวค่ำ-ดึก (19:00-23:59),จันทร์,summer,21,2.0,22.0,28.0,2.625,4.375,สูง
อ่างทอง,หัวค่ำ-ดึก (19:00-23:59),จันทร์,winter,19,6.0,11.0,27.0,2.375,4.0625,สูง
อ่างทอง,หัวค่ำ-ดึก (19:00-23:59),พฤหัสบดี,rainy,19,0.0,9.0,13.0,2.375,3.1875,สูง
อ่างทอง,หัวค่ำ-ดึก (19:00-23:59),พฤหัสบดี,summer,19,1.0,11.0,19.0,2.375,3.5625,สูง
อ่างทอง,หัวค่ำ-ดึก (19:00-23:59),พฤหัสบดี,winter,21,2.0,20.0,30.0,2.625,4.5,สูง
อ่างทอง,หัวค่ำ-ดึก (19:00-23:59),พุธ,rainy,14,1.0,8.0,14.0,1.75,2.625,ปานกลาง
อ่างทอง,หัวค่ำ-ดึก (19:00-23:59),พุธ,summer,14,2.0,13.0,19.0,1.75,2.9375,สูง
อ่างทอง,หัวค่ำ-ดึก (19:00-23:59),พุธ,winter,13,1.0,10.0,15.0,1.625,2.5625,ปานกลาง
อ่างทอง,หัวค่ำ-ดึก (19:00-23:59),ศุกร์,rainy,30,5.0,12.0,29.0,3.75,5.5625,สูงมาก
อ่างทอง,หัวค่ำ-ดึก (19:00-23:59),ศุกร์,summer,17,4.0,12.0,19.0,2.125,3.3125,สูง
อ่างทอง,หัวค่ำ-ดึก (19:00-23:59),ศุกร์,winter,25,1.0,19.0,18.0,3.125,4.25,สูง
อ่างทอง,หัวค่ำ-ดึก (19:00-23:59),อังคาร,rainy,17,2.0,7.0,14.0,2.125,3.0,สูง
อ่างทอง,หัวค่ำ-ดึก (19:00-23:59),อังคาร,summer,16,1.0,16.0,21.0,2.0,3.3125,สูง
อ่างทอง,หัวค่ำ-ดึก (19:00-23:59),อังคาร,winter,15,8.0,11.0,36.0,1.875,4.125,สูง
อ่างทอง,หัวค่ำ-ดึก (19:00-23:59),อาทิตย์,rainy,14,5.0,4.0,20.0,1.75,3.0,สูง
อ่างทอง,หัวค่ำ-ดึก (19:00-23:59),อาทิตย์,summer,12,4.0,6.0,18.0,1.5,2.625,ปานกลาง
อ่างทอง,หัวค่ำ-ดึก (19:00-23:59),อาทิตย์,winter,16,4.0,16.0,29.0,2.0,3.8125,สูง
อ่างทอง,หัวค่ำ-ดึก (19:00-23:59),เสาร์,rainy,16,6.0,11.0,30.0,2.0,3.875,สูง
อ่างทอง,หัวค่ำ-ดึก (19:00-23:59),เสาร์,summer,12,3.0,9.0,20.0,1.5,2.75,ปานกลาง
อ่างทอง,หัวค่ำ-ดึก (19:00-23:59),เสาร์,winter,11,3.0,14.0,24.0,1.375,2.875,ปานกลาง
อ่างทอง,เร่งด่วนเช้า (06:00-08:59),จันทร์,rainy,19,3.0,28.0,34.0,2.375,4.5,สูง
อ่างทอง,เร่งด่วนเช้า (06:00-08:59),จันทร์,summer,5,0.0,4.0,4.0,0.625,0.875,ต่ำ
อ่างทอง,เร่งด่วนเช้า (06:00-08:59),จันทร์,winter,13,2.0,10.0,17.0,1.625,2.6875,ปานกลาง
อ่างทอง,เร่งด่วนเช้า (06:00-08:59),พฤหัสบดี,rainy,25,1.0,10.0,15.0,3.125,4.0625,สูง
อ่างทอง,เร่งด่วนเช้า (06:00-08:59),พฤหัสบดี,summer,8,1.0,12.0,20.0,1.0,2.25,ปานกลาง
อ่างทอง,เร่งด่วนเช้า (06:00-08:59),พฤหัสบดี,winter,7,0.0,12.0,7.0,0.875,1.3125,ต่ำ
อ่างทอง,เร่งด่วนเช้า (06:00-08:59),พุธ,rainy,14,1.0,4.0,8.0,1.75,2.25,ปานกลาง
อ่างทอง,เร่งด่วนเช้า (06:00-08:59),พุธ,summer,9,1.0,4.0,8.0,1.125,1.625,ปานกลาง
อ่างทอง,เร่งด่วนเช้า (06:00-08:59),พุธ,winter,9,2.0,5.0,12.0,1.125,1.875,ปานกลาง
อ่างทอง,เร่งด่วนเช้า (06:00-08:59),ศุกร์,rainy,14,2.0,6.0,13.0,1.75,2.5625,ปานกลาง
อ่างทอง,เร่งด่วนเช้า (06:00-08:59),ศุกร์,summer,10,0.0,12.0,13.0,1.25,2.0625,ปานกลาง
อ่างทอง,เร่งด่วนเช้า (06:00-08:59),ศุกร์,winter,13,0.0,15.0,16.0,1.625,2.625,ปานกลาง
อ่างทอง,เร่งด่วนเช้า (06:00-08:59),อังคาร,rainy,7,0.0,10.0,10.0,0.875,1.5,ต่ำ
อ่างทอง,เร่งด่วนเช้า (06:00-08:59),อังคาร,summer,8,1.0,4.0,9.0,1.0,1.5625,ต่ำ
อ่างทอง,เร่งด่วนเช้า (06:00-08:59),อังคาร,winter,10,4.0,9.0,21.0,1.25,2.5625,ปานกลาง
อ่างทอง,เร่งด่วนเช้า (06:00-08:59),อาทิตย์,rainy,6,3.0,3.0,13.0,0.75,1.5625,ต่ำ
อ่างทอง,เร่งด่วนเช้า (06:00-08:59),อาทิตย์,summer,7,0.0,1.0,1.0,0.875,0.9375,ต่ำ
อ่างทอง,เร่งด่วนเช้า (06:00-08:59),อาทิตย์,winter,11,0.0,6.0,7.0,1.375,1.8125,ปานกลาง
อ่างทอง,เร่งด่วนเช้า (06:00-08:59),เสาร์,rainy,9,2.0,3.0,11.0,1.125,1.8125,ปานกลาง
อ่างทอง,เร่งด่วนเช้า (06:00-08:59),เสาร์,summer,9,0.0,1.0,1.0,1.125,1.1875,ต่ำ
อ่างทอง,เร่งด่วนเช้า (06:00-08:59),เสาร์,winter,5,0.0,3.0,2.0,0.625,0.75,ต่ำ
อ่างทอง,เร่งด่วนเย็น (16:00-18:59),จันทร์,rainy,13,2.0,9.0,13.0,1.625,2.4375,ปานกลาง
อ่างทอง,เร่งด่วนเย็น (16:00-18:59),จันทร์,summer,13,0.0,17.0,27.0,1.625,3.3125,สูง
อ่างทอง,เร่งด่วนเย็น (16:00-18:59),จันทร์,winter,9,2.0,6.0,13.0,1.125,1.9375,ปานกลาง
อ่างทอง,เร่งด่วนเย็น (16:00-18:59),พฤหัสบดี,rainy,10,2.0,8.0,13.0,1.25,2.0625,ปานกลาง
อ่างทอง,เร่งด่วนเย็น (16:00-18:59),พฤหัสบดี,summer,11,0.0,9.0,9.0,1.375,1.9375,ปานกลาง
อ่างทอง,เร่งด่วนเย็น (16:00-18:59),พฤหัสบดี,winter,12,3.0,11.0,17.0,1.5,2.5625,ปานกลาง
อ่างทอง,เร่งด่วนเย็น (16:00-18:59),พุธ,rainy,16,5.0,12.0,27.0,2.0,3.6875,สูง
อ่างทอง,เร่งด่วนเย็น (16:00-18:59),พุธ,summer,10,1.0,16.0,19.0,1.25,2.4375,ปานกลาง
อ่างทอง,เร่งด่วนเย็น (16:00-18:59),พุธ,winter,11,3.0,11.0,22.0,1.375,2.75,ปานกลาง
อ่างทอง,เร่งด่วนเย็น (16:00-18:59),ศุกร์,rainy,11,1.0,13.0,17.0,1.375,2.4375,ปานกลาง
อ่างทอง,เร่งด่วนเย็น (16:00-18:59),ศุกร์,summer,10,8.0,12.0,32.0,1.25,3.25,สูง
อ่างทอง,เร่งด่วนเย็น (16:00-18:59),ศุกร์,winter,12,1.0,8.0,6.0,1.5,1.875,ปานกลาง
อ่างทอง,เร่งด่วนเย็น (16:00-18:59),อังคาร,rainy,12,0.0,8.0,7.0,1.5,1.9375,ปานกลาง
อ่างทอง,เร่งด่วนเย็น (16:00-18:59),อังคาร,summer,8,0.0,6.0,8.0,1.0,1.5,ต่ำ
อ่างทอง,เร่งด่วนเย็น (16:00-18:59),อังคาร,winter,18,5.0,15.0,27.0,2.25,3.9375,สูง
อ่างทอง,เร่งด่วนเย็น (16:00-18:59),อาทิตย์,rainy,10,0.0,15.0,6.0,1.25,1.625,ปานกลาง
อ่างทอง,เร่งด่วนเย็น (16:00-18:59),อาทิตย์,summer,10,3.0,4.0,14.0,1.25,2.125,ปานกลาง
อ่างทอง,เร่งด่วนเย็น (16:00-18:59),อาทิตย์,winter,10,1.0,9.0,15.0,1.25,2.1875,ปานกลาง
อ่างทอง,เร่งด่วนเย็น (16:00-18:59),เสาร์,rainy,6,0.0,2.0,3.0,0.75,0.9375,ต่ำ
อ่างทอง,เร่งด่วนเย็น (16:00-18:59),เสาร์,summer,11,0.0,12.0,4.0,1.375,1.625,ปานกลาง
อ่างทอง,เร่งด่วนเย็น (16:00-18:59),เสาร์,winter,27,3.0,21.0,29.0,3.375,5.1875,สูงมาก
เชียงราย,กลางดึก (00:00-05:59),จันทร์,rainy,20,2.0,12.0,15.0,2.5,3.4375,สูง
เชียงราย,กลางดึก (00:00-05:59),จันทร์,summer,14,3.0,17.0,26.0,1.75,3.375,สูง
เชียงราย,กลางดึก (00:00-05:59),จันทร์,winter,23,4.0,10.0,21.0,2.875,4.1875,สูง
เชียงราย,กลางดึก (00:00-05:59),พฤหัสบดี,rainy,20,6.0,13.0,31.0,2.5,4.4375,สูง
เชียงราย,กลางดึก (00:00-05:59),พฤหัสบดี,summer,10,1.0,5.0,9.0,1.25,1.8125,ปานกลาง
เชียงราย,กลางดึก (00:00-05:59),พฤหัสบดี,winter,20,2.0,12.0,20.0,2.5,3.75,สูง
เชียงราย,กลางดึก (00:00-05:59),พุธ,rainy,13,2.0,6.0,12.0,1.625,2.375,ปานกลาง
เชียงราย,กลางดึก (00:00-05:59),พุธ,summer,9,5.0,7.0,23.0,1.125,2.5625,ปานกลาง
เชียงราย,กลางดึก (00:00-05:59),พุธ,winter,24,0.0,20.0,23.0,3.0,4.4375,สูง
เชียงราย,กลางดึก (00:00-05:59),ศุกร์,rainy,18,0.0,15.0,18.0,2.25,3.375,สูง
เชียงราย,กลางดึก (00:00-05:59),ศุกร์,summer,20,3.0,20.0,26.0,2.5,4.125,สูง
เชียงราย,กลางดึก (00:00-05:59),ศุกร์,winter,17,5.0,17.0,24.0,2.125,3.625,สูง
เชียงราย,กลางดึก (00:00-05:59),อังคาร,rainy,18,2.0,21.0,27.0,2.25,3.9375,สูง
เชียงราย,กลางดึก (00:00-05:59),อังคาร,summer,12,1.0,5.0,8.0,1.5,2.0,ปานกลาง
เชียงราย,กลางดึก (00:00-05:59),อังคาร,winter,12,1.0,4.0,7.0,1.5,1.9375,ปานกลาง
เชียงราย,กลางดึก (00:00-05:59),อาทิตย์,rainy,17,3.0,12.0,20.0,2.125,3.375,สูง
เชียงราย,กลางดึก (00:00-05:59),อาทิตย์,summer,13,2.0,8.0,14.0,1.625,2.5,ปานกลาง
เชียงราย,กลางดึก (00:00-05:59),อาทิตย์,winter,16,2.0,8.0,15.0,2.0,2.9375,สูง
เชียงราย,กลางดึก (00:00-05:59),เสาร์,rainy,27,2.0,25.0,28.0,3.375,5.125,สูงมาก
เชียงราย,กลางดึก (00:00-05:59),เสาร์,summer,18,3.0,13.0,20.0,2.25,3.5,สูง
เชียงราย,กลางดึก (00:00-05:59),เสาร์,winter,21,9.0,11.0,39.0,2.625,5.0625,สูงมาก
เชียงราย,กลางวัน (09:00-15:59),จันทร์,rainy,26,3.0,20.0,27.0,3.25,4.9375,สูง
เชียงราย,กลางวัน (09:00-15:59),จันทร์,summer,19,4.0,24.0,42.0,2.375,5.0,สูง
เชียงราย,กลางวัน (09:00-15:59),จันทร์,winter,37,4.0,38.0,43.0,4.625,7.3125,สูงมาก
เชียงราย,กลางวัน (09:00-15:59),พฤหัสบดี,rainy,31,5.0,48.0,45.0,3.875,6.6875,สูงมาก
เชียงราย,กลางวัน (09:00-15:59),พฤหัสบดี,summer,31,6.0,13.0,31.0,3.875,5.8125,สูงมาก
เชียงราย,กลางวัน (09:00-15:59),พฤหัสบดี,winter,32,4.0,21.0,33.0,4.0,6.0625,สูงมาก
เชียงราย,กลางวัน (09:00-15:59),พุธ,rainy,30,3.0,23.0,33.0,3.75,5.8125,สูงมาก
เชียงราย,กลางวัน (09:00-15:59),พุธ,summer,24,5.0,18.0,29.0,3.0,4.8125,สูง
เชียงราย,กลางวัน (09:00-15:59),พุธ,winter,34,2.0,40.0,55.0,4.25,7.6875,สูงมาก
เชียงราย,กลางวัน (09:00-15:59),ศุกร์,rainy,30,0.0,17.0,19.0,3.75,4.9375,สูง
เชียงราย,กลางวัน (09:00-15:59),ศุกร์,summer,35,4.0,36.0,50.0,4.375,7.5,สูงมาก
เชียงราย,กลางวัน (09:00-15:59),ศุกร์,winter,33,4.0,38.0,58.0,4.125,7.75,สูงมาก
เชียงราย,กลางวัน (09:00-15:59),อังคาร,rainy,27,2.0,19.0,24.0,3.375,4.875,สูง
เชียงราย,กลางวัน (09:00-15:59),อังคาร,summer,19,4.0,19.0,32.0,2.375,4.375,สูง
เชียงราย,กลางวัน (09:00-15:59),อังคาร,winter,27,5.0,18.0,33.0,3.375,5.4375,สูงมาก
เชียงราย,กลางวัน (09:00-15:59),อาทิตย์,rainy,22,2.0,19.0,26.0,2.75,4.375,สูง
เชียงราย,กลางวัน (09:00-15:59),อาทิตย์,summer,26,5.0,30.0,41.0,3.25,5.8125,สูงมาก
เชียงราย,กลางวัน (09:00-15:59),อาทิตย์,winter,23,2.0,20.0,20.0,2.875,4.125,สูง
เชียงราย,กลางวัน (09:00-15:59),เสาร์,rainy,22,0.0,10.0,9.0,2.75,3.3125,สูง
เชียงราย,กลางวัน (09:00-15:59),เสาร์,summer,36,8.0,24.0,46.0,4.5,7.375,สูงมาก
เชียงราย,กลางวัน (09:00-15:59),เสาร์,winter,42,9.0,44.0,62.0,5.25,9.125,สูงมาก
เชียงราย,หัวค่ำ-ดึก (19:00-23:59),จันทร์,rainy,22,2.0,14.0,18.0,2.75,3.875,สูง
เชียงราย,หัวค่ำ-ดึก (19:00-23:59),จันทร์,summer,16,4.0,11.0,26.0,2.0,3.625,สูง
เชียงราย,หัวค่ำ-ดึก (19:00-23:59),จันทร์,winter,30,4.0,17.0,29.0,3.75,5.5625,สูงมาก
เชียงราย,หัวค่ำ-ดึก (19:00-23:59),พฤหัสบดี,rainy,15,2.0,22.0,24.0,1.875,3.375,สูง
เชียงราย,หัวค่ำ-ดึก (19:00-23:59),พฤหัสบดี,summer,21,3.0,19.0,28.0,2.625,4.375,สูง
เชียงราย,หัวค่ำ-ดึก (19:00-23:59),พฤหัสบดี,winter,26,4.0,15.0,28.0,3.25,5.0,สูง
เชียงราย,หัวค่ำ-ดึก (19:00-23:59),พุธ,rainy,20,5.0,21.0,42.0,2.5,5.125,สูงมาก
เชียงราย,หัวค่ำ-ดึก (19:00-23:59),พุธ,summer,10,4.0,15.0,27.0,1.25,2.9375,สูง
เชียงราย,หัวค่ำ-ดึก (19:00-23:59),พุธ,winter,11,4.0,8.0,20.0,1.375,2.625,ปานกลาง
เชียงราย,หัวค่ำ-ดึก (19:00-23:59),ศุกร์,rainy,20,4.0,13.0,24.0,2.5,4.0,สูง
เชียงราย,หัวค่ำ-ดึก (19:00-23:59),ศุกร์,summer,18,2.0,11.0,18.0,2.25,3.375,สูง
เชียงราย,หัวค่ำ-ดึก (19:00-23:59),ศุกร์,winter,25,6.0,19.0,37.0,3.125,5.4375,สูงมาก
เชียงราย,หัวค่ำ-ดึก (19:00-23:59),อังคาร,rainy,18,3.0,9.0,19.0,2.25,3.4375,สูง
เชียงราย,หัวค่ำ-ดึก (19:00-23:59),อังคาร,summer,22,5.0,26.0,43.0,2.75,5.4375,สูงมาก
เชียงราย,หัวค่ำ-ดึก (19:00-23:59),อังคาร,winter,19,3.0,23.0,40.0,2.375,4.875,สูง
เชียงราย,หัวค่ำ-ดึก (19:00-23:59),อาทิตย์,rainy,17,6.0,7.0,22.0,2.125,3.5,สูง
เชียงราย,หัวค่ำ-ดึก (19:00-23:59),อาทิตย์,summer,18,3.0,14.0,22.0,2.25,3.625,สูง
เชียงราย,หัวค่ำ-ดึก (19:00-23:59),อาทิตย์,winter,20,6.0,19.0,41.0,2.5,5.0625,สูงมาก
เชียงราย,หัวค่ำ-ดึก (19:00-23:59),เสาร์,rainy,22,2.0,17.0,26.0,2.75,4.375,สูง
เชียงราย,หัวค่ำ-ดึก (19:00-23:59),เสาร์,summer,20,2.0,10.0,14.0,2.5,3.375,สูง
เชียงราย,หัวค่ำ-ดึก (19:00-23:59),เสาร์,winter,27,9.0,18.0,44.0,3.375,6.125,สูงมาก
เชียงราย,เร่งด่วนเช้า (06:00-08:59),จันทร์,rainy,11,4.0,14.0,20.0,1.375,2.625,ปานกลาง
เชียงราย,เร่งด่วนเช้า (06:00-08:59),จันทร์,summer,5,1.0,5.0,9.0,0.625,1.1875,ต่ำ
เชียงราย,เร่งด่วนเช้า (06:00-08:59),จันทร์,winter,15,3.0,4.0,15.0,1.875,2.8125,ปานกลาง
เชียงราย,เร่งด่วนเช้า (06:00-08:59),พฤหัสบดี,rainy,10,1.0,9.0,13.0,1.25,2.0625,ปานกลาง
เชียงราย,เร่งด่วนเช้า (06:00-08:59),พฤหัสบดี,summer,10,4.0,13.0,26.0,1.25,2.875,ปานกลาง
เชียงราย,เร่งด่วนเช้า (06:00-08:59),พฤหัสบดี,winter,9,0.0,9.0,11.0,1.125,1.8125,ปานกลาง
เชียงราย,เร่งด่วนเช้า (06:00-08:59),พุธ,rainy,12,2.0,26.0,32.0,1.5,3.5,สูง
เชียงราย,เร่งด่วนเช้า (06:00-08:59),พุธ,summer,2,0.0,3.0,1.0,0.25,0.3125,ต่ำ
เชียงราย,เร่งด่วนเช้า (06:00-08:59),พุธ,winter,15,2.0,7.0,15.0,1.875,2.8125,ปานกลาง
เชียงราย,เร่งด่วนเช้า (06:00-08:59),ศุกร์,rainy,6,1.0,7.0,12.0,0.75,1.5,ต่ำ
เชียงราย,เร่งด่วนเช้า (06:00-08:59),ศุกร์,summer,14,5.0,11.0,26.0,1.75,3.375,สูง
เชียงราย,เร่งด่วนเช้า (06:00-08:59),ศุกร์,winter,12,0.0,4.0,4.0,1.5,1.75,ปานกลาง
เชียงราย,เร่งด่วนเช้า (06:00-08:59),อังคาร,rainy,12,1.0,8.0,11.0,1.5,2.1875,ปานกลาง
เชียงราย,เร่งด่วนเช้า (06:00-08:59),อังคาร,summer,6,0.0,6.0,7.0,0.75,1.1875,ต่ำ
เชียงราย,เร่งด่วนเช้า (06:00-08:59),อังคาร,winter,11,0.0,4.0,4.0,1.375,1.625,ปานกลาง
เชียงราย,เร่งด่วนเช้า (06:00-08:59),อาทิตย์,rainy,5,0.0,1.0,1.0,0.625,0.6875,ต่ำ
เชียงราย,เร่งด่วนเช้า (06:00-08:59),อาทิตย์,summer,8,2.0,3.0,9.0,1.0,1.5625,ต่ำ
เชียงราย,เร่งด่วนเช้า (06:00-08:59),อาทิตย์,winter,7,2.0,2.0,9.0,0.875,1.4375,ต่ำ
เชียงราย,เร่งด่วนเช้า (06:00-08:59),เสาร์,rainy,9,0.0,4.0,4.0,1.125,1.375,ต่ำ
เชียงราย,เร่งด่วนเช้า (06:00-08:59),เสาร์,summer,4,1.0,4.0,7.0,0.5,0.9375,ต่ำ
เชียงราย,เร่งด่วนเช้า (06:00-08:59),เสาร์,winter,15,0.0,35.0,19.0,1.875,3.0625,สูง
เชียงราย,เร่งด่วนเย็น (16:00-18:59),จันทร์,rainy,8,1.0,5.0,11.0,1.0,1.6875,ปานกลาง
เชียงราย,เร่งด่วนเย็น (16:00-18:59),จันทร์,summer,12,0.0,20.0,15.0,1.5,2.4375,ปานกลาง
เชียงราย,เร่งด่วนเย็น (16:00-18:59),จันทร์,winter,17,1.0,11.0,13.0,2.125,2.9375,สูง
เชียงราย,เร่งด่วนเย็น (16:00-18:59),พฤหัสบดี,rainy,16,1.0,20.0,17.0,2.0,3.0625,สูง
เชียงราย,เร่งด่วนเย็น (16:00-18:59),พฤหัสบดี,summer,8,1.0,14.0,16.0,1.0,2.0,ปานกลาง
เชียงราย,เร่งด่วนเย็น (16:00-18:59),พฤหัสบดี,winter,17,3.0,13.0,26.0,2.125,3.75,สูง
เชียงราย,เร่งด่วนเย็น (16:00-18:59),พุธ,rainy,17,2.0,25.0,33.0,2.125,4.1875,สูง
เชียงราย,เร่งด่วนเย็น (16:00-18:59),พุธ,summer,14,7.0,13.0,37.0,1.75,4.0625,สูง
เชียงราย,เร่งด่วนเย็น (16:00-18:59),พุธ,winter,23,2.0,31.0,40.0,2.875,5.375,สูงมาก
เชียงราย,เร่งด่วนเย็น (16:00-18:59),ศุกร์,rainy,13,1.0,17.0,19.0,1.625,2.8125,ปานกลาง
เชียงราย,เร่งด่วนเย็น (16:00-18:59),ศุกร์,summer,14,1.0,8.0,11.0,1.75,2.4375,ปานกลาง
เชียงราย,เร่งด่วนเย็น (16:00-18:59),ศุกร์,winter,20,6.0,21.0,28.0,2.5,4.25,สูง
เชียงราย,เร่งด่วนเย็น (16:00-18:59),อังคาร,rainy,15,0.0,29.0,25.0,1.875,3.4375,สูง
เชียงราย,เร่งด่วนเย็น (16:00-18:59),อังคาร,summer,14,2.0,17.0,18.0,1.75,2.875,ปานกลาง
เชียงราย,เร่งด่วนเย็น (16:00-18:59),อังคาร,winter,19,3.0,27.0,18.0,2.375,3.5,สูง
เชียงราย,เร่งด่วนเย็น (16:00-18:59),อาทิตย์,rainy,14,3.0,11.0,16.0,1.75,2.75,ปานกลาง
เชียงราย,เร่งด่วนเย็น (16:00-18:59),อาทิตย์,summer,13,0.0,21.0,20.0,1.625,2.875,ปานกลาง
เชียงราย,เร่งด่วนเย็น (16:00-18:59),อาทิตย์,winter,14,0.0,9.0,9.0,1.75,2.3125,ปานกลาง
เชียงราย,เร่งด่วนเย็น (16:00-18:59),เสาร์,rainy,9,0.0,17.0,25.0,1.125,2.6875,ปานกลาง
เชียงราย,เร่งด่วนเย็น (16:00-18:59),เสาร์,summer,13,1.0,15.0,19.0,1.625,2.8125,ปานกลาง
เชียงราย,เร่งด่วนเย็น (16:00-18:59),เสาร์,winter,22,6.0,11.0,29.0,2.75,4.5625,สูง
เชียงใหม่,กลางดึก (00:00-05:59),จันทร์,rainy,62,10.0,25.0,59.0,7.75,11.4375,สูงมาก
เชียงใหม่,กลางดึก (00:00-05:59),จันทร์,summer,51,5.0,35.0,43.0,6.375,9.0625,สูงมาก
เชียงใหม่,กลางดึก (00:00-05:59),จันทร์,winter,61,10.0,26.0,54.0,7.625,11.0,สูงมาก
เชียงใหม่,กลางดึก (00:00-05:59),พฤหัสบดี,rainy,54,9.0,21.0,54.0,6.75,10.125,สูงมาก
เชียงใหม่,กลางดึก (00:00-05:59),พฤหัสบดี,summer,34,7.0,31.0,50.0,4.25,7.375,สูงมาก
เชียงใหม่,กลางดึก (00:00-05:59),พฤหัสบดี,winter,54,4.0,35.0,50.0,6.75,9.875,สูงมาก
เชียงใหม่,กลางดึก (00:00-05:59),พุธ,rainy,59,2.0,32.0,44.0,7.375,10.125,สูงมาก
เชียงใหม่,กลางดึก (00:00-05:59),พุธ,summer,38,2.0,25.0,34.0,4.75,6.875,สูงมาก
เชียงใหม่,กลางดึก (00:00-05:59),พุธ,winter,50,3.0,42.0,57.0,6.25,9.8125,สูงมาก
เชียงใหม่,กลางดึก (00:00-05:59),ศุกร์,rainy,58,10.0,40.0,66.0,7.25,11.375,สูงมาก
เชียงใหม่,กลางดึก (00:00-05:59),ศุกร์,summer,34,6.0,26.0,44.0,4.25,7.0,สูงมาก
เชียงใหม่,กลางดึก (00:00-05:59),ศุกร์,winter,37,5.0,15.0,33.0,4.625,6.6875,สูงมาก
เชียงใหม่,กลางดึก (00:00-05:59),อังคาร,rainy,44,9.0,17.0,47.0,5.5,8.4375,สูงมาก
เชียงใหม่,กลางดึก (00:00-05:59),อังคาร,summer,39,9.0,21.0,51.0,4.875,8.0625,สูงมาก
เชียงใหม่,กลางดึก (00:00-05:59),อังคาร,winter,51,7.0,28.0,50.0,6.375,9.5,สูงมาก
เชียงใหม่,กลางดึก (00:00-05:59),อาทิตย์,rainy,77,6.0,51.0,71.0,9.625,14.0625,สูงมาก
เชียงใหม่,กลางดึก (00:00-05:59),อาทิตย์,summer,56,9.0,29.0,60.0,7.0,10.75,สูงมาก
เชียงใหม่,กลางดึก (00:00-05:59),อาทิตย์,winter,60,11.0,42.0,81.0,7.5,12.5625,สูงมาก
เชียงใหม่,กลางดึก (00:00-05:59),เสาร์,rainy,87,4.0,51.0,71.0,10.875,15.3125,สูงมาก
เชียงใหม่,กลางดึก (00:00-05:59),เสาร์,summer,68,7.0,46.0,71.0,8.5,12.9375,สูงมาก
เชียงใหม่,กลางดึก (00:00-05:59),เสาร์,winter,86,4.0,57.0,74.0,10.75,15.375,สูงมาก
เชียงใหม่,กลางวัน (09:00-15:59),จันทร์,rainy,82,3.0,40.0,52.0,10.25,13.5,สูงมาก
เชียงใหม่,กลางวัน (09:00-15:59),จันทร์,summer,82,4.0,74.0,85.0,10.25,15.5625,สูงมาก
เชียงใหม่,กลางวัน (09:00-15:59),จันทร์,winter,84,14.0,65.0,117.0,10.5,17.8125,สูงมาก
เชียงใหม่,กลางวัน (09:00-15:59),พฤหัสบดี,rainy,87,3.0,66.0,76.0,10.875,15.625,สูงมาก
เชียงใหม่,กลางวัน (09:00-15:59),พฤหัสบดี,summer,76,4.0,71.0,99.0,9.5,15.6875,สูงมาก
เชียงใหม่,กลางวัน (09:00-15:59),พฤหัสบดี,winter,94,9.0,68.0,109.0,11.75,18.5625,สูงมาก
เชียงใหม่,กลางวัน (09:00-15:59),พุธ,rainy,88,5.0,56.0,70.0,11.0,15.375,สูงมาก
เชียงใหม่,กลางวัน (09:00-15:59),พุธ,summer,70,7.0,57.0,76.0,8.75,13.5,สูงมาก
เชียงใหม่,กลางวัน (09:00-15:59),พุธ,winter,82,10.0,72.0,106.0,10.25,16.875,สูงมาก
เชียงใหม่,กลางวัน (09:00-15:59),ศุกร์,rainy,86,4.0,56.0,71.0,10.75,15.1875,สูงมาก
เชียงใหม่,กลางวัน (09:00-15:59),ศุกร์,summer,69,3.0,51.0,59.0,8.625,12.3125,สูงมาก
เชียงใหม่,กลางวัน (09:00-15:59),ศุกร์,winter,85,11.0,63.0,101.0,10.625,16.9375,สูงมาก
เชียงใหม่,กลางวัน (09:00-15:59),อังคาร,rainy,97,6.0,60.0,85.0,12.125,17.4375,สูงมาก
เชียงใหม่,กลางวัน (09:00-15:59),อังคาร,summer,73,7.0,64.0,92.0,9.125,14.875,สูงมาก
เชียงใหม่,กลางวัน (09:00-15:59),อังคาร,winter,73,7.0,65.0,91.0,9.125,14.8125,สูงมาก
เชียงใหม่,กลางวัน (09:00-15:59),อาทิตย์,rainy,92,11.0,69.0,113.0,11.5,18.5625,สูงมาก
เชียงใหม่,กลางวัน (09:00-15:59),อาทิตย์,summer,71,6.0,71.0,89.0,8.875,14.4375,สูงมาก
เชียงใหม่,กลางวัน (09:00-15:59),อาทิตย์,winter,74,7.0,92.0,120.0,9.25,16.75,สูงมาก
เชียงใหม่,กลางวัน (09:00-15:59),เสาร์,rainy,79,12.0,68.0,98.0,9.875,16.0,สูงมาก
เชียงใหม่,กลางวัน (09:00-15:59),เสาร์,summer,77,4.0,58.0,71.0,9.625,14.0625,สูงมาก
เชียงใหม่,กลางวัน (09:00-15:59),เสาร์,winter,84,9.0,85.0,127.0,10.5,18.4375,สูงมาก
เชียงใหม่,หัวค่ำ-ดึก (19:00-23:59),จันทร์,rainy,56,6.0,40.0,56.0,7.0,10.5,สูงมาก
เชียงใหม่,หัวค่ำ-ดึก (19:00-23:59),จันทร์,summer,54,8.0,37.0,75.0,6.75,11.4375,สูงมาก
เชียงใหม่,หัวค่ำ-ดึก (19:00-23:59),จันทร์,winter,53,3.0,29.0,42.0,6.625,9.25,สูงมาก
เชียงใหม่,หัวค่ำ-ดึก (19:00-23:59),พฤหัสบดี,rainy,58,5.0,39.0,52.0,7.25,10.5,สูงมาก
เชียงใหม่,หัวค่ำ-ดึก (19:00-23:59),พฤหัสบดี,summer,47,7.0,25.0,45.0,5.875,8.6875,สูงมาก
เชียงใหม่,หัวค่ำ-ดึก (19:00-23:59),พฤหัสบดี,winter,67,7.0,37.0,65.0,8.375,12.4375,สูงมาก
เชียงใหม่,หัวค่ำ-ดึก (19:00-23:59),พุธ,rainy,67,5.0,35.0,54.0,8.375,11.75,สูงมาก
เชียงใหม่,หัวค่ำ-ดึก (19:00-23:59),พุธ,summer,48,4.0,36.0,56.0,6.0,9.5,สูงมาก
เชียงใหม่,หัวค่ำ-ดึก (19:00-23:59),พุธ,winter,63,6.0,74.0,107.0,7.875,14.5625,สูงมาก
เชียงใหม่,หัวค่ำ-ดึก (19:00-23:59),ศุกร์,rainy,72,6.0,36.0,59.0,9.0,12.6875,สูงมาก
เชียงใหม่,หัวค่ำ-ดึก (19:00-23:59),ศุกร์,summer,56,8.0,33.0,56.0,7.0,10.5,สูงมาก
เชียงใหม่,หัวค่ำ-ดึก (19:00-23:59),ศุกร์,winter,65,10.0,56.0,96.0,8.125,14.125,สูงมาก
เชียงใหม่,หัวค่ำ-ดึก (19:00-23:59),อังคาร,rainy,64,9.0,48.0,79.0,8.0,12.9375,สูงมาก
เชียงใหม่,หัวค่ำ-ดึก (19:00-23:59),อังคาร,summer,70,3.0,53.0,67.0,8.75,12.9375,สูงมาก
เชียงใหม่,หัวค่ำ-ดึก (19:00-23:59),อังคาร,winter,67,13.0,49.0,92.0,8.375,14.125,สูงมาก
เชียงใหม่,หัวค่ำ-ดึก (19:00-23:59),อาทิตย์,rainy,54,7.0,43.0,74.0,6.75,11.375,สูงมาก
เชียงใหม่,หัวค่ำ-ดึก (19:00-23:59),อาทิตย์,summer,69,4.0,53.0,66.0,8.625,12.75,สูงมาก
เชียงใหม่,หัวค่ำ-ดึก (19:00-23:59),อาทิตย์,winter,73,9.0,75.0,114.0,9.125,16.25,สูงมาก
เชียงใหม่,หัวค่ำ-ดึก (19:00-23:59),เสาร์,rainy,74,7.0,49.0,74.0,9.25,13.875,สูงมาก
เชียงใหม่,หัวค่ำ-ดึก (19:00-23:59),เสาร์,summer,60,3.0,53.0,54.0,7.5,10.875,สูงมาก
เชียงใหม่,หัวค่ำ-ดึก (19:00-23:59),เสาร์,winter,75,14.0,56.0,109.0,9.375,16.1875,สูงมาก
เชียงใหม่,เร่งด่วนเช้า (06:00-08:59),จันทร์,rainy,30,3.0,26.0,37.0,3.75,6.0625,สูงมาก
เชียงใหม่,เร่งด่วนเช้า (06:00-08:59),จันทร์,summer,31,1.0,22.0,23.0,3.875,5.3125,สูงมาก
เชียงใหม่,เร่งด่วนเช้า (06:00-08:59),จันทร์,winter,35,6.0,34.0,54.0,4.375,7.75,สูงมาก
เชียงใหม่,เร่งด่วนเช้า (06:00-08:59),พฤหัสบดี,rainy,25,0.0,19.0,18.0,3.125,4.25,สูง
เชียงใหม่,เร่งด่วนเช้า (06:00-08:59),พฤหัสบดี,summer,26,3.0,17.0,27.0,3.25,4.9375,สูง
เชียงใหม่,เร่งด่วนเช้า (06:00-08:59),พฤหัสบดี,winter,27,1.0,20.0,31.0,3.375,5.3125,สูงมาก
เชียงใหม่,เร่งด่วนเช้า (06:00-08:59),พุธ,rainy,30,0.0,13.0,15.0,3.75,4.6875,สูง
เชียงใหม่,เร่งด่วนเช้า (06:00-08:59),พุธ,summer,26,0.0,21.0,21.0,3.25,4.5625,สูง
เชียงใหม่,เร่งด่วนเช้า (06:00-08:59),พุธ,winter,28,1.0,16.0,20.0,3.5,4.75,สูง
เชียงใหม่,เร่งด่วนเช้า (06:00-08:59),ศุกร์,rainy,26,3.0,12.0,20.0,3.25,4.5,สูง
เชียงใหม่,เร่งด่วนเช้า (06:00-08:59),ศุกร์,summer,22,5.0,28.0,45.0,2.75,5.5625,สูงมาก
เชียงใหม่,เร่งด่วนเช้า (06:00-08:59),ศุกร์,winter,27,1.0,19.0,24.0,3.375,4.875,สูง
เชียงใหม่,เร่งด่วนเช้า (06:00-08:59),อังคาร,rainy,41,1.0,20.0,24.0,5.125,6.625,สูงมาก
เชียงใหม่,เร่งด่วนเช้า (06:00-08:59),อังคาร,summer,20,0.0,18.0,21.0,2.5,3.8125,สูง
เชียงใหม่,เร่งด่วนเช้า (06:00-08:59),อังคาร,winter,33,1.0,28.0,32.0,4.125,6.125,สูงมาก
เชียงใหม่,เร่งด่วนเช้า (06:00-08:59),อาทิตย์,rainy,24,3.0,6.0,18.0,3.0,4.125,สูง
เชียงใหม่,เร่งด่วนเช้า (06:00-08:59),อาทิตย์,summer,21,1.0,12.0,17.0,2.625,3.6875,สูง
เชียงใหม่,เร่งด่วนเช้า (06:00-08:59),อาทิตย์,winter,23,1.0,17.0,19.0,2.875,4.0625,สูง
เชียงใหม่,เร่งด่วนเช้า (06:00-08:59),เสาร์,rainy,28,3.0,16.0,30.0,3.5,5.375,สูงมาก
เชียงใหม่,เร่งด่วนเช้า (06:00-08:59),เสาร์,summer,24,2.0,16.0,22.0,3.0,4.375,สูง
เชียงใหม่,เร่งด่วนเช้า (06:00-08:59),เสาร์,winter,26,4.0,17.0,31.0,3.25,5.1875,สูงมาก
เชียงใหม่,เร่งด่วนเย็น (16:00-18:59),จันทร์,rainy,55,3.0,48.0,61.0,6.875,10.6875,สูงมาก
เชียงใหม่,เร่งด่วนเย็น (16:00-18:59),จันทร์,summer,48,6.0,57.0,77.0,6.0,10.8125,สูงมาก
เชียงใหม่,เร่งด่วนเย็น (16:00-18:59),จันทร์,winter,41,3.0,34.0,40.0,5.125,7.625,สูงมาก
เชียงใหม่,เร่งด่วนเย็น (16:00-18:59),พฤหัสบดี,rainy,41,4.0,26.0,47.0,5.125,8.0625,สูงมาก
เชียงใหม่,เร่งด่วนเย็น (16:00-18:59),พฤหัสบดี,summer,47,9.0,48.0,87.0,5.875,11.3125,สูงมาก
เชียงใหม่,เร่งด่วนเย็น (16:00-18:59),พฤหัสบดี,winter,50,4.0,42.0,71.0,6.25,10.6875,สูงมาก
เชียงใหม่,เร่งด่วนเย็น (16:00-18:59),พุธ,rainy,41,5.0,29.0,46.0,5.125,8.0,สูงมาก
เชียงใหม่,เร่งด่วนเย็น (16:00-18:59),พุธ,summer,44,5.0,33.0,48.0,5.5,8.5,สูงมาก
เชียงใหม่,เร่งด่วนเย็น (16:00-18:59),พุธ,winter,41,4.0,35.0,54.0,5.125,8.5,สูงมาก
เชียงใหม่,เร่งด่วนเย็น (16:00-18:59),ศุกร์,rainy,49,5.0,63.0,79.0,6.125,11.0625,สูงมาก
เชียงใหม่,เร่งด่วนเย็น (16:00-18:59),ศุกร์,summer,49,3.0,40.0,54.0,6.125,9.5,สูงมาก
เชียงใหม่,เร่งด่วนเย็น (16:00-18:59),ศุกร์,winter,46,7.0,35.0,61.0,5.75,9.5625,สูงมาก
เชียงใหม่,เร่งด่วนเย็น (16:00-18:59),อังคาร,rainy,45,1.0,33.0,37.0,5.625,7.9375,สูงมาก
เชียงใหม่,เร่งด่วนเย็น (16:00-18:59),อังคาร,summer,41,0.0,25.0,29.0,5.125,6.9375,สูงมาก
เชียงใหม่,เร่งด่วนเย็น (16:00-18:59),อังคาร,winter,46,5.0,42.0,49.0,5.75,8.8125,สูงมาก
เชียงใหม่,เร่งด่วนเย็น (16:00-18:59),อาทิตย์,rainy,37,6.0,25.0,45.0,4.625,7.4375,สูงมาก
เชียงใหม่,เร่งด่วนเย็น (16:00-18:59),อาทิตย์,summer,36,5.0,25.0,45.0,4.5,7.3125,สูงมาก
เชียงใหม่,เร่งด่วนเย็น (16:00-18:59),อาทิตย์,winter,49,2.0,43.0,51.0,6.125,9.3125,สูงมาก
เชียงใหม่,เร่งด่วนเย็น (16:00-18:59),เสาร์,rainy,53,6.0,38.0,53.0,6.625,9.9375,สูงมาก
เชียงใหม่,เร่งด่วนเย็น (16:00-18:59),เสาร์,summer,38,1.0,56.0,57.0,4.75,8.3125,สูงมาก
เชียงใหม่,เร่งด่วนเย็น (16:00-18:59),เสาร์,winter,34,2.0,49.0,65.0,4.25,8.3125,สูงมาก
เพชรบุรี,กลางดึก (00:00-05:59),จันทร์,rainy,21,6.0,13.0,31.0,2.625,4.5625,สูง
เพชรบุรี,กลางดึก (00:00-05:59),จันทร์,summer,16,4.0,6.0,19.0,2.0,3.1875,สูง
เพชรบุรี,กลางดึก (00:00-05:59),จันทร์,winter,16,3.0,9.0,17.0,2.0,3.0625,สูง
เพชรบุรี,กลางดึก (00:00-05:59),พฤหัสบดี,rainy,23,3.0,16.0,26.0,2.875,4.5,สูง
เพชรบุรี,กลางดึก (00:00-05:59),พฤหัสบดี,summer,12,3.0,8.0,19.0,1.5,2.6875,ปานกลาง
เพชรบุรี,กลางดึก (00:00-05:59),พฤหัสบดี,winter,10,1.0,10.0,17.0,1.25,2.3125,ปานกลาง
เพชรบุรี,กลางดึก (00:00-05:59),พุธ,rainy,15,4.0,7.0,19.0,1.875,3.0625,สูง
เพชรบุรี,กลางดึก (00:00-05:59),พุธ,summer,15,1.0,12.0,14.0,1.875,2.75,ปานกลาง
เพชรบุรี,กลางดึก (00:00-05:59),พุธ,winter,22,3.0,14.0,23.0,2.75,4.1875,สูง
เพชรบุรี,กลางดึก (00:00-05:59),ศุกร์,rainy,18,2.0,40.0,48.0,2.25,5.25,สูงมาก
เพชรบุรี,กลางดึก (00:00-05:59),ศุกร์,summer,14,1.0,21.0,26.0,1.75,3.375,สูง
เพชรบุรี,กลางดึก (00:00-05:59),ศุกร์,winter,24,4.0,29.0,38.0,3.0,5.375,สูงมาก
เพชรบุรี,กลางดึก (00:00-05:59),อังคาร,rainy,17,4.0,11.0,27.0,2.125,3.8125,สูง
เพชรบุรี,กลางดึก (00:00-05:59),อังคาร,summer,10,2.0,3.0,9.0,1.25,1.8125,ปานกลาง
เพชรบุรี,กลางดึก (00:00-05:59),อังคาร,winter,13,3.0,30.0,36.0,1.625,3.875,สูง
เพชรบุรี,กลางดึก (00:00-05:59),อาทิตย์,rainy,16,3.0,8.0,18.0,2.0,3.125,สูง
เพชรบุรี,กลางดึก (00:00-05:59),อาทิตย์,summer,13,4.0,20.0,23.0,1.625,3.0625,สูง
เพชรบุรี,กลางดึก (00:00-05:59),อาทิตย์,winter,20,6.0,10.0,28.0,2.5,4.25,สูง
เพชรบุรี,กลางดึก (00:00-05:59),เสาร์,rainy,14,5.0,9.0,24.0,1.75,3.25,สูง
เพชรบุรี,กลางดึก (00:00-05:59),เสาร์,summer,15,0.0,5.0,5.0,1.875,2.1875,ปานกลาง
เพชรบุรี,กลางดึก (00:00-05:59),เสาร์,winter,13,1.0,9.0,10.0,1.625,2.25,ปานกลาง
เพชรบุรี,กลางวัน (09:00-15:59),จันทร์,rainy,40,1.0,29.0,35.0,5.0,7.1875,สูงมาก
เพชรบุรี,กลางวัน (09:00-15:59),จันทร์,summer,32,3.0,24.0,35.0,4.0,6.1875,สูงมาก
เพชรบุรี,กลางวัน (09:00-15:59),จันทร์,winter,32,7.0,25.0,45.0,4.0,6.8125,สูงมาก
เพชรบุรี,กลางวัน (09:00-15:59),พฤหัสบดี,rainy,33,0.0,10.0,9.0,4.125,4.6875,สูง
เพชรบุรี,กลางวัน (09:00-15:59),พฤหัสบดี,summer,34,5.0,12.0,30.0,4.25,6.125,สูงมาก
เพชรบุรี,กลางวัน (09:00-15:59),พฤหัสบดี,winter,29,3.0,12.0,24.0,3.625,5.125,สูงมาก
เพชรบุรี,กลางวัน (09:00-15:59),พุธ,rainy,43,2.0,28.0,39.0,5.375,7.8125,สูงมาก
เพชรบุรี,กลางวัน (09:00-15:59),พุธ,summer,37,2.0,19.0,22.0,4.625,6.0,สูงมาก
เพชรบุรี,กลางวัน (09:00-15:59),พุธ,winter,40,5.0,19.0,29.0,5.0,6.8125,สูงมาก
เพชรบุรี,กลางวัน (09:00-15:59),ศุกร์,rainy,30,2.0,22.0,32.0,3.75,5.75,สูงมาก
เพชรบุรี,กลางวัน (09:00-15:59),ศุกร์,summer,28,4.0,17.0,31.0,3.5,5.4375,สูงมาก
เพชรบุรี,กลางวัน (09:00-15:59),ศุกร์,winter,34,1.0,29.0,31.0,4.25,6.1875,สูงมาก
เพชรบุรี,กลางวัน (09:00-15:59),อังคาร,rainy,37,0.0,31.0,38.0,4.625,7.0,สูงมาก
เพชรบุรี,กลางวัน (09:00-15:59),อังคาร,summer,30,2.0,23.0,30.0,3.75,5.625,สูงมาก
เพชรบุรี,กลางวัน (09:00-15:59),อังคาร,winter,43,0.0,21.0,25.0,5.375,6.9375,สูงมาก
เพชรบุรี,กลางวัน (09:00-15:59),อาทิตย์,rainy,34,2.0,21.0,26.0,4.25,5.875,สูงมาก
เพชรบุรี,กลางวัน (09:00-15:59),อาทิตย์,summer,35,2.0,32.0,41.0,4.375,6.9375,สูงมาก
เพชรบุรี,กลางวัน (09:00-15:59),อาทิตย์,winter,46,4.0,31.0,44.0,5.75,8.5,สูงมาก
เพชรบุรี,กลางวัน (09:00-15:59),เสาร์,rainy,32,4.0,16.0,28.0,4.0,5.75,สูงมาก
เพชรบุรี,กลางวัน (09:00-15:59),เสาร์,summer,26,4.0,24.0,40.0,3.25,5.75,สูงมาก
เพชรบุรี,กลางวัน (09:00-15:59),เสาร์,winter,42,7.0,35.0,57.0,5.25,8.8125,สูงมาก
เพชรบุรี,หัวค่ำ-ดึก (19:00-23:59),จันทร์,rainy,16,9.0,5.0,34.0,2.0,4.125,สูง
เพชรบุรี,หัวค่ำ-ดึก (19:00-23:59),จันทร์,summer,12,5.0,5.0,20.0,1.5,2.75,ปานกลาง
เพชรบุรี,หัวค่ำ-ดึก (19:00-23:59),จันทร์,winter,11,2.0,4.0,12.0,1.375,2.125,ปานกลาง
เพชรบุรี,หัวค่ำ-ดึก (19:00-23:59),พฤหัสบดี,rainy,9,0.0,2.0,2.0,1.125,1.25,ต่ำ
เพชรบุรี,หัวค่ำ-ดึก (19:00-23:59),พฤหัสบดี,summer,10,2.0,8.0,15.0,1.25,2.1875,ปานกลาง
เพชรบุรี,หัวค่ำ-ดึก (19:00-23:59),พฤหัสบดี,winter,15,2.0,9.0,16.0,1.875,2.875,ปานกลาง
เพชรบุรี,หัวค่ำ-ดึก (19:00-23:59),พุธ,rainy,8,0.0,3.0,4.0,1.0,1.25,ต่ำ
เพชรบุรี,หัวค่ำ-ดึก (19:00-23:59),พุธ,summer,10,4.0,3.0,15.0,1.25,2.1875,ปานกลาง
เพชรบุรี,หัวค่ำ-ดึก (19:00-23:59),พุธ,winter,15,6.0,11.0,32.0,1.875,3.875,สูง
เพชรบุรี,หัวค่ำ-ดึก (19:00-23:59),ศุกร์,rainy,14,4.0,11.0,24.0,1.75,3.25,สูง
เพชรบุรี,หัวค่ำ-ดึก (19:00-23:59),ศุกร์,summer,13,0.0,12.0,10.0,1.625,2.25,ปานกลาง
เพชรบุรี,หัวค่ำ-ดึก (19:00-23:59),ศุกร์,winter,9,1.0,10.0,15.0,1.125,2.0625,ปานกลาง
เพชรบุรี,หัวค่ำ-ดึก (19:00-23:59),อังคาร,rainy,10,2.0,16.0,22.0,1.25,2.625,ปานกลาง
เพชรบุรี,หัวค่ำ-ดึก (19:00-23:59),อังคาร,summer,13,4.0,8.0,20.0,1.625,2.875,ปานกลาง
เพชรบุรี,หัวค่ำ-ดึก (19:00-23:59),อังคาร,winter,13,2.0,6.0,9.0,1.625,2.1875,ปานกลาง
เพชรบุรี,หัวค่ำ-ดึก (19:00-23:59),อาทิตย์,rainy,12,3.0,8.0,18.0,1.5,2.625,ปานกลาง
เพชรบุรี,หัวค่ำ-ดึก (19:00-23:59),อาทิตย์,summer,15,3.0,11.0,23.0,1.875,3.3125,สูง
เพชรบุรี,หัวค่ำ-ดึก (19:00-23:59),อาทิตย์,winter,16,7.0,12.0,41.0,2.0,4.5625,สูง
เพชรบุรี,หัวค่ำ-ดึก (19:00-23:59),เสาร์,rainy,7,0.0,8.0,8.0,0.875,1.375,ต่ำ
เพชรบุรี,หัวค่ำ-ดึก (19:00-23:59),เสาร์,summer,13,0.0,9.0,8.0,1.625,2.125,ปานกลาง
เพชรบุรี,หัวค่ำ-ดึก (19:00-23:59),เสาร์,winter,19,4.0,13.0,23.0,2.375,3.8125,สูง
เพชรบุรี,เร่งด่วนเช้า (06:00-08:59),จันทร์,rainy,19,2.0,10.0,18.0,2.375,3.5,สูง
เพชรบุรี,เร่งด่วนเช้า (06:00-08:59),จันทร์,summer,14,2.0,5.0,12.0,1.75,2.5,ปานกลาง
เพชรบุรี,เร่งด่วนเช้า (06:00-08:59),จันทร์,winter,13,2.0,7.0,13.0,1.625,2.4375,ปานกลาง
เพชรบุรี,เร่งด่วนเช้า (06:00-08:59),พฤหัสบดี,rainy,15,2.0,7.0,16.0,1.875,2.875,ปานกลาง
เพชรบุรี,เร่งด่วนเช้า (06:00-08:59),พฤหัสบดี,summer,12,4.0,7.0,19.0,1.5,2.6875,ปานกลาง
เพชรบุรี,เร่งด่วนเช้า (06:00-08:59),พฤหัสบดี,winter,12,0.0,9.0,11.0,1.5,2.1875,ปานกลาง
เพชรบุรี,เร่งด่วนเช้า (06:00-08:59),พุธ,rainy,13,4.0,9.0,22.0,1.625,3.0,สูง
เพชรบุรี,เร่งด่วนเช้า (06:00-08:59),พุธ,summer,9,0.0,5.0,4.0,1.125,1.375,ต่ำ
เพชรบุรี,เร่งด่วนเช้า (06:00-08:59),พุธ,winter,7,0.0,8.0,10.0,0.875,1.5,ต่ำ
เพชรบุรี,เร่งด่วนเช้า (06:00-08:59),ศุกร์,rainy,17,2.0,6.0,15.0,2.125,3.0625,สูง
เพชรบุรี,เร่งด่วนเช้า (06:00-08:59),ศุกร์,summer,7,3.0,5.0,14.0,0.875,1.75,ปานกลาง
เพชรบุรี,เร่งด่วนเช้า (06:00-08:59),ศุกร์,winter,8,1.0,8.0,13.0,1.0,1.8125,ปานกลาง
เพชรบุรี,เร่งด่วนเช้า (06:00-08:59),อังคาร,rainy,13,2.0,12.0,24.0,1.625,3.125,สูง
เพชรบุรี,เร่งด่วนเช้า (06:00-08:59),อังคาร,summer,12,0.0,4.0,4.0,1.5,1.75,ปานกลาง
เพชรบุรี,เร่งด่วนเช้า (06:00-08:59),อังคาร,winter,28,1.0,25.0,33.0,3.5,5.5625,สูงมาก
เพชรบุรี,เร่งด่วนเช้า (06:00-08:59),อาทิตย์,rainy,19,5.0,17.0,34.0,2.375,4.5,สูง
เพชรบุรี,เร่งด่วนเช้า (06:00-08:59),อาทิตย์,summer,9,1.0,3.0,7.0,1.125,1.5625,ต่ำ
เพชรบุรี,เร่งด่วนเช้า (06:00-08:59),อาทิตย์,winter,10,2.0,9.0,18.0,1.25,2.375,ปานกลาง
เพชรบุรี,เร่งด่วนเช้า (06:00-08:59),เสาร์,rainy,15,4.0,21.0,40.0,1.875,4.375,สูง
เพชรบุรี,เร่งด่วนเช้า (06:00-08:59),เสาร์,summer,19,2.0,18.0,20.0,2.375,3.625,สูง
เพชรบุรี,เร่งด่วนเช้า (06:00-08:59),เสาร์,winter,12,3.0,7.0,18.0,1.5,2.625,ปานกลาง
เพชรบุรี,เร่งด่วนเย็น (16:00-18:59),จันทร์,rainy,11,0.0,17.0,15.0,1.375,2.3125,ปานกลาง
เพชรบุรี,เร่งด่วนเย็น (16:00-18:59),จันทร์,summer,5,0.0,1.0,1.0,0.625,0.6875,ต่ำ
เพชรบุรี,เร่งด่วนเย็น (16:00-18:59),จันทร์,winter,9,3.0,10.0,17.0,1.125,2.1875,ปานกลาง
เพชรบุรี,เร่งด่วนเย็น (16:00-18:59),พฤหัสบดี,rainy,17,2.0,6.0,9.0,2.125,2.6875,ปานกลาง
เพชรบุรี,เร่งด่วนเย็น (16:00-18:59),พฤหัสบดี,summer,15,2.0,5.0,11.0,1.875,2.5625,ปานกลาง
เพชรบุรี,เร่งด่วนเย็น (16:00-18:59),พฤหัสบดี,winter,12,0.0,9.0,10.0,1.5,2.125,ปานกลาง
เพชรบุรี,เร่งด่วนเย็น (16:00-18:59),พุธ,rainy,17,2.0,15.0,19.0,2.125,3.3125,สูง
เพชรบุรี,เร่งด่วนเย็น (16:00-18:59),พุธ,summer,13,3.0,4.0,13.0,1.625,2.4375,ปานกลาง
เพชรบุรี,เร่งด่วนเย็น (16:00-18:59),พุธ,winter,16,1.0,10.0,13.0,2.0,2.8125,ปานกลาง
เพชรบุรี,เร่งด่วนเย็น (16:00-18:59),ศุกร์,rainy,15,1.0,13.0,15.0,1.875,2.8125,ปานกลาง
เพชรบุรี,เร่งด่วนเย็น (16:00-18:59),ศุกร์,summer,10,2.0,14.0,19.0,1.25,2.4375,ปานกลาง
เพชรบุรี,เร่งด่วนเย็น (16:00-18:59),ศุกร์,winter,11,0.0,9.0,8.0,1.375,1.875,ปานกลาง
เพชรบุรี,เร่งด่วนเย็น (16:00-18:59),อังคาร,rainy,7,1.0,2.0,5.0,0.875,1.1875,ต่ำ
เพชรบุรี,เร่งด่วนเย็น (16:00-18:59),อังคาร,summer,10,1.0,3.0,7.0,1.25,1.6875,ปานกลาง
เพชรบุรี,เร่งด่วนเย็น (16:00-18:59),อังคาร,winter,13,1.0,4.0,7.0,1.625,2.0625,ปานกลาง
เพชรบุรี,เร่งด่วนเย็น (16:00-18:59),อาทิตย์,rainy,14,2.0,15.0,21.0,1.75,3.0625,สูง
เพชรบุรี,เร่งด่วนเย็น (16:00-18:59),อาทิตย์,summer,14,2.0,7.0,14.0,1.75,2.625,ปานกลาง
เพชรบุรี,เร่งด่วนเย็น (16:00-18:59),อาทิตย์,winter,10,4.0,6.0,21.0,1.25,2.5625,ปานกลาง
เพชรบุรี,เร่งด่วนเย็น (16:00-18:59),เสาร์,rainy,11,1.0,10.0,14.0,1.375,2.25,ปานกลาง
เพชรบุรี,เร่งด่วนเย็น (16:00-18:59),เสาร์,summer,9,3.0,5.0,16.0,1.125,2.125,ปานกลาง
เพชรบุรี,เร่งด่วนเย็น (16:00-18:59),เสาร์,winter,15,4.0,17.0,32.0,1.875,3.875,สูง
เพชรบูรณ์,กลางดึก (00:00-05:59),จันทร์,rainy,31,8.0,25.0,41.0,3.875,6.4375,สูงมาก
เพชรบูรณ์,กลางดึก (00:00-05:59),จันทร์,summer,16,3.0,14.0,17.0,2.0,3.0625,สูง
เพชรบูรณ์,กลางดึก (00:00-05:59),จันทร์,winter,19,5.0,10.0,24.0,2.375,3.875,สูง
เพชรบูรณ์,กลางดึก (00:00-05:59),พฤหัสบดี,rainy,16,2.0,11.0,16.0,2.0,3.0,สูง
เพชรบูรณ์,กลางดึก (00:00-05:59),พฤหัสบดี,summer,20,5.0,15.0,28.0,2.5,4.25,สูง
เพชรบูรณ์,กลางดึก (00:00-05:59),พฤหัสบดี,winter,21,5.0,27.0,39.0,2.625,5.0625,สูงมาก
เพชรบูรณ์,กลางดึก (00:00-05:59),พุธ,rainy,27,5.0,19.0,33.0,3.375,5.4375,สูงมาก
เพชรบูรณ์,กลางดึก (00:00-05:59),พุธ,summer,10,1.0,14.0,16.0,1.25,2.25,ปานกลาง
เพชรบูรณ์,กลางดึก (00:00-05:59),พุธ,winter,25,3.0,29.0,41.0,3.125,5.6875,สูงมาก
เพชรบูรณ์,กลางดึก (00:00-05:59),ศุกร์,rainy,22,1.0,12.0,15.0,2.75,3.6875,สูง
เพชรบูรณ์,กลางดึก (00:00-05:59),ศุกร์,summer,13,0.0,10.0,9.0,1.625,2.1875,ปานกลาง
เพชรบูรณ์,กลางดึก (00:00-05:59),ศุกร์,winter,27,1.0,24.0,28.0,3.375,5.125,สูงมาก
เพชรบูรณ์,กลางดึก (00:00-05:59),อังคาร,rainy,26,2.0,16.0,20.0,3.25,4.5,สูง
เพชรบูรณ์,กลางดึก (00:00-05:59),อังคาร,summer,12,1.0,7.0,10.0,1.5,2.125,ปานกลาง
เพชรบูรณ์,กลางดึก (00:00-05:59),อังคาร,winter,18,2.0,17.0,19.0,2.25,3.4375,สูง
เพชรบูรณ์,กลางดึก (00:00-05:59),อาทิตย์,rainy,31,3.0,42.0,54.0,3.875,7.25,สูงมาก
เพชรบูรณ์,กลางดึก (00:00-05:59),อาทิตย์,summer,25,4.0,41.0,54.0,3.125,6.5,สูงมาก
เพชรบูรณ์,กลางดึก (00:00-05:59),อาทิตย์,winter,29,5.0,34.0,43.0,3.625,6.3125,สูงมาก
เพชรบูรณ์,กลางดึก (00:00-05:59),เสาร์,rainy,18,2.0,8.0,15.0,2.25,3.1875,สูง
เพชรบูรณ์,กลางดึก (00:00-05:59),เสาร์,summer,24,5.0,16.0,32.0,3.0,5.0,สูง
เพชรบูรณ์,กลางดึก (00:00-05:59),เสาร์,winter,21,2.0,19.0,26.0,2.625,4.25,สูง
เพชรบูรณ์,กลางวัน (09:00-15:59),จันทร์,rainy,53,8.0,44.0,66.0,6.625,10.75,สูงมาก
เพชรบูรณ์,กลางวัน (09:00-15:59),จันทร์,summer,49,8.0,42.0,56.0,6.125,9.625,สูงมาก
เพชรบูรณ์,กลางวัน (09:00-15:59),จันทร์,winter,64,7.0,55.0,85.0,8.0,13.3125,สูงมาก
เพชรบูรณ์,กลางวัน (09:00-15:59),พฤหัสบดี,rainy,53,6.0,50.0,76.0,6.625,11.375,สูงมาก
เพชรบูรณ์,กลางวัน (09:00-15:59),พฤหัสบดี,summer,34,4.0,26.0,31.0,4.25,6.1875,สูงมาก
เพชรบูรณ์,กลางวัน (09:00-15:59),พฤหัสบดี,winter,65,5.0,66.0,80.0,8.125,13.125,สูงมาก
เพชรบูรณ์,กลางวัน (09:00-15:59),พุธ,rainy,61,12.0,67.0,100.0,7.625,13.875,สูงมาก
เพชรบูรณ์,กลางวัน (09:00-15:59),พุธ,summer,41,6.0,26.0,40.0,5.125,7.625,สูงมาก
เพชรบูรณ์,กลางวัน (09:00-15:59),พุธ,winter,60,8.0,65.0,91.0,7.5,13.1875,สูงมาก
เพชรบูรณ์,กลางวัน (09:00-15:59),ศุกร์,rainy,71,6.0,64.0,85.0,8.875,14.1875,สูงมาก
เพชรบูรณ์,กลางวัน (09:00-15:59),ศุกร์,summer,49,2.0,50.0,60.0,6.125,9.875,สูงมาก
เพชรบูรณ์,กลางวัน (09:00-15:59),ศุกร์,winter,64,5.0,80.0,98.0,8.0,14.125,สูงมาก
เพชรบูรณ์,กลางวัน (09:00-15:59),อังคาร,rainy,67,8.0,51.0,72.0,8.375,12.875,สูงมาก
เพชรบูรณ์,กลางวัน (09:00-15:59),อังคาร,summer,44,6.0,63.0,88.0,5.5,11.0,สูงมาก
เพชรบูรณ์,กลางวัน (09:00-15:59),อังคาร,winter,52,7.0,46.0,65.0,6.5,10.5625,สูงมาก
เพชรบูรณ์,กลางวัน (09:00-15:59),อาทิตย์,rainy,66,8.0,76.0,88.0,8.25,13.75,สูงมาก
เพชรบูรณ์,กลางวัน (09:00-15:59),อาทิตย์,summer,57,4.0,51.0,59.0,7.125,10.8125,สูงมาก
เพชรบูรณ์,กลางวัน (09:00-15:59),อาทิตย์,winter,83,11.0,152.0,186.0,10.375,22.0,สูงมาก
เพชรบูรณ์,กลางวัน (09:00-15:59),เสาร์,rainy,44,4.0,43.0,54.0,5.5,8.875,สูงมาก
เพชรบูรณ์,กลางวัน (09:00-15:59),เสาร์,summer,59,8.0,57.0,67.0,7.375,11.5625,สูงมาก
เพชรบูรณ์,กลางวัน (09:00-15:59),เสาร์,winter,62,12.0,74.0,112.0,7.75,14.75,สูงมาก
เพชรบูรณ์,หัวค่ำ-ดึก (19:00-23:59),จันทร์,rainy,36,6.0,25.0,42.0,4.5,7.125,สูงมาก
เพชรบูรณ์,หัวค่ำ-ดึก (19:00-23:59),จันทร์,summer,27,5.0,22.0,37.0,3.375,5.6875,สูงมาก
เพชรบูรณ์,หัวค่ำ-ดึก (19:00-23:59),จันทร์,winter,27,2.0,28.0,33.0,3.375,5.4375,สูงมาก
เพชรบูรณ์,หัวค่ำ-ดึก (19:00-23:59),พฤหัสบดี,rainy,18,4.0,13.0,22.0,2.25,3.625,สูง
เพชรบูรณ์,หัวค่ำ-ดึก (19:00-23:59),พฤหัสบดี,summer,32,7.0,29.0,51.0,4.0,7.1875,สูงมาก
เพชรบูรณ์,หัวค่ำ-ดึก (19:00-23:59),พฤหัสบดี,winter,31,2.0,33.0,36.0,3.875,6.125,สูงมาก
เพชรบูรณ์,หัวค่ำ-ดึก (19:00-23:59),พุธ,rainy,34,6.0,21.0,39.0,4.25,6.6875,สูงมาก
เพชรบูรณ์,หัวค่ำ-ดึก (19:00-23:59),พุธ,summer,23,5.0,14.0,31.0,2.875,4.8125,สูง
เพชรบูรณ์,หัวค่ำ-ดึก (19:00-23:59),พุธ,winter,29,10.0,17.0,48.0,3.625,6.625,สูงมาก
เพชรบูรณ์,หัวค่ำ-ดึก (19:00-23:59),ศุกร์,rainy,33,5.0,18.0,32.0,4.125,6.125,สูงมาก
เพชรบูรณ์,หัวค่ำ-ดึก (19:00-23:59),ศุกร์,summer,26,1.0,21.0,20.0,3.25,4.5,สูง
เพชรบูรณ์,หัวค่ำ-ดึก (19:00-23:59),ศุกร์,winter,34,13.0,22.0,65.0,4.25,8.3125,สูงมาก
เพชรบูรณ์,หัวค่ำ-ดึก (19:00-23:59),อังคาร,rainy,30,5.0,27.0,36.0,3.75,6.0,สูงมาก
เพชรบูรณ์,หัวค่ำ-ดึก (19:00-23:59),อังคาร,summer,25,3.0,11.0,22.0,3.125,4.5,สูง
เพชรบูรณ์,หัวค่ำ-ดึก (19:00-23:59),อังคาร,winter,34,8.0,29.0,45.0,4.25,7.0625,สูงมาก
เพชรบูรณ์,หัวค่ำ-ดึก (19:00-23:59),อาทิตย์,rainy,31,10.0,15.0,48.0,3.875,6.875,สูงมาก
เพชรบูรณ์,หัวค่ำ-ดึก (19:00-23:59),อาทิตย์,summer,23,6.0,21.0,35.0,2.875,5.0625,สูงมาก
เพชรบูรณ์,หัวค่ำ-ดึก (19:00-23:59),อาทิตย์,winter,30,10.0,25.0,55.0,3.75,7.1875,สูงมาก
เพชรบูรณ์,หัวค่ำ-ดึก (19:00-23:59),เสาร์,rainy,32,7.0,30.0,50.0,4.0,7.125,สูงมาก
เพชรบูรณ์,หัวค่ำ-ดึก (19:00-23:59),เสาร์,summer,23,9.0,25.0,51.0,2.875,6.0625,สูงมาก
เพชรบูรณ์,หัวค่ำ-ดึก (19:00-23:59),เสาร์,winter,35,3.0,44.0,46.0,4.375,7.25,สูงมาก
เพชรบูรณ์,เร่งด่วนเช้า (06:00-08:59),จันทร์,rainy,20,2.0,26.0,35.0,2.5,4.6875,สูง
เพชรบูรณ์,เร่งด่วนเช้า (06:00-08:59),จันทร์,summer,7,1.0,5.0,7.0,0.875,1.3125,ต่ำ
เพชรบูรณ์,เร่งด่วนเช้า (06:00-08:59),จันทร์,winter,15,1.0,13.0,15.0,1.875,2.8125,ปานกลาง
เพชรบูรณ์,เร่งด่วนเช้า (06:00-08:59),พฤหัสบดี,rainy,22,1.0,22.0,24.0,2.75,4.25,สูง
เพชรบูรณ์,เร่งด่วนเช้า (06:00-08:59),พฤหัสบดี,summer,14,1.0,20.0,25.0,1.75,3.3125,สูง
เพชรบูรณ์,เร่งด่วนเช้า (06:00-08:59),พฤหัสบดี,winter,13,2.0,14.0,21.0,1.625,2.9375,สูง
เพชรบูรณ์,เร่งด่วนเช้า (06:00-08:59),พุธ,rainy,17,0.0,15.0,13.0,2.125,2.9375,สูง
เพชรบูรณ์,เร่งด่วนเช้า (06:00-08:59),พุธ,summer,12,1.0,15.0,18.0,1.5,2.625,ปานกลาง
เพชรบูรณ์,เร่งด่วนเช้า (06:00-08:59),พุธ,winter,15,2.0,18.0,23.0,1.875,3.3125,สูง
เพชรบูรณ์,เร่งด่วนเช้า (06:00-08:59),ศุกร์,rainy,21,1.0,12.0,17.0,2.625,3.6875,สูง
เพชรบูรณ์,เร่งด่วนเช้า (06:00-08:59),ศุกร์,summer,10,1.0,9.0,12.0,1.25,2.0,ปานกลาง
เพชรบูรณ์,เร่งด่วนเช้า (06:00-08:59),ศุกร์,winter,18,3.0,16.0,25.0,2.25,3.8125,สูง
เพชรบูรณ์,เร่งด่วนเช้า (06:00-08:59),อังคาร,rainy,19,3.0,11.0,20.0,2.375,3.625,สูง
เพชรบูรณ์,เร่งด่วนเช้า (06:00-08:59),อังคาร,summer,10,0.0,16.0,6.0,1.25,1.625,ปานกลาง
เพชรบูรณ์,เร่งด่วนเช้า (06:00-08:59),อังคาร,winter,14,2.0,12.0,13.0,1.75,2.5625,ปานกลาง
เพชรบูรณ์,เร่งด่วนเช้า (06:00-08:59),อาทิตย์,rainy,16,4.0,14.0,20.0,2.0,3.25,สูง
เพชรบูรณ์,เร่งด่วนเช้า (06:00-08:59),อาทิตย์,summer,8,0.0,6.0,3.0,1.0,1.1875,ต่ำ
เพชรบูรณ์,เร่งด่วนเช้า (06:00-08:59),อาทิตย์,winter,19,3.0,19.0,24.0,2.375,3.875,สูง
เพชรบูรณ์,เร่งด่วนเช้า (06:00-08:59),เสาร์,rainy,22,2.0,25.0,29.0,2.75,4.5625,สูง
เพชรบูรณ์,เร่งด่วนเช้า (06:00-08:59),เสาร์,summer,6,0.0,11.0,12.0,0.75,1.5,ต่ำ
เพชรบูรณ์,เร่งด่วนเช้า (06:00-08:59),เสาร์,winter,16,2.0,33.0,41.0,2.0,4.5625,สูง
เพชรบูรณ์,เร่งด่วนเย็น (16:00-18:59),จันทร์,rainy,26,4.0,26.0,38.0,3.25,5.625,สูงมาก
เพชรบูรณ์,เร่งด่วนเย็น (16:00-18:59),จันทร์,summer,24,1.0,23.0,22.0,3.0,4.375,สูง
เพชรบูรณ์,เร่งด่วนเย็น (16:00-18:59),จันทร์,winter,30,2.0,29.0,30.0,3.75,5.625,สูงมาก
เพชรบูรณ์,เร่งด่วนเย็น (16:00-18:59),พฤหัสบดี,rainy,21,3.0,18.0,27.0,2.625,4.3125,สูง
เพชรบูรณ์,เร่งด่วนเย็น (16:00-18:59),พฤหัสบดี,summer,13,1.0,19.0,24.0,1.625,3.125,สูง
เพชรบูรณ์,เร่งด่วนเย็น (16:00-18:59),พฤหัสบดี,winter,35,5.0,30.0,42.0,4.375,7.0,สูงมาก
เพชรบูรณ์,เร่งด่วนเย็น (16:00-18:59),พุธ,rainy,31,3.0,27.0,34.0,3.875,6.0,สูงมาก
เพชรบูรณ์,เร่งด่วนเย็น (16:00-18:59),พุธ,summer,25,5.0,34.0,54.0,3.125,6.5,สูงมาก
เพชรบูรณ์,เร่งด่วนเย็น (16:00-18:59),พุธ,winter,34,3.0,52.0,63.0,4.25,8.1875,สูงมาก
เพชรบูรณ์,เร่งด่วนเย็น (16:00-18:59),ศุกร์,rainy,39,5.0,36.0,53.0,4.875,8.1875,สูงมาก
เพชรบูรณ์,เร่งด่วนเย็น (16:00-18:59),ศุกร์,summer,26,3.0,24.0,33.0,3.25,5.3125,สูงมาก
เพชรบูรณ์,เร่งด่วนเย็น (16:00-18:59),ศุกร์,winter,34,6.0,20.0,35.0,4.25,6.4375,สูงมาก
เพชรบูรณ์,เร่งด่วนเย็น (16:00-18:59),อังคาร,rainy,38,4.0,46.0,60.0,4.75,8.5,สูงมาก
เพชรบูรณ์,เร่งด่วนเย็น (16:00-18:59),อังคาร,summer,21,2.0,14.0,21.0,2.625,3.9375,สูง
เพชรบูรณ์,เร่งด่วนเย็น (16:00-18:59),อังคาร,winter,33,4.0,31.0,43.0,4.125,6.8125,สูงมาก
เพชรบูรณ์,เร่งด่วนเย็น (16:00-18:59),อาทิตย์,rainy,34,2.0,25.0,29.0,4.25,6.0625,สูงมาก
เพชรบูรณ์,เร่งด่วนเย็น (16:00-18:59),อาทิตย์,summer,28,4.0,27.0,43.0,3.5,6.1875,สูงมาก
เพชรบูรณ์,เร่งด่วนเย็น (16:00-18:59),อาทิตย์,winter,46,11.0,69.0,90.0,5.75,11.375,สูงมาก
เพชรบูรณ์,เร่งด่วนเย็น (16:00-18:59),เสาร์,rainy,27,4.0,25.0,33.0,3.375,5.4375,สูงมาก
เพชรบูรณ์,เร่งด่วนเย็น (16:00-18:59),เสาร์,summer,20,2.0,14.0,20.0,2.5,3.75,สูง
เพชรบูรณ์,เร่งด่วนเย็น (16:00-18:59),เสาร์,winter,26,6.0,29.0,51.0,3.25,6.4375,สูงมาก
เลย,กลางดึก (00:00-05:59),จันทร์,rainy,15,0.0,13.0,11.0,1.875,2.5625,ปานกลาง
เลย,กลางดึก (00:00-05:59),จันทร์,summer,8,1.0,3.0,4.0,1.0,1.25,ต่ำ
เลย,กลางดึก (00:00-05:59),จันทร์,winter,12,0.0,13.0,13.0,1.5,2.3125,ปานกลาง
เลย,กลางดึก (00:00-05:59),พฤหัสบดี,rainy,7,2.0,5.0,12.0,0.875,1.625,ปานกลาง
เลย,กลางดึก (00:00-05:59),พฤหัสบดี,summer,17,2.0,8.0,15.0,2.125,3.0625,สูง
เลย,กลางดึก (00:00-05:59),พฤหัสบดี,winter,15,3.0,13.0,26.0,1.875,3.5,สูง
เลย,กลางดึก (00:00-05:59),พุธ,rainy,13,1.0,7.0,10.0,1.625,2.25,ปานกลาง
เลย,กลางดึก (00:00-05:59),พุธ,summer,14,1.0,10.0,12.0,1.75,2.5,ปานกลาง
เลย,กลางดึก (00:00-05:59),พุธ,winter,19,3.0,11.0,20.0,2.375,3.625,สูง
เลย,กลางดึก (00:00-05:59),ศุกร์,rainy,18,2.0,11.0,18.0,2.25,3.375,สูง
เลย,กลางดึก (00:00-05:59),ศุกร์,summer,16,3.0,12.0,21.0,2.0,3.3125,สูง
เลย,กลางดึก (00:00-05:59),ศุกร์,winter,15,4.0,10.0,20.0,1.875,3.125,สูง
เลย,กลางดึก (00:00-05:59),อังคาร,rainy,17,1.0,19.0,22.0,2.125,3.5,สูง
เลย,กลางดึก (00:00-05:59),อังคาร,summer,13,2.0,9.0,16.0,1.625,2.625,ปานกลาง
เลย,กลางดึก (00:00-05:59),อังคาร,winter,11,6.0,11.0,32.0,1.375,3.375,สูง
เลย,กลางดึก (00:00-05:59),อาทิตย์,rainy,11,1.0,5.0,8.0,1.375,1.875,ปานกลาง
เลย,กลางดึก (00:00-05:59),อาทิตย์,summer,11,0.0,10.0,9.0,1.375,1.9375,ปานกลาง
เลย,กลางดึก (00:00-05:59),อาทิตย์,winter,22,2.0,19.0,22.0,2.75,4.125,สูง
เลย,กลางดึก (00:00-05:59),เสาร์,rainy,15,0.0,29.0,24.0,1.875,3.375,สูง
เลย,กลางดึก (00:00-05:59),เสาร์,summer,7,4.0,5.0,18.0,0.875,2.0,ปานกลาง
เลย,กลางดึก (00:00-05:59),เสาร์,winter,20,5.0,13.0,29.0,2.5,4.3125,สูง
เลย,กลางวัน (09:00-15:59),จันทร์,rainy,32,7.0,17.0,40.0,4.0,6.5,สูงมาก
เลย,กลางวัน (09:00-15:59),จันทร์,summer,30,4.0,26.0,31.0,3.75,5.6875,สูงมาก
เลย,กลางวัน (09:00-15:59),จันทร์,winter,38,4.0,52.0,66.0,4.75,8.875,สูงมาก
เลย,กลางวัน (09:00-15:59),พฤหัสบดี,rainy,19,2.0,17.0,24.0,2.375,3.875,สูง
เลย,กลางวัน (09:00-15:59),พฤหัสบดี,summer,25,2.0,19.0,24.0,3.125,4.625,สูง
เลย,กลางวัน (09:00-15:59),พฤหัสบดี,winter,26,3.0,48.0,57.0,3.25,6.8125,สูงมาก
เลย,กลางวัน (09:00-15:59),พุธ,rainy,24,2.0,10.0,14.0,3.0,3.875,สูง
เลย,กลางวัน (09:00-15:59),พุธ,summer,31,4.0,25.0,38.0,3.875,6.25,สูงมาก
เลย,กลางวัน (09:00-15:59),พุธ,winter,36,6.0,30.0,54.0,4.5,7.875,สูงมาก
เลย,กลางวัน (09:00-15:59),ศุกร์,rainy,33,2.0,30.0,35.0,4.125,6.3125,สูงมาก
เลย,กลางวัน (09:00-15:59),ศุกร์,summer,28,6.0,18.0,38.0,3.5,5.875,สูงมาก
เลย,กลางวัน (09:00-15:59),ศุกร์,winter,29,5.0,43.0,64.0,3.625,7.625,สูงมาก
เลย,กลางวัน (09:00-15:59),อังคาร,rainy,44,6.0,18.0,34.0,5.5,7.625,สูงมาก
เลย,กลางวัน (09:00-15:59),อังคาร,summer,31,4.0,25.0,33.0,3.875,5.9375,สูงมาก
เลย,กลางวัน (09:00-15:59),อังคาร,winter,29,1.0,29.0,32.0,3.625,5.625,สูงมาก
เลย,กลางวัน (09:00-15:59),อาทิตย์,rainy,18,0.0,21.0,20.0,2.25,3.5,สูง
เลย,กลางวัน (09:00-15:59),อาทิตย์,summer,21,6.0,19.0,43.0,2.625,5.3125,สูงมาก
เลย,กลางวัน (09:00-15:59),อาทิตย์,winter,26,5.0,20.0,31.0,3.25,5.1875,สูงมาก
เลย,กลางวัน (09:00-15:59),เสาร์,rainy,38,7.0,28.0,41.0,4.75,7.3125,สูงมาก
เลย,กลางวัน (09:00-15:59),เสาร์,summer,22,4.0,7.0,21.0,2.75,4.0625,สูง
เลย,กลางวัน (09:00-15:59),เสาร์,winter,33,5.0,37.0,56.0,4.125,7.625,สูงมาก
เลย,หัวค่ำ-ดึก (19:00-23:59),จันทร์,rainy,18,1.0,11.0,13.0,2.25,3.0625,สูง
เลย,หัวค่ำ-ดึก (19:00-23:59),จันทร์,summer,9,7.0,5.0,28.0,1.125,2.875,ปานกลาง
เลย,หัวค่ำ-ดึก (19:00-23:59),จันทร์,winter,15,2.0,7.0,13.0,1.875,2.6875,ปานกลาง
เลย,หัวค่ำ-ดึก (19:00-23:59),พฤหัสบดี,rainy,23,9.0,7.0,34.0,2.875,5.0,สูง
เลย,หัวค่ำ-ดึก (19:00-23:59),พฤหัสบดี,summer,17,2.0,21.0,28.0,2.125,3.875,สูง
เลย,หัวค่ำ-ดึก (19:00-23:59),พฤหัสบดี,winter,15,3.0,19.0,28.0,1.875,3.625,สูง
เลย,หัวค่ำ-ดึก (19:00-23:59),พุธ,rainy,20,2.0,8.0,12.0,2.5,3.25,สูง
เลย,หัวค่ำ-ดึก (19:00-23:59),พุธ,summer,18,8.0,13.0,36.0,2.25,4.5,สูง
เลย,หัวค่ำ-ดึก (19:00-23:59),พุธ,winter,24,5.0,15.0,30.0,3.0,4.875,สูง
เลย,หัวค่ำ-ดึก (19:00-23:59),ศุกร์,rainy,20,1.0,22.0,13.0,2.5,3.3125,สูง
เลย,หัวค่ำ-ดึก (19:00-23:59),ศุกร์,summer,18,5.0,12.0,23.0,2.25,3.6875,สูง
เลย,หัวค่ำ-ดึก (19:00-23:59),ศุกร์,winter,17,2.0,9.0,15.0,2.125,3.0625,สูง
เลย,หัวค่ำ-ดึก (19:00-23:59),อังคาร,rainy,17,2.0,7.0,14.0,2.125,3.0,สูง
เลย,หัวค่ำ-ดึก (19:00-23:59),อังคาร,summer,11,1.0,8.0,11.0,1.375,2.0625,ปานกลาง
เลย,หัวค่ำ-ดึก (19:00-23:59),อังคาร,winter,14,3.0,14.0,27.0,1.75,3.4375,สูง
เลย,หัวค่ำ-ดึก (19:00-23:59),อาทิตย์,rainy,16,7.0,14.0,41.0,2.0,4.5625,สูง
เลย,หัวค่ำ-ดึก (19:00-23:59),อาทิตย์,summer,16,1.0,18.0,12.0,2.0,2.75,ปานกลาง
เลย,หัวค่ำ-ดึก (19:00-23:59),อาทิตย์,winter,19,4.0,21.0,32.0,2.375,4.375,สูง
เลย,หัวค่ำ-ดึก (19:00-23:59),เสาร์,rainy,12,0.0,17.0,16.0,1.5,2.5,ปานกลาง
เลย,หัวค่ำ-ดึก (19:00-23:59),เสาร์,summer,12,3.0,6.0,14.0,1.5,2.375,ปานกลาง
เลย,หัวค่ำ-ดึก (19:00-23:59),เสาร์,winter,20,8.0,22.0,45.0,2.5,5.3125,สูงมาก
เลย,เร่งด่วนเช้า (06:00-08:59),จันทร์,rainy,13,2.0,5.0,11.0,1.625,2.3125,ปานกลาง
เลย,เร่งด่วนเช้า (06:00-08:59),จันทร์,summer,3,0.0,1.0,1.0,0.375,0.4375,ต่ำ
เลย,เร่งด่วนเช้า (06:00-08:59),จันทร์,winter,13,0.0,6.0,7.0,1.625,2.0625,ปานกลาง
เลย,เร่งด่วนเช้า (06:00-08:59),พฤหัสบดี,rainy,8,3.0,9.0,13.0,1.0,1.8125,ปานกลาง
เลย,เร่งด่วนเช้า (06:00-08:59),พฤหัสบดี,summer,15,4.0,4.0,16.0,1.875,2.875,ปานกลาง
เลย,เร่งด่วนเช้า (06:00-08:59),พฤหัสบดี,winter,13,2.0,7.0,15.0,1.625,2.5625,ปานกลาง
เลย,เร่งด่วนเช้า (06:00-08:59),พุธ,rainy,15,1.0,11.0,11.0,1.875,2.5625,ปานกลาง
เลย,เร่งด่วนเช้า (06:00-08:59),พุธ,summer,3,0.0,1.0,1.0,0.375,0.4375,ต่ำ
เลย,เร่งด่วนเช้า (06:00-08:59),พุธ,winter,7,0.0,7.0,7.0,0.875,1.3125,ต่ำ
เลย,เร่งด่วนเช้า (06:00-08:59),ศุกร์,rainy,4,2.0,7.0,13.0,0.5,1.3125,ต่ำ
เลย,เร่งด่วนเช้า (06:00-08:59),ศุกร์,summer,8,0.0,5.0,6.0,1.0,1.375,ต่ำ
เลย,เร่งด่วนเช้า (06:00-08:59),ศุกร์,winter,6,0.0,2.0,3.0,0.75,0.9375,ต่ำ
เลย,เร่งด่วนเช้า (06:00-08:59),อังคาร,rainy,13,0.0,13.0,6.0,1.625,2.0,ปานกลาง
เลย,เร่งด่วนเช้า (06:00-08:59),อังคาร,summer,9,0.0,4.0,4.0,1.125,1.375,ต่ำ
เลย,เร่งด่วนเช้า (06:00-08:59),อังคาร,winter,7,3.0,4.0,12.0,0.875,1.625,ปานกลาง
เลย,เร่งด่วนเช้า (06:00-08:59),อาทิตย์,rainy,7,4.0,4.0,17.0,0.875,1.9375,ปานกลาง
เลย,เร่งด่วนเช้า (06:00-08:59),อาทิตย์,summer,2,0.0,1.0,1.0,0.25,0.3125,ต่ำ
เลย,เร่งด่วนเช้า (06:00-08:59),อาทิตย์,winter,4,1.0,2.0,6.0,0.5,0.875,ต่ำ
เลย,เร่งด่วนเช้า (06:00-08:59),เสาร์,rainy,8,2.0,2.0,8.0,1.0,1.5,ต่ำ
เลย,เร่งด่วนเช้า (06:00-08:59),เสาร์,summer,6,2.0,5.0,13.0,0.75,1.5625,ต่ำ
เลย,เร่งด่วนเช้า (06:00-08:59),เสาร์,winter,7,2.0,7.0,14.0,0.875,1.75,ปานกลาง
เลย,เร่งด่วนเย็น (16:00-18:59),จันทร์,rainy,16,1.0,19.0,23.0,2.0,3.4375,สูง
เลย,เร่งด่วนเย็น (16:00-18:59),จันทร์,summer,13,2.0,7.0,16.0,1.625,2.625,ปานกลาง
เลย,เร่งด่วนเย็น (16:00-18:59),จันทร์,winter,20,3.0,16.0,23.0,2.5,3.9375,สูง
เลย,เร่งด่วนเย็น (16:00-18:59),พฤหัสบดี,rainy,9,0.0,5.0,6.0,1.125,1.5,ต่ำ
เลย,เร่งด่วนเย็น (16:00-18:59),พฤหัสบดี,summer,8,0.0,6.0,7.0,1.0,1.4375,ต่ำ
เลย,เร่งด่วนเย็น (16:00-18:59),พฤหัสบดี,winter,16,2.0,12.0,19.0,2.0,3.1875,สูง
เลย,เร่งด่วนเย็น (16:00-18:59),พุธ,rainy,12,4.0,8.0,19.0,1.5,2.6875,ปานกลาง
เลย,เร่งด่วนเย็น (16:00-18:59),พุธ,summer,10,3.0,3.0,10.0,1.25,1.875,ปานกลาง
เลย,เร่งด่วนเย็น (16:00-18:59),พุธ,winter,14,1.0,11.0,16.0,1.75,2.75,ปานกลาง
เลย,เร่งด่วนเย็น (16:00-18:59),ศุกร์,rainy,15,6.0,22.0,32.0,1.875,3.875,สูง
เลย,เร่งด่วนเย็น (16:00-18:59),ศุกร์,summer,10,7.0,10.0,32.0,1.25,3.25,สูง
เลย,เร่งด่วนเย็น (16:00-18:59),ศุกร์,winter,4,2.0,1.0,7.0,0.5,0.9375,ต่ำ
เลย,เร่งด่วนเย็น (16:00-18:59),อังคาร,rainy,15,3.0,15.0,22.0,1.875,3.25,สูง
เลย,เร่งด่วนเย็น (16:00-18:59),อังคาร,summer,12,0.0,13.0,13.0,1.5,2.3125,ปานกลาง
เลย,เร่งด่วนเย็น (16:00-18:59),อังคาร,winter,10,3.0,9.0,19.0,1.25,2.4375,ปานกลาง
เลย,เร่งด่วนเย็น (16:00-18:59),อาทิตย์,rainy,7,0.0,2.0,2.0,0.875,1.0,ต่ำ
เลย,เร่งด่วนเย็น (16:00-18:59),อาทิตย์,summer,17,3.0,24.0,31.0,2.125,4.0625,สูง
เลย,เร่งด่วนเย็น (16:00-18:59),อาทิตย์,winter,14,3.0,10.0,18.0,1.75,2.875,ปานกลาง
เลย,เร่งด่วนเย็น (16:00-18:59),เสาร์,rainy,9,3.0,5.0,12.0,1.125,1.875,ปานกลาง
เลย,เร่งด่วนเย็น (16:00-18:59),เสาร์,summer,14,2.0,14.0,19.0,1.75,2.9375,สูง
เลย,เร่งด่วนเย็น (16:00-18:59),เสาร์,winter,14,2.0,11.0,14.0,1.75,2.625,ปานกลาง
แพร่,กลางดึก (00:00-05:59),จันทร์,rainy,17,0.0,9.0,11.0,2.125,2.8125,ปานกลาง
แพร่,กลางดึก (00:00-05:59),จันทร์,summer,13,1.0,8.0,12.0,1.625,2.375,ปานกลาง
แพร่,กลางดึก (00:00-05:59),จันทร์,winter,18,1.0,10.0,14.0,2.25,3.125,สูง
แพร่,กลางดึก (00:00-05:59),พฤหัสบดี,rainy,21,1.0,14.0,19.0,2.625,3.8125,สูง
แพร่,กลางดึก (00:00-05:59),พฤหัสบดี,summer,10,0.0,14.0,14.0,1.25,2.125,ปานกลาง
แพร่,กลางดึก (00:00-05:59),พฤหัสบดี,winter,24,1.0,19.0,27.0,3.0,4.6875,สูง
แพร่,กลางดึก (00:00-05:59),พุธ,rainy,14,1.0,2.0,4.0,1.75,2.0,ปานกลาง
แพร่,กลางดึก (00:00-05:59),พุธ,summer,17,0.0,8.0,11.0,2.125,2.8125,ปานกลาง
แพร่,กลางดึก (00:00-05:59),พุธ,winter,20,2.0,17.0,23.0,2.5,3.9375,สูง
แพร่,กลางดึก (00:00-05:59),ศุกร์,rainy,22,3.0,7.0,15.0,2.75,3.6875,สูง
แพร่,กลางดึก (00:00-05:59),ศุกร์,summer,10,0.0,3.0,5.0,1.25,1.5625,ต่ำ
แพร่,กลางดึก (00:00-05:59),ศุกร์,winter,15,4.0,11.0,25.0,1.875,3.4375,สูง
แพร่,กลางดึก (00:00-05:59),อังคาร,rainy,22,6.0,13.0,34.0,2.75,4.875,สูง
แพร่,กลางดึก (00:00-05:59),อังคาร,summer,19,1.0,11.0,20.0,2.375,3.625,สูง
แพร่,กลางดึก (00:00-05:59),อังคาร,winter,17,2.0,8.0,14.0,2.125,3.0,สูง
แพร่,กลางดึก (00:00-05:59),อาทิตย์,rainy,24,3.0,13.0,24.0,3.0,4.5,สูง
แพร่,กลางดึก (00:00-05:59),อาทิตย์,summer,25,1.0,11.0,15.0,3.125,4.0625,สูง
แพร่,กลางดึก (00:00-05:59),อาทิตย์,winter,21,4.0,7.0,21.0,2.625,3.9375,สูง
แพร่,กลางดึก (00:00-05:59),เสาร์,rainy,29,1.0,21.0,28.0,3.625,5.375,สูงมาก
แพร่,กลางดึก (00:00-05:59),เสาร์,summer,25,2.0,10.0,16.0,3.125,4.125,สูง
แพร่,กลางดึก (00:00-05:59),เสาร์,winter,32,3.0,30.0,46.0,4.0,6.875,สูงมาก
แพร่,กลางวัน (09:00-15:59),จันทร์,rainy,98,7.0,35.0,55.0,12.25,15.6875,สูงมาก
แพร่,กลางวัน (09:00-15:59),จันทร์,summer,56,4.0,38.0,49.0,7.0,10.0625,สูงมาก
แพร่,กลางวัน (09:00-15:59),จันทร์,winter,40,1.0,26.0,29.0,5.0,6.8125,สูงมาก
แพร่,กลางวัน (09:00-15:59),พฤหัสบดี,rainy,63,4.0,39.0,54.0,7.875,11.25,สูงมาก
แพร่,กลางวัน (09:00-15:59),พฤหัสบดี,summer,42,4.0,30.0,40.0,5.25,7.75,สูงมาก
แพร่,กลางวัน (09:00-15:59),พฤหัสบดี,winter,43,2.0,33.0,42.0,5.375,8.0,สูงมาก
แพร่,กลางวัน (09:00-15:59),พุธ,rainy,76,1.0,43.0,41.0,9.5,12.0625,สูงมาก
แพร่,กลางวัน (09:00-15:59),พุธ,summer,40,3.0,32.0,43.0,5.0,7.6875,สูงมาก
แพร่,กลางวัน (09:00-15:59),พุธ,winter,45,3.0,28.0,37.0,5.625,7.9375,สูงมาก
แพร่,กลางวัน (09:00-15:59),ศุกร์,rainy,53,1.0,28.0,30.0,6.625,8.5,สูงมาก
แพร่,กลางวัน (09:00-15:59),ศุกร์,summer,45,6.0,26.0,38.0,5.625,8.0,สูงมาก
แพร่,กลางวัน (09:00-15:59),ศุกร์,winter,51,1.0,42.0,49.0,6.375,9.4375,สูงมาก
แพร่,กลางวัน (09:00-15:59),อังคาร,rainy,59,3.0,30.0,41.0,7.375,9.9375,สูงมาก
แพร่,กลางวัน (09:00-15:59),อังคาร,summer,41,2.0,41.0,48.0,5.125,8.125,สูงมาก
แพร่,กลางวัน (09:00-15:59),อังคาร,winter,62,5.0,42.0,60.0,7.75,11.5,สูงมาก
แพร่,กลางวัน (09:00-15:59),อาทิตย์,rainy,59,3.0,40.0,48.0,7.375,10.375,สูงมาก
แพร่,กลางวัน (09:00-15:59),อาทิตย์,summer,56,8.0,25.0,47.0,7.0,9.9375,สูงมาก
แพร่,กลางวัน (09:00-15:59),อาทิตย์,winter,48,6.0,35.0,60.0,6.0,9.75,สูงมาก
แพร่,กลางวัน (09:00-15:59),เสาร์,rainy,65,3.0,43.0,54.0,8.125,11.5,สูงมาก
แพร่,กลางวัน (09:00-15:59),เสาร์,summer,34,2.0,28.0,35.0,4.25,6.4375,สูงมาก
แพร่,กลางวัน (09:00-15:59),เสาร์,winter,72,2.0,47.0,50.0,9.0,12.125,สูงมาก
แพร่,หัวค่ำ-ดึก (19:00-23:59),จันทร์,rainy,36,2.0,28.0,38.0,4.5,6.875,สูงมาก
แพร่,หัวค่ำ-ดึก (19:00-23:59),จันทร์,summer,29,3.0,21.0,36.0,3.625,5.875,สูงมาก
แพร่,หัวค่ำ-ดึก (19:00-23:59),จันทร์,winter,27,3.0,18.0,27.0,3.375,5.0625,สูงมาก
แพร่,หัวค่ำ-ดึก (19:00-23:59),พฤหัสบดี,rainy,25,2.0,18.0,27.0,3.125,4.8125,สูง
แพร่,หัวค่ำ-ดึก (19:00-23:59),พฤหัสบดี,summer,22,4.0,10.0,23.0,2.75,4.1875,สูง
แพร่,หัวค่ำ-ดึก (19:00-23:59),พฤหัสบดี,winter,36,6.0,26.0,50.0,4.5,7.625,สูงมาก
แพร่,หัวค่ำ-ดึก (19:00-23:59),พุธ,rainy,33,5.0,18.0,35.0,4.125,6.3125,สูงมาก
แพร่,หัวค่ำ-ดึก (19:00-23:59),พุธ,summer,35,4.0,16.0,29.0,4.375,6.1875,สูงมาก
แพร่,หัวค่ำ-ดึก (19:00-23:59),พุธ,winter,29,5.0,23.0,45.0,3.625,6.4375,สูงมาก
แพร่,หัวค่ำ-ดึก (19:00-23:59),ศุกร์,rainy,49,7.0,39.0,56.0,6.125,9.625,สูงมาก
แพร่,หัวค่ำ-ดึก (19:00-23:59),ศุกร์,summer,44,4.0,52.0,36.0,5.5,7.75,สูงมาก
แพร่,หัวค่ำ-ดึก (19:00-23:59),ศุกร์,winter,33,4.0,27.0,39.0,4.125,6.5625,สูงมาก
แพร่,หัวค่ำ-ดึก (19:00-23:59),อังคาร,rainy,36,5.0,34.0,57.0,4.5,8.0625,สูงมาก
แพร่,หัวค่ำ-ดึก (19:00-23:59),อังคาร,summer,25,4.0,17.0,32.0,3.125,5.125,สูงมาก
แพร่,หัวค่ำ-ดึก (19:00-23:59),อังคาร,winter,39,6.0,27.0,50.0,4.875,8.0,สูงมาก
แพร่,หัวค่ำ-ดึก (19:00-23:59),อาทิตย์,rainy,32,5.0,14.0,32.0,4.0,6.0,สูงมาก
แพร่,หัวค่ำ-ดึก (19:00-23:59),อาทิตย์,summer,21,1.0,13.0,17.0,2.625,3.6875,สูง
แพร่,หัวค่ำ-ดึก (19:00-23:59),อาทิตย์,winter,35,6.0,24.0,40.0,4.375,6.875,สูงมาก
แพร่,หัวค่ำ-ดึก (19:00-23:59),เสาร์,rainy,35,7.0,33.0,55.0,4.375,7.8125,สูงมาก
แพร่,หัวค่ำ-ดึก (19:00-23:59),เสาร์,summer,23,2.0,16.0,23.0,2.875,4.3125,สูง
แพร่,หัวค่ำ-ดึก (19:00-23:59),เสาร์,winter,27,6.0,12.0,29.0,3.375,5.1875,สูงมาก
แพร่,เร่งด่วนเช้า (06:00-08:59),จันทร์,rainy,36,3.0,21.0,22.0,4.5,5.875,สูงมาก
แพร่,เร่งด่วนเช้า (06:00-08:59),จันทร์,summer,12,0.0,3.0,4.0,1.5,1.75,ปานกลาง
แพร่,เร่งด่วนเช้า (06:00-08:59),จันทร์,winter,12,1.0,6.0,9.0,1.5,2.0625,ปานกลาง
แพร่,เร่งด่วนเช้า (06:00-08:59),พฤหัสบดี,rainy,23,2.0,12.0,17.0,2.875,3.9375,สูง
แพร่,เร่งด่วนเช้า (06:00-08:59),พฤหัสบดี,summer,12,0.0,6.0,1.0,1.5,1.5625,ต่ำ
แพร่,เร่งด่วนเช้า (06:00-08:59),พฤหัสบดี,winter,9,0.0,7.0,9.0,1.125,1.6875,ปานกลาง
แพร่,เร่งด่วนเช้า (06:00-08:59),พุธ,rainy,18,1.0,11.0,14.0,2.25,3.125,สูง
แพร่,เร่งด่วนเช้า (06:00-08:59),พุธ,summer,15,0.0,8.0,7.0,1.875,2.3125,ปานกลาง
แพร่,เร่งด่วนเช้า (06:00-08:59),พุธ,winter,13,1.0,6.0,10.0,1.625,2.25,ปานกลาง
แพร่,เร่งด่วนเช้า (06:00-08:59),ศุกร์,rainy,15,1.0,9.0,10.0,1.875,2.5,ปานกลาง
แพร่,เร่งด่วนเช้า (06:00-08:59),ศุกร์,summer,15,1.0,8.0,12.0,1.875,2.625,ปานกลาง
แพร่,เร่งด่วนเช้า (06:00-08:59),ศุกร์,winter,21,1.0,15.0,16.0,2.625,3.625,สูง
แพร่,เร่งด่วนเช้า (06:00-08:59),อังคาร,rainy,22,1.0,16.0,19.0,2.75,3.9375,สูง
แพร่,เร่งด่วนเช้า (06:00-08:59),อังคาร,summer,5,0.0,4.0,4.0,0.625,0.875,ต่ำ
แพร่,เร่งด่วนเช้า (06:00-08:59),อังคาร,winter,18,3.0,27.0,48.0,2.25,5.25,สูงมาก
แพร่,เร่งด่วนเช้า (06:00-08:59),อาทิตย์,rainy,20,1.0,6.0,9.0,2.5,3.0625,สูง
แพร่,เร่งด่วนเช้า (06:00-08:59),อาทิตย์,summer,17,1.0,10.0,16.0,2.125,3.125,สูง
แพร่,เร่งด่วนเช้า (06:00-08:59),อาทิตย์,winter,16,1.0,11.0,12.0,2.0,2.75,ปานกลาง
แพร่,เร่งด่วนเช้า (06:00-08:59),เสาร์,rainy,13,1.0,5.0,8.0,1.625,2.125,ปานกลาง
แพร่,เร่งด่วนเช้า (06:00-08:59),เสาร์,summer,9,0.0,9.0,10.0,1.125,1.75,ปานกลาง
แพร่,เร่งด่วนเช้า (06:00-08:59),เสาร์,winter,18,1.0,14.0,17.0,2.25,3.3125,สูง
แพร่,เร่งด่วนเย็น (16:00-18:59),จันทร์,rainy,42,1.0,25.0,29.0,5.25,7.0625,สูงมาก
แพร่,เร่งด่วนเย็น (16:00-18:59),จันทร์,summer,22,1.0,10.0,12.0,2.75,3.5,สูง
แพร่,เร่งด่วนเย็น (16:00-18:59),จันทร์,winter,26,0.0,22.0,24.0,3.25,4.75,สูง
แพร่,เร่งด่วนเย็น (16:00-18:59),พฤหัสบดี,rainy,32,1.0,20.0,20.0,4.0,5.25,สูงมาก
แพร่,เร่งด่วนเย็น (16:00-18:59),พฤหัสบดี,summer,33,5.0,36.0,53.0,4.125,7.4375,สูงมาก
แพร่,เร่งด่วนเย็น (16:00-18:59),พฤหัสบดี,winter,41,5.0,41.0,59.0,5.125,8.8125,สูงมาก
แพร่,เร่งด่วนเย็น (16:00-18:59),พุธ,rainy,47,0.0,28.0,30.0,5.875,7.75,สูงมาก
แพร่,เร่งด่วนเย็น (16:00-18:59),พุธ,summer,17,0.0,12.0,13.0,2.125,2.9375,สูง
แพร่,เร่งด่วนเย็น (16:00-18:59),พุธ,winter,23,1.0,19.0,22.0,2.875,4.25,สูง
แพร่,เร่งด่วนเย็น (16:00-18:59),ศุกร์,rainy,37,3.0,21.0,35.0,4.625,6.8125,สูงมาก
แพร่,เร่งด่วนเย็น (16:00-18:59),ศุกร์,summer,38,1.0,29.0,39.0,4.75,7.1875,สูงมาก
แพร่,เร่งด่วนเย็น (16:00-18:59),ศุกร์,winter,34,6.0,23.0,43.0,4.25,6.9375,สูงมาก
แพร่,เร่งด่วนเย็น (16:00-18:59),อังคาร,rainy,39,5.0,18.0,35.0,4.875,7.0625,สูงมาก
แพร่,เร่งด่วนเย็น (16:00-18:59),อังคาร,summer,26,0.0,34.0,34.0,3.25,5.375,สูงมาก
แพร่,เร่งด่วนเย็น (16:00-18:59),อังคาร,winter,24,2.0,15.0,25.0,3.0,4.5625,สูง
แพร่,เร่งด่วนเย็น (16:00-18:59),อาทิตย์,rainy,34,1.0,17.0,22.0,4.25,5.625,สูงมาก
แพร่,เร่งด่วนเย็น (16:00-18:59),อาทิตย์,summer,23,1.0,11.0,14.0,2.875,3.75,สูง
แพร่,เร่งด่วนเย็น (16:00-18:59),อาทิตย์,winter,25,3.0,19.0,28.0,3.125,4.875,สูง
แพร่,เร่งด่วนเย็น (16:00-18:59),เสาร์,rainy,46,5.0,26.0,36.0,5.75,8.0,สูงมาก
แพร่,เร่งด่วนเย็น (16:00-18:59),เสาร์,summer,23,0.0,14.0,14.0,2.875,3.75,สูง
แพร่,เร่งด่วนเย็น (16:00-18:59),เสาร์,winter,28,6.0,15.0,30.0,3.5,5.375,สูงมาก
แม่ฮ่องสอน,กลางดึก (00:00-05:59),จันทร์,rainy,1,0.0,1.0,1.0,0.125,0.1875,ต่ำ
แม่ฮ่องสอน,กลางดึก (00:00-05:59),จันทร์,summer,2,1.0,1.0,3.0,0.25,0.4375,ต่ำ
แม่ฮ่องสอน,กลางดึก (00:00-05:59),จันทร์,winter,2,1.0,1.0,5.0,0.25,0.5625,ต่ำ
แม่ฮ่องสอน,กลางดึก (00:00-05:59),พฤหัสบดี,summer,6,0.0,5.0,4.0,0.75,1.0,ต่ำ
แม่ฮ่องสอน,กลางดึก (00:00-05:59),พฤหัสบดี,winter,4,2.0,3.0,8.0,0.5,1.0,ต่ำ
แม่ฮ่องสอน,กลางดึก (00:00-05:59),พุธ,rainy,3,0.0,2.0,3.0,0.375,0.5625,ต่ำ
แม่ฮ่องสอน,กลางดึก (00:00-05:59),พุธ,winter,2,0.0,1.0,1.0,0.25,0.3125,ต่ำ
แม่ฮ่องสอน,กลางดึก (00:00-05:59),ศุกร์,rainy,1,0.0,0.0,0.0,0.125,0.125,ต่ำ
แม่ฮ่องสอน,กลางดึก (00:00-05:59),ศุกร์,summer,2,0.0,1.0,1.0,0.25,0.3125,ต่ำ
แม่ฮ่องสอน,กลางดึก (00:00-05:59),ศุกร์,winter,3,0.0,2.0,3.0,0.375,0.5625,ต่ำ
แม่ฮ่องสอน,กลางดึก (00:00-05:59),อังคาร,winter,2,0.0,4.0,2.0,0.25,0.375,ต่ำ
แม่ฮ่องสอน,กลางดึก (00:00-05:59),อาทิตย์,rainy,2,0.0,2.0,3.0,0.25,0.4375,ต่ำ
แม่ฮ่องสอน,กลางดึก (00:00-05:59),อาทิตย์,summer,1,0.0,0.0,0.0,0.125,0.125,ต่ำ
แม่ฮ่องสอน,กลางดึก (00:00-05:59),อาทิตย์,winter,5,0.0,3.0,3.0,0.625,0.8125,ต่ำ
แม่ฮ่องสอน,กลางดึก (00:00-05:59),เสาร์,rainy,2,0.0,2.0,0.0,0.25,0.25,ต่ำ
แม่ฮ่องสอน,กลางดึก (00:00-05:59),เสาร์,summer,3,1.0,2.0,6.0,0.375,0.75,ต่ำ
แม่ฮ่องสอน,กลางดึก (00:00-05:59),เสาร์,winter,4,0.0,2.0,2.0,0.5,0.625,ต่ำ
แม่ฮ่องสอน,กลางวัน (09:00-15:59),จันทร์,rainy,12,4.0,11.0,21.0,1.5,2.8125,ปานกลาง
แม่ฮ่องสอน,กลางวัน (09:00-15:59),จันทร์,summer,7,0.0,6.0,9.0,0.875,1.4375,ต่ำ
แม่ฮ่องสอน,กลางวัน (09:00-15:59),จันทร์,winter,18,1.0,23.0,18.0,2.25,3.375,สูง
แม่ฮ่องสอน,กลางวัน (09:00-15:59),พฤหัสบดี,rainy,8,1.0,6.0,7.0,1.0,1.4375,ต่ำ
แม่ฮ่องสอน,กลางวัน (09:00-15:59),พฤหัสบดี,summer,2,1.0,0.0,3.0,0.25,0.4375,ต่ำ
แม่ฮ่องสอน,กลางวัน (09:00-15:59),พฤหัสบดี,winter,16,0.0,11.0,11.0,2.0,2.6875,ปานกลาง
แม่ฮ่องสอน,กลางวัน (09:00-15:59),พุธ,rainy,9,0.0,6.0,3.0,1.125,1.3125,ต่ำ
แม่ฮ่องสอน,กลางวัน (09:00-15:59),พุธ,summer,9,0.0,10.0,9.0,1.125,1.6875,ปานกลาง
แม่ฮ่องสอน,กลางวัน (09:00-15:59),พุธ,winter,14,0.0,19.0,19.0,1.75,2.9375,สูง
แม่ฮ่องสอน,กลางวัน (09:00-15:59),ศุกร์,rainy,8,2.0,9.0,14.0,1.0,1.875,ปานกลาง
แม่ฮ่องสอน,กลางวัน (09:00-15:59),ศุกร์,summer,11,4.0,6.0,19.0,1.375,2.5625,ปานกลาง
แม่ฮ่องสอน,กลางวัน (09:00-15:59),ศุกร์,winter,10,1.0,9.0,12.0,1.25,2.0,ปานกลาง
แม่ฮ่องสอน,กลางวัน (09:00-15:59),อังคาร,rainy,9,0.0,5.0,4.0,1.125,1.375,ต่ำ
แม่ฮ่องสอน,กลางวัน (09:00-15:59),อังคาร,summer,6,1.0,10.0,12.0,0.75,1.5,ต่ำ
แม่ฮ่องสอน,กลางวัน (09:00-15:59),อังคาร,winter,20,6.0,24.0,41.0,2.5,5.0625,สูงมาก
แม่ฮ่องสอน,กลางวัน (09:00-15:59),อาทิตย์,rainy,8,0.0,8.0,7.0,1.0,1.4375,ต่ำ
แม่ฮ่องสอน,กลางวัน (09:00-15:59),อาทิตย์,summer,12,1.0,25.0,29.0,1.5,3.3125,สูง
แม่ฮ่องสอน,กลางวัน (09:00-15:59),อาทิตย์,winter,18,8.0,39.0,74.0,2.25,6.875,สูงมาก
แม่ฮ่องสอน,กลางวัน (09:00-15:59),เสาร์,rainy,8,1.0,15.0,19.0,1.0,2.1875,ปานกลาง
แม่ฮ่องสอน,กลางวัน (09:00-15:59),เสาร์,summer,10,1.0,10.0,13.0,1.25,2.0625,ปานกลาง
แม่ฮ่องสอน,กลางวัน (09:00-15:59),เสาร์,winter,18,1.0,25.0,26.0,2.25,3.875,สูง
แม่ฮ่องสอน,หัวค่ำ-ดึก (19:00-23:59),จันทร์,rainy,8,2.0,4.0,10.0,1.0,1.625,ปานกลาง
แม่ฮ่องสอน,หัวค่ำ-ดึก (19:00-23:59),จันทร์,summer,6,0.0,6.0,4.0,0.75,1.0,ต่ำ
แม่ฮ่องสอน,หัวค่ำ-ดึก (19:00-23:59),จันทร์,winter,2,0.0,1.0,0.0,0.25,0.25,ต่ำ
แม่ฮ่องสอน,หัวค่ำ-ดึก (19:00-23:59),พฤหัสบดี,rainy,4,0.0,0.0,0.0,0.5,0.5,ต่ำ
แม่ฮ่องสอน,หัวค่ำ-ดึก (19:00-23:59),พฤหัสบดี,summer,5,1.0,5.0,10.0,0.625,1.25,ต่ำ
แม่ฮ่องสอน,หัวค่ำ-ดึก (19:00-23:59),พฤหัสบดี,winter,4,2.0,16.0,26.0,0.5,2.125,ปานกลาง
แม่ฮ่องสอน,หัวค่ำ-ดึก (19:00-23:59),พุธ,rainy,2,0.0,1.0,1.0,0.25,0.3125,ต่ำ
แม่ฮ่องสอน,หัวค่ำ-ดึก (19:00-23:59),พุธ,summer,3,1.0,6.0,10.0,0.375,1.0,ต่ำ
แม่ฮ่องสอน,หัวค่ำ-ดึก (19:00-23:59),พุธ,winter,5,0.0,5.0,6.0,0.625,1.0,ต่ำ
แม่ฮ่องสอน,หัวค่ำ-ดึก (19:00-23:59),ศุกร์,rainy,4,1.0,2.0,5.0,0.5,0.8125,ต่ำ
แม่ฮ่องสอน,หัวค่ำ-ดึก (19:00-23:59),ศุกร์,summer,3,0.0,2.0,2.0,0.375,0.5,ต่ำ
แม่ฮ่องสอน,หัวค่ำ-ดึก (19:00-23:59),ศุกร์,winter,4,0.0,4.0,1.0,0.5,0.5625,ต่ำ
แม่ฮ่องสอน,หัวค่ำ-ดึก (19:00-23:59),อังคาร,rainy,7,1.0,3.0,4.0,0.875,1.125,ต่ำ
แม่ฮ่องสอน,หัวค่ำ-ดึก (19:00-23:59),อังคาร,summer,5,0.0,5.0,5.0,0.625,0.9375,ต่ำ
แม่ฮ่องสอน,หัวค่ำ-ดึก (19:00-23:59),อังคาร,winter,10,0.0,7.0,9.0,1.25,1.8125,ปานกลาง
แม่ฮ่องสอน,หัวค่ำ-ดึก (19:00-23:59),อาทิตย์,rainy,4,1.0,1.0,4.0,0.5,0.75,ต่ำ
แม่ฮ่องสอน,หัวค่ำ-ดึก (19:00-23:59),อาทิตย์,summer,5,0.0,3.0,4.0,0.625,0.875,ต่ำ
แม่ฮ่องสอน,หัวค่ำ-ดึก (19:00-23:59),อาทิตย์,winter,4,1.0,6.0,9.0,0.5,1.0625,ต่ำ
แม่ฮ่องสอน,หัวค่ำ-ดึก (19:00-23:59),เสาร์,rainy,3,0.0,3.0,3.0,0.375,0.5625,ต่ำ
แม่ฮ่องสอน,หัวค่ำ-ดึก (19:00-23:59),เสาร์,summer,9,2.0,8.0,14.0,1.125,2.0,ปานกลาง
แม่ฮ่องสอน,หัวค่ำ-ดึก (19:00-23:59),เสาร์,winter,6,0.0,1.0,2.0,0.75,0.875,ต่ำ
แม่ฮ่องสอน,เร่งด่วนเช้า (06:00-08:59),จันทร์,rainy,3,1.0,2.0,3.0,0.375,0.5625,ต่ำ
แม่ฮ่องสอน,เร่งด่วนเช้า (06:00-08:59),จันทร์,summer,3,1.0,2.0,5.0,0.375,0.6875,ต่ำ
แม่ฮ่องสอน,เร่งด่วนเช้า (06:00-08:59),จันทร์,winter,2,0.0,2.0,2.0,0.25,0.375,ต่ำ
แม่ฮ่องสอน,เร่งด่วนเช้า (06:00-08:59),พฤหัสบดี,rainy,3,0.0,1.0,1.0,0.375,0.4375,ต่ำ
แม่ฮ่องสอน,เร่งด่วนเช้า (06:00-08:59),พฤหัสบดี,summer,5,1.0,2.0,4.0,0.625,0.875,ต่ำ
แม่ฮ่องสอน,เร่งด่วนเช้า (06:00-08:59),พฤหัสบดี,winter,4,0.0,2.0,1.0,0.5,0.5625,ต่ำ
แม่ฮ่องสอน,เร่งด่วนเช้า (06:00-08:59),พุธ,rainy,3,0.0,1.0,1.0,0.375,0.4375,ต่ำ
แม่ฮ่องสอน,เร่งด่วนเช้า (06:00-08:59),พุธ,summer,1,0.0,1.0,1.0,0.125,0.1875,ต่ำ
แม่ฮ่องสอน,เร่งด่วนเช้า (06:00-08:59),พุธ,winter,4,0.0,6.0,6.0,0.5,0.875,ต่ำ
แม่ฮ่องสอน,เร่งด่วนเช้า (06:00-08:59),ศุกร์,rainy,2,2.0,1.0,7.0,0.25,0.6875,ต่ำ
แม่ฮ่องสอน,เร่งด่วนเช้า (06:00-08:59),ศุกร์,summer,2,2.0,0.0,6.0,0.25,0.625,ต่ำ
แม่ฮ่องสอน,เร่งด่วนเช้า (06:00-08:59),ศุกร์,winter,3,0.0,2.0,1.0,0.375,0.4375,ต่ำ
แม่ฮ่องสอน,เร่งด่วนเช้า (06:00-08:59),อังคาร,rainy,2,0.0,4.0,4.0,0.25,0.5,ต่ำ
แม่ฮ่องสอน,เร่งด่วนเช้า (06:00-08:59),อังคาร,summer,3,2.0,0.0,6.0,0.375,0.75,ต่ำ
แม่ฮ่องสอน,เร่งด่วนเช้า (06:00-08:59),อังคาร,winter,2,0.0,2.0,2.0,0.25,0.375,ต่ำ
แม่ฮ่องสอน,เร่งด่วนเช้า (06:00-08:59),อาทิตย์,rainy,3,1.0,0.0,3.0,0.375,0.5625,ต่ำ
แม่ฮ่องสอน,เร่งด่วนเช้า (06:00-08:59),เสาร์,rainy,3,0.0,0.0,0.0,0.375,0.375,ต่ำ
แม่ฮ่องสอน,เร่งด่วนเช้า (06:00-08:59),เสาร์,summer,2,0.0,0.0,0.0,0.25,0.25,ต่ำ
แม่ฮ่องสอน,เร่งด่วนเช้า (06:00-08:59),เสาร์,winter,3,1.0,1.0,4.0,0.375,0.625,ต่ำ
แม่ฮ่องสอน,เร่งด่วนเย็น (16:00-18:59),จันทร์,rainy,6,2.0,11.0,17.0,0.75,1.8125,ปานกลาง
แม่ฮ่องสอน,เร่งด่วนเย็น (16:00-18:59),จันทร์,summer,7,0.0,3.0,4.0,0.875,1.125,ต่ำ
แม่ฮ่องสอน,เร่งด่วนเย็น (16:00-18:59),จันทร์,winter,9,0.0,16.0,19.0,1.125,2.3125,ปานกลาง
แม่ฮ่องสอน,เร่งด่วนเย็น (16:00-18:59),พฤหัสบดี,rainy,9,1.0,6.0,8.0,1.125,1.625,ปานกลาง
แม่ฮ่องสอน,เร่งด่วนเย็น (16:00-18:59),พฤหัสบดี,summer,3,1.0,3.0,7.0,0.375,0.8125,ต่ำ
แม่ฮ่องสอน,เร่งด่วนเย็น (16:00-18:59),พฤหัสบดี,winter,8,0.0,7.0,8.0,1.0,1.5,ต่ำ
แม่ฮ่องสอน,เร่งด่วนเย็น (16:00-18:59),พุธ,rainy,6,0.0,2.0,2.0,0.75,0.875,ต่ำ
แม่ฮ่องสอน,เร่งด่วนเย็น (16:00-18:59),พุธ,summer,6,1.0,14.0,9.0,0.75,1.3125,ต่ำ
แม่ฮ่องสอน,เร่งด่วนเย็น (16:00-18:59),พุธ,winter,10,1.0,11.0,7.0,1.25,1.6875,ปานกลาง
แม่ฮ่องสอน,เร่งด่วนเย็น (16:00-18:59),ศุกร์,rainy,6,2.0,0.0,6.0,0.75,1.125,ต่ำ
แม่ฮ่องสอน,เร่งด่วนเย็น (16:00-18:59),ศุกร์,summer,4,0.0,4.0,4.0,0.5,0.75,ต่ำ
แม่ฮ่องสอน,เร่งด่วนเย็น (16:00-18:59),ศุกร์,winter,4,0.0,7.0,3.0,0.5,0.6875,ต่ำ
แม่ฮ่องสอน,เร่งด่วนเย็น (16:00-18:59),อังคาร,rainy,9,1.0,3.0,6.0,1.125,1.5,ต่ำ
แม่ฮ่องสอน,เร่งด่วนเย็น (16:00-18:59),อังคาร,summer,6,1.0,6.0,11.0,0.75,1.4375,ต่ำ
แม่ฮ่องสอน,เร่งด่วนเย็น (16:00-18:59),อังคาร,winter,3,0.0,4.0,4.0,0.375,0.625,ต่ำ
แม่ฮ่องสอน,เร่งด่วนเย็น (16:00-18:59),อาทิตย์,rainy,4,1.0,4.0,7.0,0.5,0.9375,ต่ำ
แม่ฮ่องสอน,เร่งด่วนเย็น (16:00-18:59),อาทิตย์,summer,5,2.0,8.0,10.0,0.625,1.25,ต่ำ
แม่ฮ่องสอน,เร่งด่วนเย็น (16:00-18:59),อาทิตย์,winter,12,0.0,17.0,16.0,1.5,2.5,ปานกลาง
แม่ฮ่องสอน,เร่งด่วนเย็น (16:00-18:59),เสาร์,rainy,4,0.0,3.0,3.0,0.5,0.6875,ต่ำ
แม่ฮ่องสอน,เร่งด่วนเย็น (16:00-18:59),เสาร์,summer,6,1.0,6.0,8.0,0.75,1.25,ต่ำ
แม่ฮ่องสอน,เร่งด่วนเย็น (16:00-18:59),เสาร์,winter,7,2.0,6.0,10.0,0.875,1.5,ต่ำ
